user_id,username,full_name,department,role,location,hostname,device_id,status,hire_date,termination_date,manager_username
EMP12741,OMKAAR.CHANA52,Omkaar Chana,supply_chain,Administrator,branch_office,LPT-12741,,active,1736578363,not available,manager780
EMP11307,ethan.narasimhan97,Ethan Narasimhan,legal,Manager,head_office,VDR-11307,dev42831,active,18/05/2026 23:12,,manager881
EMP11601,ethan.choudhry47,Ethan Choudhry,marketing,Director,,WS-11601,dev40763,active,14/01/2023 09:22,,manager809
EMP12621,vedant_panchal60,Vedant Panchal,support,Analyst,head_office,LPT-12621,DEV-95371,active,1656531399,NA,manager886
EMP12029,  gayathri.mohanty65  ,Gayathri Mohanty,research_development,Executive,work_from_home,LPT-12029,dev 51958,active,2021/09/01,,manager867
EMP11950,GARIMA.CHAUDHARY44,Garima Chaudhary,call_center,Executive,,LPT-11950,dev13049,active,2023-12-30T17:13:00,NA,  manager521  
EMP12718,  vrishti.dewan18  ,Vrishti Dewan,compliance,Officer,warehouse,LPT-12718,DEV-46814,active,2021-06-21 08:34:45,,manager544
EMP10184,,Varsha Mall,information_technology,Director,remote,WS-10184,dev 12128,active,28/07/2020 21:36,NA,MANAGER850
EMP12400,peter.sama77,Peter Sama,information_technology,Specialist,work_from_home,VDR-12400,,active,06-13-2026 07:10:36 PM,NA,manager829
EMP10194,ayush.dua87,Ayush Dua,research_development,Analyst,branch_office,LPT-10194,DEV-40932,open,2023-02-12 03:25:50,not available,manager680
EMP12798,abhimanyu.trivedi4,Abhimanyu Trivedi,sales_team,Specialist,data_center,WS-12798,DEV31013,active,2026-04-13 04:15:33,NA,manager344
EMP11195,christopher.toor37,Christopher Toor,legal,Director,work_from_home,VDR-11195,DEV99205,active,02-13-2023 09:32:23 AM,,manager739
EMP11406,urishilla.bhatt88,Urishilla Bhatt,sales,Specialist,regional_office,WS-11406,DEV78076,active,2024-01-06 19:04:32,not available,manager438
EMP10314,GIRINDRA.DHALIWAL46,Girindra Dhaliwal,research_development,Specialist,branch_office,VDR-10314,DEV-48986,terminated,2025-01-07 14:08:35,2025-04-21 15:06:37,manager344
EMP10102,  gaurangi.samra66  ,Gaurangi Samra,finance,Manager,remote,WS-10102,DEV-54548,terminated,26/04/2024 11:39,04-30-2024 11:18:18 AM,MANAGER405
EMP11437,waida.anand56,Waida Anand,operations,Administrator,branch_office,WS-11437,DEV76029,active,27/04/2026 19:55,NA,
EMP12959,LIBNI.LALA75,Libni Lala,sales,Engineer,work_from_home,VDR-12959,DEV19450,open,03-28-2022 11:25:36 PM,NA,manager860
EMP11221,  qabil.lanka74  ,Qabil Lanka,legal,Executive,regional_office,WS-11221,DEV32769,active,2022-09-15 09:06:54,,manager547
EMP12935,abha.naik17,Abha Naik,procurement,Executive,warehouse,WS-12935,dev47829,open,19/01/2022,NA,
EMP10705,bimala.raval96,Bimala Raval,marketing_dept,Specialist,remote,LPT-10705,DEV-92483,active,,,manager772
EMP12234,tristan.ravi53,Tristan Ravi,operations,Executive,warehouse,WS-12234,DEV-46572,on_leave,07/07/2026 20:26,NA,
EMP11973,edhitha.pathak81,Edhitha Pathak,research_development,Director,work_from_home,VDR-11973,dev 94430,terminated,,,NA
EMP11517,ANITA.DUTT25,Anita Dutt,human_resources,Engineer,branch_office,WS-11517,dev 75769,open,09/07/2026 04:27,not available,manager205
EMP12976,AAYUSH.KOSHY48,Aayush Koshy,sales_team,Engineer,data_center,VDR-12976,,open,1696359494,,
EMP12232,,Idika Sani,operations_dept,Analyst,,WS-12232,DEV43610,terminated,23/07/2025,2026-08-19T09:57:38,manager419
EMP10178,tanveer.ghose11,Tanveer Ghose,operations,Engineer,head_office,WS-10178,dev22987,inactive,2025-07-12 08:34:52,02/11/2025 19:08,manager393
EMP12030,urishilla.dugar5,Urishilla Dugar,customer_support,Consultant,regional_office,VDR-12030,dev 10085,open,1627829463,NA,manager911
EMP12926,  ronith.bhatti96  ,Ronith Bhatti,sales,Analyst,branch_office,VDR-12926,DEV-21629,open,18/02/2023 05:36,NA,
EMP10611,,Dhruv Cherian,procurement,Administrator,head_office,VDR-10611,DEV-85534,active,,,NA
EMP10679,ira.khanna17,Ira Khanna,information_technology,Trainee,regional_office,LPT-10679,,active,24-Sep-2020 13:32:29,,manager283
EMP10152,finn.vig49,Finn Vig,support,Engineer,warehouse,VDR-10152,DEV-97562,inactive,2020/08/11,,manager570
EMP12484,aahana.seth4,Aahana Seth,sales_dept,Engineer,head_office,VDR-12484,DEV-38543,active,,not available,  manager345  
EMP11025,darsh.patla51,Darsh Patla,finance,Manager,regional_office,LPT-11025,dev 98785,active,2023-10-01T01:50:28,NA,manager321
EMP10907,sneha.loke46,Sneha Loke,finance,Executive,work_from_home,VDR-10907,dev14190,inactive,2022-11-15T07:19:43,,manager675
EMP10254,wriddhish_arora70,Wriddhish Arora,finance,Consultant,head_office,LPT-10254,dev80419,active,2021-01-30 15:41:12,not available,manager328
EMP12416,harish.bhatia99,Harish Bhatia,legal,Engineer,head_office,,DEV87517,open,11/06/2026,not available,  manager695  
EMP12332,SHRAVYA.MAND51,Shravya Mand,people_team,Consultant,regional_office,,DEV-39132,terminated,30-Sep-2024 12:03:44,1770118679,unknown
EMP10346,dipta_oza8,Dipta Oza,legal,Officer,remote,VDR-10346,dev 75673,active,2023-08-09 00:03:30,not available,manager184
EMP10299,anmol.bhatt26,Anmol Bhatt,procurement,Officer,branch_office,VDR-10299,dev 82102,active,2026/03/09,NA,  manager825  
EMP12045,girik.gaba54,Girik Gaba,innovation,Officer,head_office,LPT-12045,,active,2022-09-12 21:06:42,,manager735
EMP11295,utkarsh.bakshi57,Utkarsh Bakshi,legal,Analyst,head_office,WS-11295,dev 63026,active,2021-07-25 19:18:38,not available,
EMP11357,nandini.buch11,Nandini Buch,compliance,Director,warehouse,LPT-11357,,open,07-28-2026 12:35:07 PM,NA,manager284
EMP11422,rishi.contractor33,Rishi Contractor,cs,Analyst,warehouse,WS-11422,dev 14394,open,2025-06-16 14:41:08,not available,  manager144  
EMP12482,chakrika.nagar94,Chakrika Nagar,mktg,Manager,work_from_home,WS-12482,DEV-25608,open,21-Jul-2022 22:31:07,,manager684
EMP10139,ISAAC.DUGAR28,Isaac Dugar,legal,Trainee,,,dev 54424,inactive,2023-05-23T19:28:38,18/10/2023 12:32,manager420
EMP12603,  gautam.dass68  ,Gautam Dass,finance,Trainee,branch_office,LPT-12603,dev 97646,open,2022-08-10T22:55:29,,  manager793  
EMP10246,rohan.dash48,Rohan Dash,legal,Officer,data_center,VDR-10246,DEV97044,inactive,25/06/2026 00:22,,
EMP10900,lohit.reddy93,Lohit Reddy,procurement,Trainee,branch_office,VDR-10900,dev17956,active,04/08/2023 02:56,,manager666
EMP12130,KRISHNA.KATA74,Krishna Kata,customer_care,Specialist,,VDR-12130,DEV68796,on_leave,1607889949,2024/09/24,unknown
EMP11681,ayushman.varty42,Ayushman Varty,sales_dept,Executive,,VDR-11681,dev 87635,active,2023-07-04 21:58:23,NA,manager392
EMP12334,bahadurjit.sridhar62,Bahadurjit Sridhar,sales,Consultant,,WS-12334,DEV27173,active,2021-11-04T05:38:50,not available,unknown
EMP10889,chanchal.tank46,Chanchal Tank,marketing,Specialist,head_office,VDR-10889,,active,,,manager905
EMP11268,krishna.babu43,Krishna Babu,innovation,Executive,head_office,VDR-11268,dev72206,active,1583427464,NA,manager370
EMP11926,chatresh.varty75,Chatresh Varty,finance,Analyst,warehouse,,dev80651,terminated,2021-01-27T19:05:07,04/07/2021 11:53,manager721
EMP11620,ira.choudhury44,Ira Choudhury,research_development,Officer,work_from_home,WS-11620,DEV68711,terminated,2025/09/08,17/01/2026 23:51,manager244
EMP10700,charles.brar31,Charles Brar,call_center,Administrator,,VDR-10700,dev 85543,open,2020-04-27T15:25:17,not available,manager821
EMP11061,  ekansh.ahuja25  ,Ekansh Ahuja,mktg,Director,data_center,VDR-11061,dev91844,active,05-31-2025 07:55:55 AM,,manager400
EMP10485,hardik.kuruvilla24,Hardik Kuruvilla,customer_support,Manager,work_from_home,VDR-10485,DEV-30889,active,,not available,manager457
EMP11356,jeet.tara32,Jeet Tara,legal,Specialist,regional_office,LPT-11356,,active,2022/06/10,NA,manager220
EMP12310,zashil.chaudhari74,Zashil Chaudhari,operations,Specialist,,VDR-12310,dev 21473,inactive,07-29-2021 09:47:57 PM,2026/08/24,MANAGER905
EMP12181,hemal.kohli58,Hemal Kohli,mktg,Officer,warehouse,VDR-12181,dev 74389,active,2025/04/12,,manager186
EMP10761,dayita.dasgupta48,Dayita Dasgupta,research_development,Analyst,work_from_home,,dev 19266,open,16/11/2025,NA,manager133
EMP10746,  oviya.acharya25  ,Oviya Acharya,people_team,Executive,,WS-10746,,active,13/09/2025 01:27,NA,unknown
EMP10321,kalpit.mody99,Kalpit Mody,research_development,Officer,,LPT-10321,dev 85066,open,1723625754,not available,NA
EMP12707,indira.pant51,Indira Pant,marketing,Engineer,regional_office,VDR-12707,dev56397,active,13-Nov-2024 12:26:12,NA,manager574
EMP10188,wakeeta.srivastava97,Wakeeta Srivastava,sales_dept,Administrator,,LPT-10188,dev95948,active,01-21-2021 05:31:44 PM,,
EMP10772,gagan_bhandari75,Gagan Bhandari,operations,Consultant,data_center,VDR-10772,dev 97274,active,31/08/2024 00:47,NA,manager411
EMP12496,ANUSHA.BAWA86,Anusha Bawa,supply_chain,Trainee,warehouse,WS-12496,DEV-67414,active,26-Feb-2023 10:56:13,,
EMP11451,arunima.dube10,Arunima Dube,operations,Trainee,regional_office,VDR-11451,DEV-86864,active,2025-03-05 14:42:50,,manager340
EMP12354,gagan.raman49,Gagan Raman,operations,Administrator,branch_office,LPT-12354,,active,01/12/2024,not available,MANAGER286
EMP10410,onveer.om63,Onveer Om,supply_chain,Specialist,data_center,LPT-10410,dev32570,open,2021-03-22 22:25:57,not available,manager797
EMP11727,bhavya.sem13,Bhavya Sem,information_technology,Consultant,branch_office,VDR-11727,dev35006,on_leave,2026-04-23 20:04:58,not available,unknown
EMP12852,warinder.wali82,Warinder Wali,research_development,Administrator,,LPT-12852,dev27337,terminated,04-19-2022 03:11:56 PM,1766970374,  manager876  
EMP12216,urvashi.handa11,Urvashi Handa,customer_support,Analyst,work_from_home,VDR-12216,dev58305,terminated,2020-08-14T07:19:06,2023/09/10,manager421
EMP11398,yauvani_chacko81,Yauvani Chacko,human_resources,Manager,,LPT-11398,dev 37221,terminated,2024/03/01,10-Jul-2024 02:35:24,manager731
EMP11361,inaya.sridhar38,Inaya Sridhar,human_resources,Consultant,work_from_home,WS-11361,DEV-87526,active,1606766568,,unknown
EMP11657,yadavi.balay60,Yadavi Balay,sales,Executive,,WS-11657,DEV51446,open,2026-06-29 18:40:46,,manager852
EMP10051,ekbal.malhotra95,Ekbal Malhotra,finance,Manager,,VDR-10051,dev97012,active,07/11/2022 09:26,not available,manager869
EMP11624,bishakha_ghose98,Bishakha Ghose,sales,Administrator,,,DEV-62984,active,2020/09/12,not available,manager603
EMP10063,IRA.TARA4,Ira Tara,people_team,Director,branch_office,,DEV-33819,open,,NA,manager565
EMP12789,  tamanna.kala64  ,Tamanna Kala,legal,Analyst,data_center,VDR-12789,DEV80063,active,2021/02/03,,NA
EMP12553,  tanish.kurian86  ,Tanish Kurian,information_technology,Specialist,remote,WS-12553,DEV-68468,inactive,01-14-2024 02:19:39 AM,,MANAGER123
EMP12530,wazir.das67,Wazir Das,human_resources,Officer,,LPT-12530,dev 81876,active,2025/07/18,NA,manager624
EMP11090,pahal.bajwa31,Pahal Bajwa,legal,Trainee,remote,VDR-11090,,on_leave,07-21-2025 04:04:10 AM,,  manager894  
EMP11465,brinda.chauhan94,Brinda Chauhan,customer_care,Specialist,data_center,LPT-11465,dev20031,active,28/04/2020 22:54,not available,  manager841  
EMP11896,URMI.PALL82,Urmi Pall,accounts,Engineer,data_center,WS-11896,,terminated,2025-08-19T16:55:56,2026-02-25 13:56:11,unknown
EMP10052,anirudh.ramanathan31,Anirudh Ramanathan,mktg,Engineer,,LPT-10052,dev 29313,active,1643561219,not available,unknown
EMP12807,damyanti.wali52,Damyanti Wali,sales,Executive,regional_office,LPT-12807,dev 24606,active,2023-06-06T22:34:43,NA,manager565
EMP12763,sanaya.kale52,Sanaya Kale,marketing_dept,Officer,warehouse,LPT-12763,DEV25578,active,2026-02-05 04:10:52,NA,manager610
EMP12551,warinder.jaggi19,Warinder Jaggi,sales_team,Administrator,remote,LPT-12551,dev 34073,active,15/10/2020,NA,manager115
EMP12864,pooja.choudhary68,Pooja Choudhary,marketing_dept,Trainee,remote,LPT-12864,DEV93489,active,,,manager864
EMP10544,harita.sura62,Harita Sura,human_resources,Administrator,head_office,WS-10544,dev 93055,inactive,2021-11-15T16:53:49,10-31-2023 01:43:49 AM,NA
EMP12948,AADI.MOHAN96,Aadi Mohan,operations_dept,Consultant,head_office,VDR-12948,DEV-37300,inactive,2022/04/22,2024/06/25,unknown
EMP10450,charles.mohanty2,Charles Mohanty,accounts,Executive,remote,WS-10450,,on_leave,,not available,NA
EMP12515,onveer.wason58,Onveer Wason,sales,Manager,,WS-12515,DEV60572,inactive,13/01/2022 19:36,14-Aug-2023 12:06:35,manager908
EMP10044,gopal.lala36,Gopal Lala,human_resources,Administrator,,VDR-10044,dev 76768,open,2024-07-23 23:08:34,,manager128
EMP11001,AARUSH.PRASHAD25,Aarush Prashad,procurement,Executive,work_from_home,VDR-11001,dev 81188,terminated,2020-01-27T12:19:55,21-Jun-2022 04:14:18,NA
EMP11831,,Chaaya Vasa,supply_chain,Engineer,branch_office,LPT-11831,DEV-66868,active,10-16-2022 12:54:27 PM,,unknown
EMP10829,chaman.goda59,Chaman Goda,legal,Specialist,warehouse,WS-10829,DEV-44946,open,1703920906,not available,manager424
EMP10598,ekalinga.walla33,Ekalinga Walla,information_technology,Consultant,branch_office,VDR-10598,,active,10/10/2021,not available,manager952
EMP10408,akshay.sarraf2,Akshay Sarraf,procurement,Specialist,warehouse,WS-10408,dev 24748,active,1617618864,not available,manager696
EMP12917,charita.mannan95,Charita Mannan,sales,Officer,remote,VDR-12917,dev 46720,active,,not available,manager621
EMP10256,naveen.bhagat32,Naveen Bhagat,research_development,Consultant,branch_office,WS-10256,,terminated,,08-Mar-2026 19:50:49,unknown
EMP12028,neha_devan64,Neha Devan,supply_chain,Officer,data_center,WS-12028,DEV81037,active,04-21-2025 02:03:42 PM,not available,manager546
EMP12303,lila_srinivasan31,Lila Srinivasan,finance,Administrator,,LPT-12303,DEV-57924,open,,,manager330
EMP11837,qabil.parikh37,Qabil Parikh,sales_dept,Specialist,work_from_home,LPT-11837,DEV54054,active,,not available,
EMP11702,HEMANG.BAKSHI78,Hemang Bakshi,customer_care,Engineer,work_from_home,VDR-11702,,on_leave,1738250389,not available,manager402
EMP12490,laban.sridhar64,Laban Sridhar,human_resources,Trainee,data_center,VDR-12490,,terminated,2025-01-14T19:14:46,2026-04-17 04:12:42,unknown
EMP11662,aishani.dugal36,Aishani Dugal,sales_dept,Manager,regional_office,,DEV68314,active,2020-05-02T08:15:44,,manager490
EMP10144,yashica_rao48,Yashica Rao,human_resources,Administrator,warehouse,LPT-10144,,inactive,,1784063134,manager773
EMP12090,vasatika.saha98,Vasatika Saha,research_development,Engineer,branch_office,VDR-12090,DEV38061,open,11-11-2024 06:45:00 PM,NA,manager489
EMP11292,harsh.sem7,Harsh Sem,sales_dept,Officer,branch_office,VDR-11292,DEV74920,active,2025-09-30 06:24:33,,manager258
EMP12155,  ekansh.soni57  ,Ekansh Soni,marketing,Director,,,DEV39684,inactive,,02-18-2026 02:53:11 PM,manager371
EMP10416,arunima.tata4,Arunima Tata,finance,Engineer,work_from_home,LPT-10416,DEV-17553,active,2023-11-19T03:16:47,NA,manager469
EMP10929,aarini.bora51,Aarini Bora,mktg,Specialist,data_center,VDR-10929,DEV65498,on_leave,11-10-2025 04:53:42 PM,,
EMP12022,,Zayyan Dayal,operations_dept,Analyst,warehouse,VDR-12022,dev 40120,active,11/08/2024,not available,manager836
EMP10170,nathaniel_prakash13,Nathaniel Prakash,cs,Officer,work_from_home,VDR-10170,dev 79013,active,1668236297,not available,unknown
EMP11125,indali.aggarwal48,Indali Aggarwal,mktg,Consultant,data_center,LPT-11125,dev 80310,inactive,12-03-2020 04:53:08 PM,NA,manager549
EMP10567,upadhriti.krishnan99,Upadhriti Krishnan,legal,Officer,work_from_home,LPT-10567,DEV23622,open,27-Apr-2021 10:05:44,NA,MANAGER499
EMP11590,mahika.som71,Mahika Som,operations,Director,work_from_home,WS-11590,DEV32551,inactive,03-Oct-2020 02:35:12,2025-12-31 04:54:19,manager924
EMP12673,victor.nagar6,Victor Nagar,finance,Consultant,regional_office,WS-12673,,inactive,,06-Jun-2022 09:29:39,unknown
EMP10134,sai.bedi96,Sai Bedi,human_resources,Trainee,data_center,WS-10134,dev77271,active,1699171081,,manager729
EMP11717,jatin.saha63,Jatin Saha,information_technology,Consultant,regional_office,LPT-11717,DEV86229,on_leave,,not available,manager317
EMP10642,umang.dhaliwal49,Umang Dhaliwal,operations,Director,warehouse,VDR-10642,dev84964,active,19/06/2024 20:01,not available,  manager821  
EMP11689,vaishnavi.kant81,Vaishnavi Kant,finance,Director,remote,LPT-11689,DEV-66935,inactive,2025-08-18T01:18:07,not available,manager288
EMP12745,prisha.sarkar30,Prisha Sarkar,cs,Officer,regional_office,,,inactive,06-17-2020 05:09:43 PM,13/05/2026,MANAGER858
EMP10554,shaurya.talwar44,Shaurya Talwar,operations_dept,Executive,data_center,WS-10554,DEV37594,open,2026-05-25 23:46:53,not available,manager974
EMP10900,lohit.reddy93,Lohit Reddy,procurement,Trainee,branch_office,VDR-10900,dev17956,active,04/08/2023 02:56,,manager666
EMP12174,onveer.bansal17,Onveer Bansal,sales,Manager,,VDR-12174,DEV-88056,terminated,18-Jan-2023 09:37:31,22/05/2026 18:40,
EMP11538,jai.chanda34,Jai Chanda,sales_team,Specialist,,WS-11538,DEV79778,active,2025-08-29 07:57:34,,manager941
EMP10999,yoshita.raval66,Yoshita Raval,cs,Manager,,,dev 39850,active,09/08/2020,,manager659
EMP10291,upasna_krishnamurthy12,Upasna Krishnamurthy,finance,Director,data_center,VDR-10291,DEV82710,active,2020/11/16,not available,MANAGER462
EMP11338,vansha_virk36,Vansha Virk,marketing,Manager,branch_office,VDR-11338,,active,2023-05-10T23:35:55,not available,manager380
EMP12247,TANISH.DASGUPTA22,Tanish Dasgupta,information_technology,Director,,VDR-12247,DEV-58621,terminated,,1787541478,manager185
EMP10781,,Rohan Wali,innovation,Consultant,head_office,WS-10781,DEV17213,active,2021/08/29,,manager327
EMP10443,tejas.raghavan27,Tejas Raghavan,information_technology,Administrator,data_center,VDR-10443,DEV-23235,open,18/04/2022,not available,MANAGER817
EMP12601,dominic.bawa78,Dominic Bawa,operations,Executive,,WS-12601,DEV85344,inactive,23/02/2020,not available,manager383
EMP12149,  teerth.chowdhury93  ,Teerth Chowdhury,legal,Analyst,,LPT-12149,DEV42587,active,2022-03-01 17:49:47,not available,  manager623  
EMP10449,jagvi.sengupta38,Jagvi Sengupta,operations,Consultant,data_center,VDR-10449,,open,,,NA
EMP11029,,Gaurangi Kibe,human_resources,Executive,regional_office,LPT-11029,,active,11-30-2020 01:29:17 PM,NA,NA
EMP11992,raksha.saini25,Raksha Saini,marketing,Director,warehouse,LPT-11992,DEV-41536,active,2026-07-30T01:51:31,,manager621
EMP12403,ANDREW.VASA6,Andrew Vasa,sales,Consultant,regional_office,,dev 64516,inactive,26/04/2026,05-10-2026 11:48:30 PM,MANAGER150
EMP12750,darika.parekh27,Darika Parekh,information_technology,Officer,,VDR-12750,dev 14121,active,1595443478,NA,manager511
EMP10000,  vrinda.dua82  ,Vrinda Dua,human_resources,Analyst,regional_office,WS-10000,DEV-42098,open,2026/04/07,NA,manager858
EMP11001,AARUSH.PRASHAD25,Aarush Prashad,procurement,Executive,work_from_home,VDR-11001,dev 81188,terminated,2020-01-27T12:19:55,21-Jun-2022 04:14:18,NA
EMP11048,quincy.lata26,Quincy Lata,finance,Engineer,head_office,LPT-11048,,active,1678300866,,  manager525  
EMP10270,upkaar.doshi48,Upkaar Doshi,operations,Director,head_office,VDR-10270,DEV39002,active,2020-02-20 09:26:36,NA,manager698
EMP10736,jackson.cherian13,Jackson Cherian,research_development,Specialist,branch_office,VDR-10736,dev18383,inactive,26-Nov-2020 08:37:44,,
EMP10298,ARADHANA.YOGI41,Aradhana Yogi,marketing,Trainee,warehouse,LPT-10298,,open,05-May-2023 19:22:01,NA,  manager677  
EMP10032,  lila.nadkarni27  ,Lila Nadkarni,operations_dept,Engineer,remote,WS-10032,dev 27154,active,2022-07-21 01:24:12,NA,manager869
EMP12498,lekha.kapoor10,Lekha Kapoor,innovation,Specialist,data_center,VDR-12498,dev80623,active,20-Aug-2025 13:08:32,,NA
EMP10014,ridhi.saini2,Ridhi Saini,people_team,Officer,work_from_home,WS-10014,DEV94012,open,2022/06/30,not available,  manager564  
EMP10093,pahal.roy74,Pahal Roy,procurement,Analyst,work_from_home,VDR-10093,dev 45325,active,28-Jun-2026 21:31:52,,NA
EMP10411,shivani.pillay89,Shivani Pillay,legal,Analyst,data_center,WS-10411,DEV41139,open,2024-01-16 10:50:11,,NA
EMP11159,adya.shetty2,Adya Shetty,people_team,Officer,regional_office,WS-11159,,open,,,unknown
EMP12362,kamala.nazareth82,Kamala Nazareth,procurement,Consultant,branch_office,VDR-12362,dev 59827,active,01-Oct-2021 16:10:14,NA,manager479
EMP12819,chakradhar.nagi26,Chakradhar Nagi,research_development,Consultant,warehouse,WS-12819,DEV88309,open,14-Dec-2020 07:49:07,not available,manager944
EMP10149,girik.bhatia28,Girik Bhatia,cs,Manager,remote,WS-10149,DEV24534,active,1759966567,not available,manager639
EMP11600,gagan.mitter67,Gagan Mitter,procurement,Director,regional_office,VDR-11600,dev 60738,open,04/01/2026 18:47,NA,NA
EMP11044,mugdha.khare82,Mugdha Khare,sales,Administrator,work_from_home,WS-11044,DEV20487,on_leave,22-Jan-2023 04:22:20,,manager271
EMP12153,  abdul.deep62  ,Abdul Deep,human_resources,Officer,branch_office,VDR-12153,,active,15/11/2024 23:28,NA,NA
EMP10495,  tanmayi.thaman1  ,Tanmayi Thaman,procurement,Manager,work_from_home,VDR-10495,dev86756,active,2020-08-13 12:39:41,NA,manager614
EMP10332,,Ijaya Palla,procurement,Trainee,work_from_home,WS-10332,dev 99463,open,2020-05-22T17:45:11,NA,MANAGER902
EMP12788,utkarsh.vora38,Utkarsh Vora,marketing_dept,Administrator,work_from_home,WS-12788,dev 47566,active,01/01/2020,,
EMP12066,  david.sampath85  ,David Sampath,customer_care,Engineer,regional_office,LPT-12066,dev61445,active,2021-07-18 08:59:32,,MANAGER223
EMP11874,dayita.rout5,Dayita Rout,research_development,Engineer,,VDR-11874,dev 56585,active,,NA,
EMP10756,mugdha.shah75,Mugdha Shah,sales,Specialist,,VDR-10756,dev 10665,active,17-May-2020 09:35:43,,manager581
EMP10798,udarsh.korpal53,Udarsh Korpal,operations,Executive,,LPT-10798,dev 30257,active,2021-08-08T09:22:24,NA,NA
EMP12274,praneel.sastry13,Praneel Sastry,supply_chain,Executive,head_office,WS-12274,DEV-78738,blocked,10/06/2024 14:04,2026-07-09T23:05:36,manager802
EMP10203,samaksh.subramanian60,Samaksh Subramanian,call_center,Consultant,branch_office,VDR-10203,,active,13/07/2026 09:56,,NA
EMP10463,ISHA.PADMANABHAN86,Isha Padmanabhan,innovation,Consultant,,LPT-10463,DEV39218,inactive,1666950022,2025-06-17 03:55:28,manager833
EMP12851,kamala.raman22,Kamala Raman,supply_chain,Officer,work_from_home,WS-12851,dev27730,active,1600603977,,MANAGER138
EMP12749,darika.mandal6,Darika Mandal,human_resources,Trainee,,VDR-12749,dev 30457,active,07-15-2022 10:07:37 PM,NA,manager149
EMP11583,hemang.bansal35,Hemang Bansal,human_resources,Trainee,warehouse,VDR-11583,DEV84136,active,31/05/2024 08:58,NA,
EMP10555,vrishti.lala52,Vrishti Lala,marketing,Trainee,branch_office,VDR-10555,DEV-27188,on_leave,01/11/2025,not available,manager202
EMP10174,ridhi.iyer25,Ridhi Iyer,operations,Specialist,data_center,WS-10174,,active,2024/04/11,not available,  manager265  
EMP10289,jonathan.narayanan92,Jonathan Narayanan,human_resources,Manager,remote,LPT-10289,DEV-59807,active,1747998273,not available,manager498
EMP10120,lakshit.mand42,Lakshit Mand,compliance,Executive,branch_office,LPT-10120,DEV-80701,terminated,10/02/2023 16:18,04-09-2024 12:52:14 AM,
EMP12839,  lipika.parsa25  ,Lipika Parsa,finance,Specialist,regional_office,WS-12839,dev 37879,inactive,,29/07/2024 22:10,manager140
EMP10847,vidhi.krishna41,Vidhi Krishna,call_center,Director,data_center,VDR-10847,,on_leave,,,manager832
EMP12699,edhitha.balasubramanian33,Edhitha Balasubramanian,finance,Analyst,head_office,LPT-12699,dev 31302,active,2022-04-29T19:38:57,not available,manager683
EMP10432,  omya.gole7  ,Omya Gole,finance,Executive,branch_office,WS-10432,dev63633,on_leave,11-22-2023 02:59:56 PM,NA,  manager983  
EMP12969,ekanta.deshmukh53,Ekanta Deshmukh,mktg,Consultant,branch_office,LPT-12969,DEV-49882,active,05-26-2023 09:51:57 PM,NA,manager923
EMP11317,ganga.goswami90,Ganga Goswami,human_resources,Specialist,data_center,WS-11317,dev95620,active,2022-11-16T06:28:48,not available,manager305
EMP11200,xiti.sem41,Xiti Sem,operations_dept,Specialist,data_center,LPT-11200,dev 72419,active,2023-11-13T07:50:27,not available,manager259
EMP10393,aarini.deep10,Aarini Deep,information_technology,Administrator,head_office,WS-10393,dev 44226,on_leave,18/08/2020,not available,manager484
EMP12031,,Rohan Biswas,operations_dept,Analyst,regional_office,WS-12031,DEV13918,active,2023-01-24T14:11:06,not available,
EMP11800,farhan.sastry34,Farhan Sastry,research_development,Executive,branch_office,LPT-11800,DEV-86741,active,02-04-2025 08:31:23 AM,NA,manager300
EMP11721,FREDERICK.VASA15,Frederick Vasa,information_technology,Director,work_from_home,LPT-11721,DEV-36946,active,06-Nov-2024 13:42:48,,manager405
EMP10192,ridhi.bala57,Ridhi Bala,operations,Trainee,head_office,,,open,2023-09-13 07:30:52,NA,manager910
EMP10266,abhimanyu.gade25,Abhimanyu Gade,procurement,Officer,branch_office,WS-10266,dev37379,terminated,2022-10-31T11:37:06,2022-11-24T07:18:01,manager294
EMP12692,dalaja.sura56,Dalaja Sura,operations,Manager,remote,VDR-12692,dev17492,open,1703268621,not available,MANAGER781
EMP10805,udarsh.kannan13,Udarsh Kannan,people_team,Specialist,branch_office,VDR-10805,dev 36217,open,28/12/2022,,MANAGER249
EMP10331,janaki.hegde46,Janaki Hegde,human_resources,Officer,data_center,LPT-10331,dev66314,blocked,17/03/2024 00:37,05-31-2025 01:44:10 PM,manager691
EMP10528,,Luke Nagi,human_resources,Administrator,warehouse,VDR-10528,dev63562,open,17/01/2020 23:49,,manager908
EMP11225,tanay.viswanathan59,Tanay Viswanathan,operations,Executive,,VDR-11225,dev 39065,active,,NA,NA
EMP10801,ansh.brahmbhatt77,Ansh Brahmbhatt,cs,Consultant,branch_office,VDR-10801,DEV-49935,active,2021-01-03T11:13:30,,manager977
EMP11089,,Pahal Lata,customer_support,Consultant,warehouse,WS-11089,DEV-29473,active,2023-06-09 03:58:33,NA,manager221
EMP10764,rachana.madan60,Rachana Madan,procurement,Analyst,remote,WS-10764,,open,29-Dec-2025 23:11:23,,
EMP10218,jagat_dasgupta98,Jagat Dasgupta,customer_support,Administrator,,VDR-10218,dev99181,open,2021-02-03T17:50:14,,
EMP10479,ayushman.nagy50,Ayushman Nagy,legal,Consultant,,LPT-10479,DEV-11699,active,22-Sep-2021 23:16:50,not available,manager899
EMP10790,janani.barad1,Janani Barad,accounts,Administrator,remote,VDR-10790,dev93435,active,2025-07-24T07:49:43,NA,  manager394  
EMP10478,AACHAL.MANI50,Aachal Mani,sales,Officer,work_from_home,VDR-10478,DEV47701,active,,NA,NA
EMP12645,hemani.bhagat18,Hemani Bhagat,operations,Specialist,,LPT-12645,DEV79338,active,2024-04-14 17:12:46,,unknown
EMP10727,kabir.sampath9,Kabir Sampath,customer_care,Engineer,,WS-10727,,active,21/07/2024,not available,
EMP10581,nidra.agate60,Nidra Agate,information_technology,Consultant,head_office,LPT-10581,dev 17345,active,05-04-2023 05:05:18 AM,,manager581
EMP11157,jyoti.brar52,Jyoti Brar,people_team,Officer,branch_office,VDR-11157,dev 11545,open,2023-03-20 00:24:43,,manager212
EMP12547,hemani.oza5,Hemani Oza,research_development,Executive,branch_office,LPT-12547,,open,2023-03-28T17:09:59,,manager861
EMP11688,pranav.master58,Pranav Master,accounts,Executive,regional_office,WS-11688,DEV-64997,terminated,09-Mar-2021 04:48:18,2024/06/06,NA
EMP12633,aishani.sem75,Aishani Sem,legal,Manager,remote,WS-12633,DEV-42346,active,24/09/2022 03:53,NA,
EMP10045,kiaan.sen15,Kiaan Sen,marketing,Executive,warehouse,WS-10045,,active,2023-09-12 03:25:20,not available,  manager905  
EMP12849,eiravati.agrawal54,Eiravati Agrawal,cs,Analyst,data_center,WS-12849,dev49156,active,03-28-2020 08:29:48 PM,not available,
EMP10240,jalsa.bhatti59,Jalsa Bhatti,mktg,Executive,,VDR-10240,dev54185,inactive,1730249411,,manager976
EMP10251,aarini.memon10,Aarini Memon,information_technology,Director,remote,VDR-10251,dev 18357,active,2020-07-06 04:59:07,,unknown
EMP10990,dalbir.reddy82,Dalbir Reddy,sales,Analyst,work_from_home,VDR-10990,dev 86981,active,,NA,manager252
EMP10457,darsh.sura85,Darsh Sura,sales_dept,Trainee,remote,VDR-10457,dev98643,active,2021-04-06T20:28:44,,
EMP11272,umang.loke95,Umang Loke,operations,Officer,remote,VDR-11272,,active,26/11/2023 06:56,,manager461
EMP10676,yauvani_mannan99,Yauvani Mannan,research_development,Manager,remote,LPT-10676,dev30643,active,2020-02-17 09:37:22,NA,NA
EMP10772,gagan_bhandari75,Gagan Bhandari,operations,Consultant,data_center,VDR-10772,dev 97274,active,31/08/2024 00:47,NA,manager411
EMP11814,dipta_agate15,Dipta Agate,procurement,Director,data_center,WS-11814,dev49258,active,04/09/2022,not available,manager868
EMP11533,abdul_mitra65,Abdul Mitra,operations,Officer,data_center,WS-11533,dev 85342,open,1595851362,NA,manager678
EMP12356,vasatika.dhar45,Vasatika Dhar,research_development,Director,,WS-12356,DEV83798,open,2022-06-01 15:27:54,not available,  manager828  
EMP11084,yadavi.pandit87,Yadavi Pandit,innovation,Consultant,work_from_home,WS-11084,dev 61257,active,1772923502,not available,manager813
EMP11511,sudiksha.raman15,Sudiksha Raman,research_development,Manager,data_center,LPT-11511,DEV23090,active,29-Oct-2021 23:06:37,not available,manager407
EMP12404,  ekiya.chakraborty63  ,Ekiya Chakraborty,marketing_dept,Analyst,work_from_home,VDR-12404,,open,,not available,manager734
EMP10257,frederick.kaur54,Frederick Kaur,procurement,Analyst,,LPT-10257,DEV-18819,open,2020-04-14 07:37:42,,manager788
EMP12272,ekta.lal33,Ekta Lal,research_development,Trainee,head_office,VDR-12272,dev 88097,active,2023/10/14,,manager920
EMP10368,turvi.sarkar90,Turvi Sarkar,supply_chain,Analyst,branch_office,WS-10368,dev29441,open,02-10-2022 04:32:03 AM,,NA
EMP12050,aditya.nayar99,Aditya Nayar,procurement,Officer,data_center,WS-12050,dev80636,open,2022-07-16T20:58:15,,unknown
EMP12973,manya_chakrabarti30,Manya Chakrabarti,operations,Director,work_from_home,LPT-12973,dev53857,open,06-Apr-2023 22:53:35,not available,NA
EMP12844,OMAJA.MANGAT18,Omaja Mangat,sales,Administrator,data_center,VDR-12844,dev19253,active,1718838224,,manager722
EMP10354,nidra.mall33,Nidra Mall,human_resources,Specialist,regional_office,VDR-10354,,active,29/04/2024,,manager979
EMP11299,ojasvi_vohra60,Ojasvi Vohra,compliance,Director,branch_office,LPT-11299,dev 47148,active,18/10/2024,not available,manager694
EMP11864,isaac.bir96,Isaac Bir,mktg,Executive,regional_office,WS-11864,DEV-98055,open,05-17-2021 09:15:57 PM,NA,
EMP12219,dalaja.lata76,Dalaja Lata,compliance,Executive,data_center,WS-12219,DEV33203,active,16/02/2025,not available,
EMP11196,ODIKA.RAJAGOPAL41,Odika Rajagopal,operations,Manager,regional_office,WS-11196,,open,1761058921,,manager759
EMP11830,  atharv.peri95  ,Atharv Peri,operations,Consultant,warehouse,LPT-11830,dev97523,open,2026-02-04 06:53:30,,manager798
EMP12202,upma.kohli12,Upma Kohli,marketing,Analyst,regional_office,LPT-12202,DEV-82487,active,2022/09/19,NA,manager756
EMP11302,,Ubika Bhakta,finance,Consultant,regional_office,VDR-11302,,active,30/01/2026,,unknown
EMP10682,dhruv.sami40,Dhruv Sami,research_development,Trainee,branch_office,LPT-10682,dev28837,on_leave,,1767836603,manager816
EMP11381,jairaj_acharya41,Jairaj Acharya,human_resources,Consultant,regional_office,WS-11381,dev 26784,active,11/02/2024 22:10,NA,unknown
EMP10507,dipta.narayan36,Dipta Narayan,finance,Officer,branch_office,WS-10507,DEV-92132,open,2020-08-22 06:13:41,not available,
EMP10211,krishna_seth41,Krishna Seth,operations,Director,,WS-10211,DEV77499,active,2022/09/18,,MANAGER225
EMP11454,meera.kaur84,Meera Kaur,finance,Director,,WS-11454,,open,02-Feb-2024 08:00:54,not available,manager531
EMP10819,oni.wable49,Oni Wable,procurement,Consultant,branch_office,WS-10819,DEV-91522,active,1781893768,NA,manager869
EMP11650,charita.rattan19,Charita Rattan,information_technology,Trainee,data_center,VDR-11650,dev80975,inactive,2023-06-03 16:30:48,31/01/2026 22:07,MANAGER515
EMP12909,varsha_swamy83,Varsha Swamy,call_center,Officer,regional_office,WS-12909,dev 95939,blocked,11-01-2020 09:08:30 AM,1640142426,
EMP10582,charan.deshmukh24,Charan Deshmukh,sales_team,Administrator,work_from_home,WS-10582,dev11653,open,2026-07-14 13:05:32,NA,manager494
EMP10175,benjamin.rau26,Benjamin Rau,procurement,Executive,work_from_home,WS-10175,dev16839,active,1677483290,NA,manager205
EMP11712,vasatika.kunda70,Vasatika Kunda,information_technology,Officer,data_center,VDR-11712,DEV61903,active,08-29-2024 09:06:46 PM,not available,
EMP10430,dhruv.bose40,Dhruv Bose,compliance,Consultant,remote,WS-10430,dev 86751,active,1609453523,not available,  manager987  
EMP11507,owen.badal65,Owen Badal,human_resources,Administrator,,VDR-11507,,terminated,,2024-12-03 15:40:19,manager362
EMP10744,  dayamai.din39  ,Dayamai Din,operations,Director,head_office,VDR-10744,dev40885,active,05/07/2024,,NA
EMP11362,meghana.jaggi6,Meghana Jaggi,human_resources,Consultant,data_center,WS-11362,DEV-92684,active,2023-09-15 15:24:43,NA,manager588
EMP11097,nirja.jani16,Nirja Jani,information_technology,Executive,warehouse,LPT-11097,dev 95542,open,2024-10-13T14:45:26,not available,manager871
EMP10506,ekanta.ravel60,Ekanta Ravel,innovation,Consultant,,WS-10506,dev 73828,active,30/06/2021 02:22,,MANAGER183
EMP10945,sachi.shetty87,Sachi Shetty,finance,Analyst,warehouse,WS-10945,dev33784,active,2020/06/30,NA,manager201
EMP11135,nandini.pai30,Nandini Pai,sales_dept,Consultant,data_center,WS-11135,DEV18041,open,2025-06-23T10:39:45,not available,manager212
EMP11023,aashi.raju60,Aashi Raju,research_development,Trainee,head_office,LPT-11023,dev81883,active,2026-01-26T00:29:44,,NA
EMP10196,omaja.soman68,Omaja Soman,operations,Director,remote,VDR-10196,DEV-46528,active,18/12/2020 11:20,NA,manager290
EMP12512,,Nihal Lanka,cs,Trainee,branch_office,WS-12512,DEV-62698,open,2023/09/28,NA,manager806
EMP10088,hema.yadav5,Hema Yadav,sales,Administrator,regional_office,WS-10088,dev69510,active,1640496024,NA,unknown
EMP11047,riya.trivedi40,Riya Trivedi,research_development,Administrator,,VDR-11047,,active,,NA,manager580
EMP12878,zayyan.contractor3,Zayyan Contractor,customer_support,Engineer,work_from_home,WS-12878,DEV-71597,terminated,18/03/2026 14:53,1774179151,unknown
EMP12025,oliver.devan65,Oliver Devan,research_development,Analyst,regional_office,VDR-12025,DEV-67855,active,10/07/2021 06:21,not available,  manager657  
EMP12943,jatin.garde4,Jatin Garde,supply_chain,Executive,branch_office,LPT-12943,,active,08-02-2022 03:16:19 PM,not available,NA
EMP10678,AVI.KALLA37,Avi Kalla,procurement,Engineer,branch_office,LPT-10678,DEV50812,active,11-18-2022 10:12:09 AM,NA,manager151
EMP11034,anamika.gala90,Anamika Gala,legal,Executive,,LPT-11034,DEV93277,active,06-Nov-2025 09:02:37,not available,manager971
EMP10564,rayaan.aggarwal35,Rayaan Aggarwal,procurement,Director,remote,WS-10564,,open,06-06-2024 11:46:49 AM,,NA
EMP10343,AYAAN.KALA66,Ayaan Kala,sales_dept,Director,remote,,DEV-17152,blocked,13/01/2022,29-Dec-2022 21:20:26,manager753
EMP12346,upasna.vig49,Upasna Vig,procurement,Engineer,warehouse,WS-12346,,active,1673870309,not available,NA
EMP10025,NAVEEN.JOHAL55,Naveen Johal,finance,Administrator,data_center,LPT-10025,DEV19880,open,05/09/2024 19:13,NA,manager767
EMP10940,,Mekhala Talwar,supply_chain,Analyst,warehouse,VDR-10940,dev 34824,open,1712762875,,
EMP11859,aachal.sarraf5,Aachal Sarraf,sales_dept,Specialist,,,dev44782,active,,not available,manager941
EMP12892,nirja.bhakta26,Nirja Bhakta,information_technology,Officer,warehouse,VDR-12892,dev 26926,blocked,21/09/2022,06-Dec-2024 23:55:26,NA
EMP12795,zehaan.naik32,Zehaan Naik,procurement,Manager,data_center,LPT-12795,dev94752,open,2024/01/08,not available,manager391
EMP11488,gaurangi.viswanathan21,Gaurangi Viswanathan,research_development,Consultant,regional_office,LPT-11488,DEV32965,active,2026-01-23 13:39:45,not available,
EMP11525,yamini.cherian93,Yamini Cherian,procurement,Trainee,head_office,VDR-11525,DEV-61126,open,03/01/2026,not available,manager386
EMP12422,madhav.grover92,Madhav Grover,operations,Officer,branch_office,WS-12422,DEV-81229,active,2024-03-31 21:40:58,,unknown
EMP12574,vanya.rana13,Vanya Rana,sales_dept,Trainee,head_office,LPT-12574,DEV-78601,terminated,16/09/2022,11/04/2025 12:46,manager478
EMP10650,darika.sha73,Darika Sha,finance,Executive,work_from_home,LPT-10650,dev33444,active,08/06/2020 09:59,,manager416
EMP10867,nathan.madan77,Nathan Madan,information_technology,Analyst,remote,VDR-10867,dev 91219,active,2023-05-11T06:43:38,NA,manager235
EMP11350,utkarsh.nadig92,Utkarsh Nadig,operations_dept,Engineer,data_center,VDR-11350,dev14272,active,1618122166,not available,manager764
EMP10067,wyatt.bora78,Wyatt Bora,people_team,Executive,remote,LPT-10067,DEV85849,open,08-27-2022 05:13:05 AM,NA,  manager484  
EMP12249,hemal.naik73,Hemal Naik,operations,Analyst,head_office,LPT-12249,DEV-64746,active,2025-12-13 16:38:39,not available,NA
EMP10621,bhanumati_ratta30,Bhanumati Ratta,sales,Consultant,,VDR-10621,dev 21247,active,06-18-2020 10:38:57 AM,NA,manager735
EMP10651,  pranit.srinivas94  ,Pranit Srinivas,research_development,Administrator,,LPT-10651,,on_leave,,2023-11-17 15:02:30,manager609
EMP12195,BALENDRA.JHA12,Balendra Jha,procurement,Officer,regional_office,WS-12195,DEV43113,active,,not available,NA
EMP10602,sai_goda99,Sai Goda,procurement,Consultant,regional_office,WS-10602,DEV-97194,open,2020/11/19,not available,manager284
EMP12911,charan.dhawan17,Charan Dhawan,sales_team,Trainee,work_from_home,LPT-12911,dev87264,active,19/04/2023,,manager336
EMP10423,bahadurjit.dyal80,Bahadurjit Dyal,legal,Specialist,head_office,LPT-10423,DEV-77045,on_leave,03-08-2023 04:35:37 PM,NA,  manager708  
EMP12171,  bishakha.bajaj79  ,Bishakha Bajaj,human_resources,Director,head_office,LPT-12171,,open,,NA,
EMP12805,anamika.hayer81,Anamika Hayer,marketing,Engineer,head_office,LPT-12805,DEV-36174,active,,NA,unknown
EMP11910,  jonathan.lalla10  ,Jonathan Lalla,human_resources,Officer,data_center,VDR-11910,dev 27789,active,10-28-2021 12:47:43 PM,not available,manager199
EMP12861,  lakshmi.gill13  ,Lakshmi Gill,accounts,Manager,branch_office,VDR-12861,dev81834,open,16-Jul-2024 01:07:45,NA,
EMP11113,RACHANA.JANI60,Rachana Jani,support,Administrator,remote,WS-11113,dev 78235,terminated,12-11-2021 05:53:16 PM,09-07-2022 08:46:26 PM,NA
EMP11477,odika.mann97,Odika Mann,operations,Trainee,,WS-11477,DEV-13875,active,2024-12-22 08:03:20,not available,MANAGER460
EMP11553,zaid_chad19,Zaid Chad,legal,Analyst,warehouse,WS-11553,dev 88447,open,1623401097,not available,manager115
EMP10124,sathvik.kadakia72,Sathvik Kadakia,operations,Specialist,branch_office,VDR-10124,dev 18285,active,2023/12/13,NA,NA
EMP12541,saumya.contractor14,Saumya Contractor,support,Specialist,head_office,LPT-12541,dev 35220,active,2024-06-21T17:30:24,not available,manager804
EMP12903,farhan.pathak41,Farhan Pathak,sales,Specialist,warehouse,,dev81387,active,2025/10/30,not available,  manager563  
EMP11866,leena.sankaran10,Leena Sankaran,finance,Manager,work_from_home,LPT-11866,DEV41398,active,21/07/2026 08:40,not available,NA
EMP11872,janani.narula52,Janani Narula,sales_team,Executive,branch_office,VDR-11872,,active,12-26-2024 05:45:30 PM,,manager168
EMP10532,jack.mallick72,Jack Mallick,research_development,Executive,remote,VDR-10532,dev 82733,active,1660153360,NA,manager892
EMP12009,gautam.bala88,Gautam Bala,marketing_dept,Manager,data_center,WS-12009,DEV-80016,open,2021-03-16T11:22:45,NA,NA
EMP11057,turvi.devan14,Turvi Devan,procurement,Consultant,work_from_home,LPT-11057,dev 45261,active,13-May-2026 20:33:55,NA,manager415
EMP12907,ekani.kalita20,Ekani Kalita,information_technology,Trainee,data_center,LPT-12907,DEV-29783,open,25-May-2023 02:38:26,not available,MANAGER284
EMP11690,madhav.handa28,Madhav Handa,people_team,Analyst,data_center,WS-11690,DEV29647,open,,NA,manager501
EMP11487,manya.sridhar12,Manya Sridhar,operations,Analyst,regional_office,VDR-11487,dev 95736,active,2024-05-07T15:56:04,not available,NA
EMP10557,watika.sami2,Watika Sami,finance,Director,data_center,LPT-10557,DEV-92660,active,1771260741,not available,manager598
EMP12561,OVIYA.PRADHAN73,Oviya Pradhan,human_resources,Specialist,head_office,WS-12561,DEV48217,open,2024-10-28 09:30:27,not available,  manager547  
EMP11173,,Adya Mutti,legal,Engineer,,LPT-11173,DEV-17322,active,2020-12-30 05:44:06,NA,NA
EMP10176,lajita.choudhury92,Lajita Choudhury,cs,Manager,,LPT-10176,dev31012,open,2024-05-13 22:21:16,NA,manager547
EMP10322,bakhshi.dora47,Bakhshi Dora,support,Analyst,work_from_home,VDR-10322,dev 67850,active,2023-08-13 21:49:53,,manager949
EMP11188,pranav.dara5,Pranav Dara,marketing,Executive,branch_office,VDR-11188,DEV70700,active,1745864704,not available,manager835
EMP11461,,Laksh Luthra,operations,Administrator,data_center,WS-11461,DEV98473,active,,not available,manager283
EMP12478,tanay.khosla86,Tanay Khosla,marketing,Executive,regional_office,WS-12478,dev28342,active,1661757190,not available,manager218
EMP11545,  hritik.shan95  ,Hritik Shan,procurement,Consultant,regional_office,WS-11545,DEV-64411,active,10-09-2020 01:51:57 AM,,NA
EMP10695,charita_dhingra41,Charita Dhingra,legal,Director,data_center,WS-10695,dev81449,active,2021/06/22,NA,manager292
EMP11628,gautami.chaudhry69,Gautami Chaudhry,information_technology,Director,regional_office,VDR-11628,DEV-78679,blocked,,08-Jul-2024 02:07:44,NA
EMP10080,ubika.anne68,Ubika Anne,supply_chain,Administrator,head_office,LPT-10080,dev48829,active,11/07/2021 12:07,not available,manager825
EMP12525,oeshi.gara54,Oeshi Gara,research_development,Director,remote,VDR-12525,dev 96412,terminated,2025/05/01,NA,NA
EMP11149,ekaraj.kaur18,Ekaraj Kaur,marketing_dept,Analyst,regional_office,LPT-11149,dev37521,active,01-05-2020 08:23:19 AM,not available,manager747
EMP11151,aadhya.saini38,Aadhya Saini,operations,Analyst,regional_office,LPT-11151,DEV-56593,open,18-May-2022 23:11:00,not available,manager116
EMP10862,gauri.nagi49,Gauri Nagi,finance,Director,work_from_home,,dev 88654,active,29/05/2022,not available,manager293
EMP11260,alexander.gaba61,Alexander Gaba,customer_care,Trainee,remote,,DEV25509,terminated,2020-09-18 04:28:21,,MANAGER614
EMP10439,WILLIAM.SANKARAN18,William Sankaran,operations,Trainee,,,DEV-31611,terminated,2023-06-07T07:03:41,,manager234
EMP10471,ekaraj_sharaf36,Ekaraj Sharaf,legal,Consultant,remote,WS-10471,dev 27481,active,2025-02-14T23:28:45,not available,manager866
EMP12230,chakradev.loyal14,Chakradev Loyal,human_resources,Consultant,,WS-12230,DEV20599,active,2020/05/15,NA,  manager332  
EMP12011,  wishi.ganesh63  ,Wishi Ganesh,procurement,Officer,work_from_home,LPT-12011,dev23413,open,03-22-2022 04:54:18 AM,not available,manager529
EMP11706,JYOTI.SARAF98,Jyoti Saraf,operations,Manager,remote,WS-11706,,active,27-Feb-2025 11:05:04,not available,  manager266  
EMP10812,advika.mani57,Advika Mani,sales_team,Officer,data_center,WS-10812,,open,1596522365,NA,NA
EMP11234,gaurika.chopra35,Gaurika Chopra,brand_team,Trainee,branch_office,LPT-11234,dev 55685,active,1752836459,not available,manager863
EMP12246,unni.hayer3,Unni Hayer,finance,Consultant,work_from_home,WS-12246,DEV68351,active,16-Jun-2020 17:17:41,not available,manager281
EMP10568,mekhala.nadig40,Mekhala Nadig,sales,Engineer,regional_office,WS-10568,dev 68085,active,02-11-2021 08:43:50 PM,not available,manager274
EMP12425,jeet.rajagopalan64,Jeet Rajagopalan,research_development,Officer,data_center,LPT-12425,dev 51114,open,,not available,unknown
EMP11653,BALHAAR.BHAKTA94,Balhaar Bhakta,procurement,Consultant,,VDR-11653,dev 63504,active,1660219368,,manager244
EMP10141,,Nidhi Murty,operations,Executive,,LPT-10141,,on_leave,11/10/2024 02:08,,manager225
EMP10511,samaksh.dutt66,Samaksh Dutt,finance,Trainee,branch_office,LPT-10511,,terminated,10-Aug-2025 17:25:10,NA,manager849
EMP11612,  aarush.vasa18  ,Aarush Vasa,operations,Executive,,WS-11612,DEV56551,open,2023/08/30,not available,NA
EMP12605,tripti.chander54,Tripti Chander,call_center,Analyst,data_center,,dev 44035,terminated,,,NA
EMP11809,GIRISH.ATWAL74,Girish Atwal,brand_team,Trainee,,WS-11809,,active,25/01/2026,not available,manager755
EMP12866,ABHIRAM.BAHRI83,Abhiram Bahri,customer_support,Trainee,,WS-12866,,open,2022-06-20T09:08:47,not available,manager634
EMP11684,timothy.gopal8,Timothy Gopal,supply_chain,Director,head_office,VDR-11684,DEV-68449,active,01/05/2026 08:41,not available,manager426
EMP10610,ojasvi.gour94,Ojasvi Gour,human_resources,Consultant,work_from_home,WS-10610,,active,,NA,manager939
EMP12810,garima.kant8,Garima Kant,cs,Executive,regional_office,LPT-12810,DEV-20476,active,2020-07-16T08:39:00,,MANAGER863
EMP11966,varsha.bhakta93,Varsha Bhakta,finance,Engineer,,VDR-11966,DEV76303,open,2022-01-16 02:18:51,not available,MANAGER443
EMP10831,nilima.bahri98,Nilima Bahri,operations_dept,Executive,warehouse,WS-10831,DEV-57622,on_leave,,not available,  manager967  
EMP10177,jason.rege12,Jason Rege,sales,Trainee,remote,LPT-10177,DEV64381,active,04-08-2024 04:21:48 PM,NA,manager495
EMP10857,manbir_subramaniam95,Manbir Subramaniam,finance,Administrator,,VDR-10857,DEV-87728,inactive,2022/05/25,1764746732,  manager502  
EMP10693,wriddhish.babu12,Wriddhish Babu,supply_chain,Analyst,warehouse,VDR-10693,dev 62978,inactive,2022/07/02,02-May-2026 18:32:06,manager154
EMP11736,vanya.desai85,Vanya Desai,operations,Officer,,LPT-11736,dev 52036,active,12-13-2022 10:22:07 AM,not available,manager694
EMP11072,yashoda.kannan15,Yashoda Kannan,research_development,Officer,branch_office,LPT-11072,dev37740,active,11-Aug-2025 18:09:36,NA,manager208
EMP11278,niharika.lad59,Niharika Lad,procurement,Consultant,,LPT-11278,DEV11092,active,30-Oct-2025 20:34:33,NA,manager797
EMP11503,turvi.pillay41,Turvi Pillay,support,Consultant,,WS-11503,dev 94984,active,06-19-2024 08:29:59 PM,not available,MANAGER595
EMP10183,arjun.dara86,Arjun Dara,human_resources,Officer,remote,LPT-10183,dev78951,open,26-Apr-2024 03:05:01,NA,manager499
EMP11468,neelima_varty56,Neelima Varty,people_team,Engineer,warehouse,WS-11468,dev 49741,active,1722565823,,NA
EMP12227,sanaya.korpal34,Sanaya Korpal,research_development,Engineer,head_office,LPT-12227,DEV65008,active,2024-08-11T16:42:44,,unknown
EMP12727,unni.borra40,Unni Borra,operations,Analyst,,WS-12727,,blocked,2024-10-12 09:10:19,,
EMP10565,vidhi.balan53,Vidhi Balan,finance,Executive,work_from_home,LPT-10565,DEV26389,active,18/08/2025 19:58,NA,manager861
EMP12901,advay.jayaraman98,Advay Jayaraman,legal,Consultant,work_from_home,WS-12901,DEV81061,open,23/10/2023 22:52,,manager665
EMP12340,gautami.contractor31,Gautami Contractor,information_technology,Trainee,regional_office,WS-12340,dev 40030,blocked,2022-08-05 06:16:54,15-May-2025 23:23:09,manager252
EMP11985,yochana.shere98,Yochana Shere,compliance,Analyst,regional_office,WS-11985,,active,1660918045,,MANAGER841
EMP11829,azad.dewan44,Azad Dewan,procurement,Consultant,work_from_home,,DEV43827,active,2024/08/29,NA,
EMP12850,jatin.nigam57,Jatin Nigam,information_technology,Engineer,warehouse,WS-12850,dev 16862,open,2020-04-17 08:28:24,,manager420
EMP10486,  thomas.kaul29  ,Thomas Kaul,sales_dept,Consultant,remote,WS-10486,dev48479,active,2026-05-27 10:04:33,,manager586
EMP12940,aryan.prabhu29,Aryan Prabhu,mktg,Specialist,warehouse,VDR-12940,dev 15192,active,2021-10-10 14:01:58,NA,manager533
EMP11204,karan.zachariah68,Karan Zachariah,sales_team,Administrator,branch_office,,dev 22116,on_leave,08-24-2023 09:49:59 AM,1732720511,manager457
EMP10370,TEJAS.DHALIWAL72,Tejas Dhaliwal,customer_support,Engineer,head_office,WS-10370,DEV23357,inactive,03-10-2021 07:43:29 AM,2021-09-17T22:06:43,NA
EMP10162,jason.dayal95,Jason Dayal,information_technology,Trainee,work_from_home,VDR-10162,dev 95437,open,22/02/2025 16:30,,manager254
EMP12646,lavanya.grover78,Lavanya Grover,information_technology,Director,regional_office,VDR-12646,DEV13959,inactive,2024/05/25,not available,manager502
EMP12650,hemal.sarin58,Hemal Sarin,information_technology,Trainee,,VDR-12650,dev 70735,active,19-Nov-2022 05:44:28,not available,manager262
EMP12931,JANYA.BORA79,Janya Bora,human_resources,Director,,WS-12931,DEV-10385,active,16-May-2021 22:55:58,,unknown
EMP11911,joshua.ahluwalia5,Joshua Ahluwalia,marketing,Analyst,warehouse,WS-11911,dev25765,on_leave,2025-06-20 18:59:19,NA,
EMP10729,INAYA.CHAUDHURI44,Inaya Chaudhuri,human_resources,Trainee,work_from_home,,DEV94907,open,09-18-2024 04:41:17 PM,not available,manager493
EMP10969,URVASHI.UPADHYAY40,Urvashi Upadhyay,human_resources,Manager,head_office,,DEV-66616,inactive,,01/10/2025,NA
EMP10670,,Lekha Prabhu,information_technology,Administrator,data_center,LPT-10670,dev 75149,terminated,2023-02-28 11:16:46,12/06/2024 14:05,MANAGER409
EMP10887,EKAPAD.AGARWAL62,Ekapad Agarwal,marketing,Executive,branch_office,VDR-10887,DEV49375,inactive,13-Jun-2024 04:34:14,2024-08-26 08:00:34,manager146
EMP10030,karan.hari9,Karan Hari,procurement,Manager,regional_office,LPT-10030,dev 62923,open,04/11/2024 22:04,,manager708
EMP11055,urmi.sunder11,Urmi Sunder,support,Engineer,data_center,LPT-11055,dev 65950,active,27-Jul-2022 23:07:26,NA,manager645
EMP12079,upasna.choudhary60,Upasna Choudhary,call_center,Officer,warehouse,VDR-12079,dev 67458,active,2021/10/16,,MANAGER839
EMP11583,hemang.bansal35,Hemang Bansal,human_resources,Trainee,warehouse,VDR-11583,DEV84136,active,31/05/2024 08:58,NA,
EMP11591,  dalaja.tak30  ,Dalaja Tak,operations,Administrator,head_office,VDR-11591,DEV21853,active,30/08/2022 05:19,NA,manager754
EMP10173,dalbir.sem96,Dalbir Sem,research_development,Engineer,warehouse,LPT-10173,dev50562,on_leave,,not available,
EMP11962,abhimanyu.krishnamurthy64,Abhimanyu Krishnamurthy,mktg,Administrator,work_from_home,VDR-11962,,on_leave,2023-07-14T22:44:18,not available,NA
EMP10296,osha.kapur39,Osha Kapur,information_technology,Director,remote,VDR-10296,dev 59792,blocked,,08-19-2024 06:56:50 PM,NA
EMP10325,liam.tandon27,Liam Tandon,sales_team,Analyst,warehouse,WS-10325,dev 79767,active,2024-07-31 21:29:41,,manager820
EMP11236,JAGDISH.CHAUDHRY92,Jagdish Chaudhry,marketing_dept,Director,head_office,VDR-11236,,open,2021-10-01 11:55:52,not available,unknown
EMP11988,hemal.gokhale89,Hemal Gokhale,supply_chain,Specialist,data_center,WS-11988,,active,02/04/2021,not available,
EMP11738,yamini.bala47,Yamini Bala,legal,Manager,warehouse,WS-11738,DEV28040,open,2023/01/19,not available,MANAGER561
EMP12759,ekanta.gola20,Ekanta Gola,sales_team,Trainee,remote,LPT-12759,,open,07/04/2022 05:47,not available,manager514
EMP11472,anamika_singh82,Anamika Singh,operations,Manager,branch_office,LPT-11472,DEV-12368,active,2021-11-17 19:15:29,,manager394
EMP11925,triya.narasimhan75,Triya Narasimhan,human_resources,Executive,,LPT-11925,DEV79932,on_leave,,2024-04-26 14:13:10,unknown
EMP12714,inaya.kapadia64,Inaya Kapadia,procurement,Specialist,warehouse,LPT-12714,dev32601,active,21-Jul-2021 18:59:08,NA,  manager272  
EMP10605,owen.kashyap42,Owen Kashyap,procurement,Engineer,warehouse,VDR-10605,,active,2024/09/05,NA,NA
EMP11283,ranbir.kalita61,Ranbir Kalita,operations,Engineer,work_from_home,VDR-11283,dev93498,active,2023-05-25 00:04:00,NA,
EMP12671,victor.kumer39,Victor Kumer,sales_dept,Specialist,head_office,WS-12671,dev43953,active,04-17-2020 11:34:26 AM,,manager277
EMP12626,nimrat.rattan2,Nimrat Rattan,sales,Engineer,remote,LPT-12626,dev 95036,active,2022/03/12,not available,
EMP12881,nirja.virk29,Nirja Virk,information_technology,Specialist,work_from_home,WS-12881,dev 19065,active,1757144550,NA,manager697
EMP12669,vyanjana.jayaraman1,Vyanjana Jayaraman,legal,Trainee,,WS-12669,dev12844,open,1724306001,not available,manager832
EMP10073,eta.saini12,Eta Saini,marketing_dept,Trainee,branch_office,WS-10073,,active,2023-03-23 11:29:26,NA,manager606
EMP10048,george_dayal65,George Dayal,brand_team,Director,remote,WS-10048,dev48752,active,,,  manager488  
EMP12258,megha_bal48,Megha Bal,procurement,Consultant,branch_office,LPT-12258,,open,2020-04-13T07:52:17,not available,manager598
EMP11916,CHANDRAN.BATTA95,Chandran Batta,human_resources,Specialist,head_office,VDR-11916,DEV46078,active,02-May-2021 15:21:02,not available,manager146
EMP11815,YATIN.SODHI3,Yatin Sodhi,sales,Director,work_from_home,VDR-11815,DEV29289,open,1736329122,not available,unknown
EMP10535,  vansha.dar1  ,Vansha Dar,people_team,Executive,data_center,VDR-10535,,active,2022-03-28 09:33:40,,  manager181  
EMP11270,pallavi.prashad61,Pallavi Prashad,human_resources,Analyst,work_from_home,LPT-11270,dev84352,open,22/06/2022 01:04,not available,unknown
EMP12132,daksha.ratti52,Daksha Ratti,mktg,Administrator,,LPT-12132,dev31065,active,03-Nov-2023 02:43:17,,
EMP11665,oni_goda48,Oni Goda,human_resources,Executive,branch_office,VDR-11665,dev49335,active,2021-04-09 10:29:03,,manager909
EMP11071,faqid.dani64,Faqid Dani,human_resources,Administrator,work_from_home,VDR-11071,dev81925,on_leave,21/12/2023 07:21,,manager556
EMP11566,ekani.panchal59,Ekani Panchal,human_resources,Manager,warehouse,VDR-11566,dev 48759,active,1671151472,,MANAGER546
EMP12748,nisha.babu33,Nisha Babu,procurement,Executive,work_from_home,VDR-12748,,open,1578232125,,manager559
EMP12206,utkarsh.mittal36,Utkarsh Mittal,operations,Specialist,,WS-12206,DEV19769,open,11-10-2025 05:55:15 PM,not available,manager543
EMP12780,MICHAEL.ZACHARIA55,Michael Zacharia,legal,Specialist,work_from_home,LPT-12780,DEV91577,terminated,01-Oct-2024 19:38:24,,manager682
EMP10838,,Damyanti Dasgupta,finance,Engineer,branch_office,VDR-10838,dev99824,open,14/09/2023 16:56,not available,manager980
EMP11094,  bimala.narasimhan13  ,Bimala Narasimhan,operations,Manager,regional_office,VDR-11094,DEV-34233,active,17/12/2025 03:06,not available,manager669
EMP11345,lipika.gupta33,Lipika Gupta,information_technology,Consultant,,VDR-11345,,active,12-22-2022 01:43:58 PM,,  manager619  
EMP12304,hiral.sheth32,Hiral Sheth,marketing,Engineer,work_from_home,LPT-12304,dev41573,open,03/01/2026,NA,
EMP11233,shivansh_karan47,Shivansh Karan,human_resources,Engineer,head_office,WS-11233,DEV-28161,open,03-11-2026 12:31:04 AM,,manager229
EMP12597,ONI.DHAR38,Oni Dhar,innovation,Trainee,,LPT-12597,DEV96820,active,2020-07-05 16:35:59,NA,manager470
EMP11846,,Chakrika Mohanty,information_technology,Manager,head_office,VDR-11846,DEV25429,active,10-26-2023 05:54:56 PM,not available,manager840
EMP12829,wridesh_varkey26,Wridesh Varkey,information_technology,Manager,,LPT-12829,dev99049,active,07/10/2020,not available,MANAGER928
EMP10324,hemal.menon31,Hemal Menon,sales,Specialist,regional_office,WS-10324,,active,2021-05-30 16:29:11,not available,manager903
EMP10759,rohan.samra17,Rohan Samra,operations,Administrator,branch_office,VDR-10759,dev21892,open,2025-09-09T14:54:39,,MANAGER820
EMP11509,deepa.keer12,Deepa Keer,sales,Manager,branch_office,VDR-11509,DEV-49683,active,1638929018,NA,manager879
EMP11731,,Mahika Bhargava,sales,Manager,data_center,VDR-11731,,active,2024/03/25,not available,manager576
EMP12349,chanchal.bobal40,Chanchal Bobal,human_resources,Engineer,,LPT-12349,DEV-66360,terminated,2025/04/11,2026-05-29 10:03:53,manager564
EMP11883,falak_handa71,Falak Handa,customer_support,Manager,work_from_home,VDR-11883,DEV-81950,terminated,2025-11-15 06:05:09,17/06/2026 18:31,manager202
EMP10599,anmol.sawhney11,Anmol Sawhney,research_development,Analyst,remote,VDR-10599,dev 64519,inactive,01-10-2026 12:39:06 AM,2026/04/23,manager851
EMP12163,ethan.dhillon39,Ethan Dhillon,finance,Administrator,warehouse,VDR-12163,DEV42796,active,2022-06-30 07:19:38,,unknown
EMP10433,nandini.ravel92,Nandini Ravel,finance,Manager,data_center,,dev 92710,on_leave,31/08/2022,not available,manager104
EMP12379,joshua.dyal71,Joshua Dyal,brand_team,Engineer,remote,,dev 52894,open,2021-11-18T12:22:28,NA,manager328
EMP11547,ryan.rau52,Ryan Rau,people_team,Consultant,remote,WS-11547,dev18559,active,2025-07-18 16:46:50,not available,manager818
EMP11744,avi.basak59,Avi Basak,finance,Engineer,regional_office,LPT-11744,dev76127,inactive,2024/03/18,08/07/2024 17:03,
EMP10239,JATIN.CHADA37,Jatin Chada,research_development,Officer,warehouse,WS-10239,DEV-27589,inactive,2023-12-25 02:09:29,17/06/2024,manager848
EMP10817,geetika.ganesh63,Geetika Ganesh,call_center,Administrator,branch_office,WS-10817,dev24160,active,2024-02-29T07:56:16,,manager743
EMP12661,deepa.jha15,Deepa Jha,research_development,Executive,warehouse,WS-12661,DEV68143,open,20/01/2022,,
EMP11177,lekha.jhaveri61,Lekha Jhaveri,legal,Consultant,,VDR-11177,DEV-11731,active,04-29-2021 07:48:08 AM,NA,manager757
EMP12963,balendra_rao10,Balendra Rao,brand_team,Consultant,regional_office,VDR-12963,,active,23/10/2020,NA,
EMP11730,wridesh.rajan59,Wridesh Rajan,procurement,Officer,remote,WS-11730,DEV-12956,open,30/01/2024 10:53,not available,
EMP12533,qarin.hayer3,Qarin Hayer,finance,Officer,branch_office,WS-12533,,active,,not available,NA
EMP12225,pavani.memon61,Pavani Memon,finance,Officer,branch_office,VDR-12225,DEV-90088,active,2026-02-18 10:34:01,NA,unknown
EMP12523,lohit.bhasin66,Lohit Bhasin,human_resources,Administrator,regional_office,WS-12523,dev98661,active,2020-12-26 14:00:15,,manager692
EMP11483,MEKHALA.CHOUDHARY37,Mekhala Choudhary,research_development,Executive,work_from_home,LPT-11483,dev62435,active,1720823161,NA,
EMP10912,mohammed.devan20,Mohammed Devan,operations,Consultant,work_from_home,LPT-10912,dev 26119,inactive,26/09/2023,not available,NA
EMP12096,bhavini.mutti77,Bhavini Mutti,operations,Executive,work_from_home,VDR-12096,DEV-86475,active,2020-02-23T02:12:48,,NA
EMP11965,DAMYANTI.MADAN68,Damyanti Madan,innovation,Consultant,work_from_home,LPT-11965,dev 86881,active,19-Jun-2023 08:55:31,,
EMP10926,ishaan.narang92,Ishaan Narang,procurement,Executive,regional_office,WS-10926,DEV-78113,active,22-Nov-2020 22:17:17,NA,manager696
EMP12212,MATTHEW.BATH56,Matthew Bath,customer_support,Officer,warehouse,VDR-12212,dev 84154,active,1719876367,,unknown
EMP11421,bina.kar2,Bina Kar,sales,Trainee,remote,VDR-11421,DEV35544,active,22-Aug-2022 08:24:29,not available,  manager477  
EMP12579,balveer.nair93,Balveer Nair,information_technology,Executive,regional_office,VDR-12579,dev 22006,open,17/04/2021 21:25,not available,unknown
EMP10594,gabriel.mistry80,Gabriel Mistry,operations,Specialist,,WS-10594,dev 18302,active,2024/08/01,not available,NA
EMP10601,urmi.borra25,Urmi Borra,customer_care,Engineer,warehouse,VDR-10601,DEV-33448,open,1727661797,,manager208
EMP10637,hitesh.shroff73,Hitesh Shroff,procurement,Engineer,warehouse,,DEV40266,active,2023-01-21 04:28:01,NA,manager898
EMP12899,nidhi.dayal3,Nidhi Dayal,legal,Executive,branch_office,LPT-12899,DEV-70315,active,2021-11-14T17:07:51,not available,  manager221  
EMP11795,agastya.kala68,Agastya Kala,operations,Consultant,,WS-11795,DEV76526,active,1696536132,,manager481
EMP11010,  kiaan.issac82  ,Kiaan Issac,mktg,Manager,,LPT-11010,dev 98458,open,09/04/2020,,NA
EMP10680,chanchal.srivastava91,Chanchal Srivastava,procurement,Specialist,,VDR-10680,DEV-68436,active,08-28-2022 05:15:49 PM,not available,manager302
EMP12431,lohit.raja77,Lohit Raja,supply_chain,Administrator,warehouse,,DEV79054,open,05-14-2021 08:21:14 PM,,manager303
EMP11778,  viraj.wadhwa36  ,Viraj Wadhwa,marketing_dept,Specialist,data_center,VDR-11778,dev96391,active,2025-03-19T16:35:57,not available,
EMP10414,garima.bedi78,Garima Bedi,people_team,Engineer,data_center,LPT-10414,DEV-63368,active,,,manager482
EMP10874,dominic.shenoy64,Dominic Shenoy,human_resources,Executive,head_office,WS-10874,DEV22265,active,1654103729,not available,manager272
EMP10527,william.modi62,William Modi,legal,Consultant,warehouse,,,open,,not available,manager884
EMP11512,samesh_sangha73,Samesh Sangha,information_technology,Specialist,data_center,LPT-11512,dev 68017,active,2021-08-28T05:14:55,not available,manager750
EMP12548,nachiket.singh66,Nachiket Singh,innovation,Manager,regional_office,WS-12548,,active,,,manager943
EMP10108,AAHANA.SAMRA10,Aahana Samra,research_development,Administrator,remote,VDR-10108,dev62098,active,1666035452,not available,unknown
EMP11206,guneet.lalla74,Guneet Lalla,legal,Analyst,,VDR-11206,dev36025,active,2025-09-06 06:53:35,,manager248
EMP12414,ishani.bava73,Ishani Bava,finance,Analyst,data_center,,,active,17/09/2020,not available,manager719
EMP12439,zinal.agarwal70,Zinal Agarwal,legal,Executive,data_center,WS-12439,DEV-23730,open,09-11-2024 11:17:10 AM,not available,manager895
EMP11116,sneha.devi66,Sneha Devi,call_center,Manager,data_center,LPT-11116,dev 90777,active,2026-05-06 11:37:20,not available,manager535
EMP10318,saumya.mody46,Saumya Mody,information_technology,Trainee,branch_office,LPT-10318,dev60324,on_leave,1713514284,NA,manager518
EMP11951,HARSH.DUGAR36,Harsh Dugar,mktg,Officer,warehouse,VDR-11951,DEV76219,terminated,10/03/2020 21:07,05-29-2026 08:02:08 AM,manager347
EMP11161,neel.venkataraman70,Neel Venkataraman,human_resources,Analyst,,LPT-11161,dev23476,active,2020-11-14T15:52:55,,  manager956  
EMP12700,ZILMIL.SUR74,Zilmil Sur,finance,Specialist,,LPT-12700,dev89362,open,21/07/2023 03:27,,manager951
EMP11558,neelima.divan52,Neelima Divan,brand_team,Specialist,head_office,LPT-11558,dev 39651,open,,not available,MANAGER436
EMP12920,lakshit.yohannan97,Lakshit Yohannan,legal,Officer,warehouse,LPT-12920,dev 14911,active,22/09/2023 12:58,,unknown
EMP10402,bhavini.gaba45,Bhavini Gaba,support,Director,work_from_home,VDR-10402,dev 39820,active,17-Apr-2023 16:43:21,,NA
EMP11502,wyatt.jani93,Wyatt Jani,call_center,Officer,data_center,WS-11502,dev 91062,terminated,,06-04-2025 12:25:00 PM,unknown
EMP10937,ridhi.kumer20,Ridhi Kumer,operations,Manager,work_from_home,VDR-10937,dev97097,open,2023-04-18 02:20:37,,manager504
EMP12004,daksha.mangal11,Daksha Mangal,research_development,Analyst,branch_office,LPT-12004,dev98871,active,02-16-2025 05:30:30 AM,,manager488
EMP11261,krishna.nayar56,Krishna Nayar,cs,Consultant,head_office,WS-11261,dev 45728,open,2020-06-01T15:43:34,NA,manager849
EMP12722,falak.lanka40,Falak Lanka,innovation,Director,regional_office,LPT-12722,dev48482,open,18/04/2024,not available,NA
EMP12806,rajata.lalla49,Rajata Lalla,human_resources,Manager,remote,VDR-12806,,active,2024-10-08 14:02:10,not available,manager266
EMP10387,ABHIMANYU.ATWAL89,Abhimanyu Atwal,supply_chain,Consultant,branch_office,VDR-10387,DEV87194,inactive,2023/03/21,23-Feb-2026 03:26:47,manager281
EMP11960,finn.mall2,Finn Mall,finance,Engineer,work_from_home,LPT-11960,DEV-13853,active,1667652211,,NA
EMP11850,,Eshana Nigam,operations,Trainee,branch_office,WS-11850,DEV-65358,active,23-May-2026 20:57:13,NA,  manager816  
EMP10810,anika.acharya16,Anika Acharya,research_development,Manager,warehouse,LPT-10810,dev 74987,active,2025-12-29 12:32:44,,manager839
EMP10755,BHAVINI.ACHARYA76,Bhavini Acharya,innovation,Trainee,remote,LPT-10755,DEV66113,open,2022/02/05,,manager544
EMP11174,max.ganguly91,Max Ganguly,accounts,Director,regional_office,LPT-11174,dev65667,active,19-Dec-2025 04:18:23,not available,manager695
EMP11587,isaac.bora28,Isaac Bora,procurement,Executive,head_office,VDR-11587,DEV53117,open,2023-07-04 11:40:38,,
EMP12713,hritik_shukla36,Hritik Shukla,legal,Manager,data_center,WS-12713,,active,1725604884,,manager188
EMP11235,hritik.dar64,Hritik Dar,legal,Officer,data_center,LPT-11235,,open,2025-11-04 14:43:01,,unknown
EMP11891,,Charita Shenoy,people_team,Director,warehouse,LPT-11891,dev43152,open,,,manager756
EMP10070,mekhala.bajwa65,Mekhala Bajwa,operations,Analyst,work_from_home,WS-10070,dev74251,active,01-30-2023 06:41:50 AM,not available,MANAGER948
EMP12760,vrishti.mall91,Vrishti Mall,information_technology,Engineer,warehouse,WS-12760,DEV95069,active,03/01/2020 09:21,NA,manager872
EMP12342,LOHIT.DOCTOR85,Lohit Doctor,compliance,Engineer,warehouse,VDR-12342,dev 72066,active,2023-04-14 14:55:10,NA,manager848
EMP12263,vamakshi.raval28,Vamakshi Raval,finance,Consultant,work_from_home,LPT-12263,dev 19552,active,25/03/2023,not available,manager233
EMP10839,wazir_sheth9,Wazir Sheth,sales_dept,Director,remote,WS-10839,,active,,not available,manager515
EMP10056,ANVI.PARMAR57,Anvi Parmar,supply_chain,Officer,,VDR-10056,DEV-68446,terminated,04-29-2026 10:58:07 AM,not available,manager869
EMP12468,manan.mittal77,Manan Mittal,information_technology,Director,data_center,WS-12468,dev 97197,active,03/08/2023,,MANAGER510
EMP11817,brinda.iyer33,Brinda Iyer,research_development,Director,,VDR-11817,dev70975,active,27/09/2021 22:58,NA,manager525
EMP11395,tejas.sami53,Tejas Sami,support,Administrator,data_center,WS-11395,DEV-79888,open,03/04/2023 02:25,not available,manager608
EMP11556,bishakha_mangat17,Bishakha Mangat,operations,Officer,,VDR-11556,DEV97612,active,1706092534,NA,
EMP12086,vincent.dube76,Vincent Dube,research_development,Manager,warehouse,LPT-12086,dev29029,open,05-21-2025 01:34:35 PM,,MANAGER255
EMP11904,yashawini.comar81,Yashawini Comar,innovation,Officer,head_office,LPT-11904,dev12565,open,2025/11/12,NA,NA
EMP12501,damyanti.misra13,Damyanti Misra,marketing,Engineer,data_center,WS-12501,DEV-30955,open,2023/04/30,,NA
EMP12161,omya.sahota27,Omya Sahota,legal,Consultant,,WS-12161,DEV94884,active,,,manager435
EMP10309,hardik.dani22,Hardik Dani,sales_team,Officer,branch_office,,,active,17/08/2023 16:24,not available,
EMP11961,benjamin_srinivasan15,Benjamin Srinivasan,cs,Executive,work_from_home,VDR-11961,dev78664,terminated,29-Jan-2022 06:43:42,,manager819
EMP11253,bachittar.sathe85,Bachittar Sathe,research_development,Administrator,remote,VDR-11253,dev 73269,active,2022-03-30 15:15:02,NA,NA
EMP11228,TANMAYI.DHAR12,Tanmayi Dhar,people_team,Trainee,work_from_home,,DEV37259,active,05/03/2024 14:22,NA,NA
EMP12769,banjeet.savant73,Banjeet Savant,procurement,Director,branch_office,LPT-12769,,open,01-07-2025 02:13:31 AM,not available,NA
EMP11537,nachiket.subramaniam52,Nachiket Subramaniam,procurement,Administrator,head_office,VDR-11537,dev 61111,open,1638296501,NA,manager254
EMP11741,warda.rajagopal65,Warda Rajagopal,customer_support,Analyst,warehouse,LPT-11741,DEV-85427,active,06-Sep-2024 04:25:11,,manager268
EMP11351,raksha.de11,Raksha De,people_team,Engineer,warehouse,VDR-11351,DEV-85292,open,03-30-2026 07:22:18 AM,,manager850
EMP11376,matthew.dalal24,Matthew Dalal,research_development,Administrator,branch_office,LPT-11376,,terminated,23/05/2024 02:34,not available,manager103
EMP12162,megha.garg48,Megha Garg,procurement,Analyst,data_center,WS-12162,dev11006,active,2025-01-19T20:36:12,NA,
EMP12813,DAMYANTI.PALAN49,Damyanti Palan,information_technology,Consultant,branch_office,LPT-12813,,active,2020-08-16 21:24:55,,manager408
EMP11861,WAZIR.KHATRI54,Wazir Khatri,information_technology,Officer,,VDR-11861,DEV-93888,inactive,16/07/2026,,
EMP12716,lakshmi.sen22,Lakshmi Sen,sales,Administrator,remote,WS-12716,dev 53940,inactive,04-05-2024 12:00:42 PM,05-07-2025 10:48:06 AM,manager879
EMP12709,manan.jhaveri26,Manan Jhaveri,legal,Manager,head_office,VDR-12709,dev 90900,active,2026-01-22T19:40:32,NA,manager545
EMP11659,VRITTI.SUNDARAM41,Vritti Sundaram,operations,Engineer,regional_office,LPT-11659,,open,2020-07-24T03:02:16,,manager423
EMP10436,omkaar_pau69,Omkaar Pau,sales,Consultant,head_office,WS-10436,dev79603,open,10-03-2025 01:59:57 PM,,manager851
EMP12078,omya.comar71,Omya Comar,sales,Executive,head_office,LPT-12078,DEV44774,active,02-28-2024 02:24:49 AM,NA,MANAGER802
EMP11222,vasatika.saraf30,Vasatika Saraf,human_resources,Executive,warehouse,LPT-11222,dev92764,active,2023/05/02,,unknown
EMP11491,zarna.mandal21,Zarna Mandal,sales,Trainee,,LPT-11491,dev 10902,open,2025-10-19 23:21:55,,manager987
EMP11912,vinaya.ravi27,Vinaya Ravi,human_resources,Consultant,branch_office,VDR-11912,dev25568,open,02-16-2022 04:57:51 PM,,unknown
EMP10313,nathaniel.seshadri86,Nathaniel Seshadri,research_development,Officer,regional_office,WS-10313,dev 88246,open,04-May-2023 14:12:09,,manager456
EMP10233,onveer.borah62,Onveer Borah,sales,Engineer,work_from_home,VDR-10233,dev45537,terminated,,14/01/2026 08:21,manager700
EMP11436,christopher.sarna67,Christopher Sarna,innovation,Executive,head_office,VDR-11436,dev60551,active,2024-11-01 22:11:19,not available,manager819
EMP10685,anamika.sundaram14,Anamika Sundaram,operations,Officer,regional_office,LPT-10685,,active,30/05/2023 07:02,not available,MANAGER344
EMP12918,nitara.gulati69,Nitara Gulati,sales_team,Manager,head_office,WS-12918,dev 18374,active,02-10-2024 08:42:46 PM,NA,
EMP10111,  jai.memon6  ,Jai Memon,operations,Analyst,remote,WS-10111,dev 59131,open,2022-01-28T16:40:49,not available,manager679
EMP11213,divya.gupta70,Divya Gupta,compliance,Director,remote,VDR-11213,,active,30/05/2022 00:31,not available,MANAGER977
EMP11413,tejas.vora50,Tejas Vora,operations_dept,Specialist,work_from_home,VDR-11413,DEV89269,active,09/04/2026 14:30,,unknown
EMP11127,kritika.gole37,Kritika Gole,information_technology,Executive,data_center,WS-11127,dev53412,terminated,13/05/2021 01:45,10/06/2025 04:35,unknown
EMP12916,kashvi.toor41,Kashvi Toor,research_development,Analyst,remote,LPT-12916,DEV-94372,active,2024/01/26,not available,manager791
EMP11971,aachal.cheema98,Aachal Cheema,information_technology,Director,branch_office,VDR-11971,,open,04/05/2026 03:15,not available,manager279
EMP10472,ARYAN.GOUR66,Aryan Gour,brand_team,Officer,work_from_home,WS-10472,dev82559,active,16/09/2021 03:22,not available,manager831
EMP12835,reva.pal71,Reva Pal,sales_team,Engineer,remote,VDR-12835,DEV-89596,active,2025/05/02,NA,manager571
EMP12251,isaac.rajagopal76,Isaac Rajagopal,mktg,Trainee,,VDR-12251,DEV-54536,active,2022-05-27T18:11:04,not available,manager954
EMP10903,unni.guha76,Unni Guha,operations,Specialist,work_from_home,VDR-10903,dev96108,active,1656594163,not available,manager499
EMP10897,tanvi.singh95,Tanvi Singh,research_development,Trainee,,,DEV-68918,active,2021-09-17T12:52:50,not available,manager949
EMP12448,aarna.magar22,Aarna Magar,procurement,Consultant,,LPT-12448,,open,26/09/2021,NA,manager619
EMP11939,EKBAL.WALIA16,Ekbal Walia,sales_team,Director,branch_office,WS-11939,,open,26/09/2022,,manager150
EMP12293,NIDHI.PILLAI54,Nidhi Pillai,innovation,Analyst,warehouse,,dev58089,active,2023-02-19 02:53:56,NA,
EMP12896,  pahal.shere50  ,Pahal Shere,legal,Executive,work_from_home,VDR-12896,DEV38001,active,18-Jun-2025 09:00:01,not available,unknown
EMP12684,omaja.venkatesh99,Omaja Venkatesh,sales_team,Analyst,head_office,VDR-12684,,active,2026-04-23 18:36:26,NA,NA
EMP10361,ONKAR.BUTALA89,Onkar Butala,information_technology,Consultant,head_office,VDR-10361,dev59319,inactive,09/03/2026 09:05,18/04/2026,manager343
EMP10135,  jagdish.comar6  ,Jagdish Comar,customer_care,Administrator,data_center,VDR-10135,,active,28/01/2024,NA,
EMP11309,sachi.venkatesh74,Sachi Venkatesh,cs,Engineer,branch_office,WS-11309,dev 74369,active,2022-06-07 20:22:01,,manager859
EMP12995,harrison.mangal35,Harrison Mangal,procurement,Analyst,work_from_home,LPT-12995,DEV35518,open,25/04/2022,,
EMP11547,ryan.rau52,Ryan Rau,people_team,Consultant,remote,WS-11547,dev18559,active,2025-07-18 16:46:50,not available,manager818
EMP12328,EESHA.NIGAM82,Eesha Nigam,research_development,Engineer,regional_office,VDR-12328,dev 34917,terminated,17-Feb-2025 16:00:01,02-18-2025 06:32:55 PM,manager973
EMP10366,zinal.saha75,Zinal Saha,human_resources,Executive,head_office,LPT-10366,,active,2023-06-16 23:46:22,NA,manager466
EMP11017,kalpit.mannan92,Kalpit Mannan,marketing_dept,Director,warehouse,LPT-11017,DEV-64401,open,03/04/2025 05:46,NA,manager568
EMP10029,victor.guha7,Victor Guha,procurement,Trainee,warehouse,VDR-10029,dev 30635,active,26/04/2024,not available,manager290
EMP12578,krisha.bansal35,Krisha Bansal,legal,Director,data_center,LPT-12578,DEV17034,open,2024-09-06T10:58:23,NA,manager759
EMP10022,zarna.chawla28,Zarna Chawla,call_center,Executive,regional_office,VDR-10022,DEV85525,open,09-Jan-2024 11:25:06,NA,unknown
EMP10408,akshay.sarraf2,Akshay Sarraf,procurement,Specialist,warehouse,WS-10408,dev 24748,active,1617618864,not available,manager696
EMP11924,chandani.palan99,Chandani Palan,information_technology,Engineer,data_center,WS-11924,DEV59220,active,15/12/2023,not available,
EMP11100,vasatika.buch89,Vasatika Buch,operations,Officer,remote,VDR-11100,,active,2025-11-07 07:48:07,NA,manager939
EMP10420,yauvani_narasimhan28,Yauvani Narasimhan,sales,Engineer,regional_office,LPT-10420,dev 45269,active,2024-05-13T17:01:23,NA,manager899
EMP12390,hemani.mohanty26,Hemani Mohanty,marketing_dept,Director,data_center,WS-12390,dev 18876,open,01-16-2021 04:47:15 PM,,manager538
EMP10460,jatin.mangal83,Jatin Mangal,legal,Director,,LPT-10460,,open,2024-11-15T08:34:52,NA,manager977
EMP10043,deepa.wagle29,Deepa Wagle,sales,Trainee,remote,WS-10043,dev 39831,active,2025-08-12 15:38:29,not available,MANAGER436
EMP10087,janani.dyal31,Janani Dyal,finance,Officer,,LPT-10087,dev 10350,active,2025-11-11 19:14:14,NA,manager398
EMP10859,gautami.kibe60,Gautami Kibe,sales,Administrator,regional_office,LPT-10859,,active,2023-08-25 13:21:10,not available,  manager252  
EMP10572,baljiwan.yadav12,Baljiwan Yadav,research_development,Administrator,,WS-10572,dev44053,active,2020/02/02,NA,  manager934  
EMP10944,quincy.goda70,Quincy Goda,finance,Administrator,branch_office,LPT-10944,DEV-43496,active,1619236894,NA,MANAGER517
EMP10282,theodore_bajaj68,Theodore Bajaj,information_technology,Engineer,branch_office,VDR-10282,DEV-84289,active,2020-05-24 15:54:43,,unknown
EMP12658,nathaniel.mody8,Nathaniel Mody,legal,Officer,,LPT-12658,,active,2026-06-17 14:25:39,not available,manager321
EMP12466,ojasvi.natt3,Ojasvi Natt,human_resources,Officer,data_center,LPT-12466,DEV-64322,terminated,18/04/2020,2025-08-31 00:17:54,unknown
EMP10102,  gaurangi.samra66  ,Gaurangi Samra,finance,Manager,remote,WS-10102,DEV-54548,terminated,26/04/2024 11:39,04-30-2024 11:18:18 AM,MANAGER405
EMP12932,dalbir.ahuja10,Dalbir Ahuja,customer_care,Manager,data_center,VDR-12932,DEV82327,open,09/06/2022 16:21,,unknown
EMP12476,laksh.kakar31,Laksh Kakar,finance,Trainee,data_center,LPT-12476,dev 65784,active,23/07/2024,,manager849
EMP10533,ayaan.kalita91,Ayaan Kalita,legal,Executive,work_from_home,VDR-10533,dev25608,active,10-19-2023 12:31:39 PM,,NA
EMP10776,IJAYA.GODA34,Ijaya Goda,operations,Executive,branch_office,VDR-10776,DEV14546,active,04-Dec-2022 07:05:30,not available,manager559
EMP12527,joshua.dash97,Joshua Dash,operations,Manager,work_from_home,VDR-12527,,inactive,,23-Aug-2026 18:46:51,
EMP12430,  mekhala.loyal73  ,Mekhala Loyal,people_team,Manager,data_center,VDR-12430,,open,,NA,manager724
EMP12464,,Zaitra Nori,legal,Administrator,head_office,,dev 44217,open,1629264173,not available,unknown
EMP12179,bhavika_naidu97,Bhavika Naidu,sales,Officer,,WS-12179,,inactive,13/04/2022,07/12/2025,
EMP10809,,Advaith Tiwari,finance,Consultant,data_center,WS-10809,dev38085,active,20/06/2023,NA,manager421
EMP10964,bahadurjit.ramanathan73,Bahadurjit Ramanathan,sales_team,Officer,regional_office,WS-10964,,inactive,2020-03-12 19:45:56,,  manager645  
EMP10978,  girish.tata8  ,Girish Tata,finance,Administrator,,WS-10978,DEV77256,on_leave,,not available,manager697
EMP10691,,Joshua Viswanathan,information_technology,Executive,,LPT-10691,DEV69372,active,,,manager557
EMP10932,ayush.zacharia48,Ayush Zacharia,human_resources,Specialist,work_from_home,WS-10932,,active,2024-11-11 09:52:12,,manager635
EMP11241,bhavani.shetty89,Bhavani Shetty,information_technology,Consultant,branch_office,WS-11241,,inactive,2021/12/23,2025/04/04,manager317
EMP12259,yashasvi.mammen73,Yashasvi Mammen,procurement,Analyst,regional_office,LPT-12259,dev 62138,active,28/08/2024,not available,manager659
EMP11672,ishwar.ganesan93,Ishwar Ganesan,marketing,Officer,branch_office,WS-11672,DEV46915,open,,NA,NA
EMP11426,  qasim.gade91  ,Qasim Gade,information_technology,Consultant,head_office,VDR-11426,dev 46369,on_leave,26/08/2021 07:17,NA,manager855
EMP10221,wakeeta.sur18,Wakeeta Sur,operations,Specialist,remote,LPT-10221,DEV-61505,on_leave,,not available,NA
EMP10543,bhavna.ramesh73,Bhavna Ramesh,research_development,Engineer,work_from_home,WS-10543,dev 70142,active,12-28-2024 04:57:23 AM,,
EMP11286,quincy.saran73,Quincy Saran,research_development,Officer,branch_office,WS-11286,DEV-67264,active,24/06/2024,,MANAGER420
EMP12209,gaurang.pathak52,Gaurang Pathak,supply_chain,Specialist,remote,VDR-12209,DEV71529,active,26/03/2025,not available,manager891
EMP10789,JASMIT.BOSE49,Jasmit Bose,marketing,Officer,data_center,LPT-10789,,blocked,02/08/2022,2025-09-24 13:19:49,  manager127  
EMP10794,zashil.mistry18,Zashil Mistry,operations,Executive,,WS-10794,dev 57338,open,11/01/2023,NA,manager398
EMP11720,faqid.dixit37,Faqid Dixit,research_development,Analyst,data_center,VDR-11720,DEV-95381,open,,not available,manager289
EMP12005,xavier.date15,Xavier Date,sales_dept,Director,,VDR-12005,,open,2023-12-24 04:18:21,not available,manager687
EMP11563,JEET.RAJU59,Jeet Raju,procurement,Administrator,warehouse,WS-11563,,open,1753785639,NA,unknown
EMP10612,OMYA.RAM43,Omya Ram,operations,Director,data_center,LPT-10612,DEV39716,active,14-Feb-2025 06:51:53,,
EMP11456,dev.kata13,Dev Kata,legal,Analyst,,WS-11456,DEV26874,active,2023-04-08T00:23:27,NA,manager111
EMP11718,ISHAAN.RATTA20,Ishaan Ratta,call_center,Analyst,regional_office,VDR-11718,DEV-91630,active,24/09/2024,NA,manager497
EMP10272,chandani.sane64,Chandani Sane,call_center,Consultant,remote,WS-10272,,open,1701539642,NA,manager914
EMP10521,damyanti.nayak82,Damyanti Nayak,information_technology,Administrator,head_office,LPT-10521,dev 68877,active,01-04-2024 03:08:05 PM,,unknown
EMP11003,yashasvi.nayar20,Yashasvi Nayar,legal,Engineer,branch_office,VDR-11003,DEV37508,active,2024-05-21 14:43:32,,MANAGER665
EMP11373,vanya.barman11,Vanya Barman,sales_dept,Manager,remote,LPT-11373,dev 76461,active,09/11/2023 20:43,NA,manager625
EMP12522,kabir.thakur63,Kabir Thakur,sales_dept,Analyst,remote,LPT-12522,dev 73780,active,04-Aug-2023 19:03:20,not available,manager977
EMP11938,omya.choudhury49,Omya Choudhury,operations,Consultant,head_office,WS-11938,dev 77618,active,2021/04/10,not available,MANAGER676
EMP10350,  ansh.majumdar95  ,Ansh Majumdar,finance,Manager,head_office,VDR-10350,DEV27984,open,1621815287,NA,manager455
EMP10949,,Rachita Gala,cs,Executive,,VDR-10949,DEV-63313,active,,not available,manager901
EMP12126,ekiya.kota86,Ekiya Kota,procurement,Specialist,remote,VDR-12126,DEV-84509,terminated,11/03/2025 21:37,2025-03-23 06:54:47,manager942
EMP12387,advik.sura55,Advik Sura,legal,Consultant,branch_office,WS-12387,DEV-54141,active,1780208060,NA,
EMP12862,mahika.borra10,Mahika Borra,human_resources,Consultant,warehouse,WS-12862,dev 83712,on_leave,09-Dec-2021 07:18:14,21/12/2021 23:48,manager286
EMP12672,meera.kulkarni21,Meera Kulkarni,operations,Engineer,,LPT-12672,dev32716,active,06-05-2021 06:02:25 AM,not available,  manager168  
EMP10298,ARADHANA.YOGI41,Aradhana Yogi,marketing,Trainee,warehouse,LPT-10298,,open,05-May-2023 19:22:01,NA,  manager677  
EMP11179,ishani.tak59,Ishani Tak,customer_support,Administrator,warehouse,VDR-11179,dev50112,active,09/08/2023 07:08,,unknown
EMP11036,SANAYA.CHAUDHURI76,Sanaya Chaudhuri,information_technology,Engineer,head_office,VDR-11036,,active,1775918889,,MANAGER349
EMP12580,lohit.muni84,Lohit Muni,sales,Officer,data_center,VDR-12580,DEV-47877,on_leave,1617912014,NA,
EMP10168,kamala.chakrabarti17,Kamala Chakrabarti,customer_support,Manager,regional_office,VDR-10168,,open,2020-02-26 15:22:03,not available,manager284
EMP12582,YASHVI.JAYARAMAN60,Yashvi Jayaraman,sales,Consultant,,LPT-12582,DEV63947,active,11-21-2021 01:35:29 PM,,  manager565  
EMP12266,leena.sama5,Leena Sama,procurement,Analyst,,WS-12266,,active,2022-01-28 23:13:55,not available,manager882
EMP11954,krishna.mukherjee27,Krishna Mukherjee,operations,Engineer,work_from_home,VDR-11954,dev43779,active,,,manager845
EMP12073,yashvi.biswas33,Yashvi Biswas,supply_chain,Trainee,,VDR-12073,DEV-25267,open,,,  manager968  
EMP12377,omkaar.peri46,Omkaar Peri,cs,Specialist,data_center,LPT-12377,,open,2025-05-05 03:24:19,NA,manager582
EMP10765,fiyaz.narayanan27,Fiyaz Narayanan,accounts,Consultant,branch_office,VDR-10765,DEV24884,active,1775775752,not available,unknown
EMP12190,amrita.bhagat78,Amrita Bhagat,procurement,Engineer,data_center,VDR-12190,DEV82413,open,2025-06-16 23:06:21,NA,manager873
EMP12166,advika.barman44,Advika Barman,call_center,Analyst,warehouse,WS-12166,DEV50438,active,16/11/2021 19:01,,manager618
EMP12302,jeremiah.barman92,Jeremiah Barman,human_resources,Specialist,warehouse,VDR-12302,DEV59842,open,09-16-2021 12:37:49 PM,NA,  manager924  
EMP10219,ira.barad51,Ira Barad,operations,Consultant,warehouse,WS-10219,dev28909,active,2024-04-30T18:55:34,NA,manager141
EMP10367,abeer.nori99,Abeer Nori,sales,Trainee,remote,WS-10367,dev 44735,inactive,,2026-08-09T10:13:37,
EMP12545,odika.gara44,Odika Gara,research_development,Trainee,warehouse,WS-12545,dev 13935,active,17/03/2024 16:51,,manager441
EMP10879,  indali.ramakrishnan84  ,Indali Ramakrishnan,supply_chain,Trainee,remote,VDR-10879,DEV84600,open,1590904841,,
EMP12347,bahadurjit.zachariah8,Bahadurjit Zachariah,research_development,Analyst,work_from_home,LPT-12347,dev12380,active,2023-09-12 05:53:06,,unknown
EMP11323,frederick.shetty55,Frederick Shetty,support,Executive,head_office,WS-11323,DEV-25465,terminated,,02-Aug-2024 10:59:48,manager159
EMP11392,qadim.zacharia93,Qadim Zacharia,compliance,Analyst,head_office,VDR-11392,dev81001,open,2021-04-16T18:34:29,NA,manager702
EMP10351,rudra.chakraborty67,Rudra Chakraborty,support,Administrator,,WS-10351,DEV-26637,open,,not available,manager220
EMP11053,rajata.sandhu83,Rajata Sandhu,accounts,Administrator,,,dev99268,active,02-07-2022 04:35:04 PM,not available,manager778
EMP11211,gagan.sunder65,Gagan Sunder,human_resources,Trainee,regional_office,WS-11211,dev 64270,open,30/12/2022,NA,NA
EMP12482,chakrika.nagar94,Chakrika Nagar,mktg,Manager,work_from_home,WS-12482,DEV-25608,open,21-Jul-2022 22:31:07,,manager684
EMP11967,geetika.ratti44,Geetika Ratti,legal,Manager,head_office,WS-11967,,active,03-20-2026 06:58:19 AM,NA,manager632
EMP12771,garima.sinha95,Garima Sinha,research_development,Director,,VDR-12771,DEV-70816,active,02/11/2023,not available,manager481
EMP12442,,Darpan Singhal,procurement,Manager,,WS-12442,,active,07-02-2026 10:53:48 AM,not available,manager817
EMP10498,janaki.pathak70,Janaki Pathak,marketing,Executive,remote,VDR-10498,dev 94926,active,04/02/2020 15:25,,manager668
EMP11735,dayamai.dora92,Dayamai Dora,information_technology,Administrator,remote,LPT-11735,,active,2024/01/07,,manager482
EMP10210,  yahvi.modi57  ,Yahvi Modi,legal,Trainee,,LPT-10210,dev 54589,open,29-Aug-2022 03:50:24,not available,
EMP12487,keya.khanna72,Keya Khanna,legal,Executive,remote,VDR-12487,DEV-18204,active,1610646896,not available,  manager413  
EMP12838,samesh.parmer83,Samesh Parmer,human_resources,Specialist,branch_office,LPT-12838,DEV13346,active,05/09/2023 16:32,not available,  manager322  
EMP10227,OSCAR.DUBEY95,Oscar Dubey,information_technology,Executive,warehouse,LPT-10227,dev 83516,open,08-19-2025 11:12:33 AM,,manager485
EMP10365,qushi.patla41,Qushi Patla,legal,Consultant,remote,WS-10365,dev 45645,open,09-21-2021 07:20:56 PM,,manager888
EMP10965,nisha.walla79,Nisha Walla,mktg,Officer,data_center,LPT-10965,dev65982,active,2025-07-12 13:45:12,not available,manager430
EMP10276,manthan.bansal82,Manthan Bansal,procurement,Trainee,regional_office,WS-10276,,active,,,manager117
EMP12299,arunima.dube33,Arunima Dube,sales_team,Director,regional_office,LPT-12299,,terminated,19/09/2024,04-14-2025 06:13:29 PM,manager203
EMP11877,osha.mani16,Osha Mani,supply_chain,Analyst,work_from_home,VDR-11877,DEV-51558,open,2024-07-26T15:42:06,not available,unknown
EMP12670,maanas.tata14,Maanas Tata,procurement,Executive,warehouse,LPT-12670,DEV31745,active,29-Aug-2020 13:46:56,,
EMP11103,naksh.khalsa84,Naksh Khalsa,finance,Director,data_center,LPT-11103,DEV-43315,active,11-27-2025 06:49:10 PM,not available,manager308
EMP10407,abha_agrawal9,Abha Agrawal,human_resources,Director,warehouse,WS-10407,DEV-82358,active,05-08-2022 03:01:33 AM,not available,manager994
EMP12044,  daksh.swamy14  ,Daksh Swamy,operations,Consultant,branch_office,LPT-12044,DEV38389,active,,,manager319
EMP11124,hamsini.d’alia20,Hamsini D’Alia,legal,Manager,data_center,LPT-11124,dev 30398,active,16/02/2022 03:23,,manager504
EMP12406,aahana.bandi23,Aahana Bandi,accounts,Executive,data_center,WS-12406,DEV-43361,open,2024/09/28,NA,manager267
EMP10785,jackson.balasubramanian40,Jackson Balasubramanian,research_development,Officer,head_office,LPT-10785,,active,15/07/2023,,NA
EMP12564,rishi.krishna56,Rishi Krishna,brand_team,Trainee,head_office,VDR-12564,,active,1731941368,not available,NA
EMP12627,brijesh.chaudry21,Brijesh Chaudry,marketing,Engineer,,,DEV-24746,active,2021-11-21 03:19:01,NA,manager395
EMP12380,RYAN.ARYA70,Ryan Arya,customer_support,Consultant,head_office,LPT-12380,DEV-48879,terminated,2021/08/14,,unknown
EMP10007,janya.bhatia21,Janya Bhatia,operations,Consultant,branch_office,VDR-10007,DEV44993,active,24-Oct-2025 17:00:29,NA,manager723
EMP11244,qasim.bahl54,Qasim Bahl,human_resources,Manager,data_center,LPT-11244,DEV88830,open,04/04/2023,NA,manager121
EMP11289,alka.mody73,Alka Mody,brand_team,Analyst,,WS-11289,dev 26506,open,2020-01-19T11:52:34,not available,manager881
EMP10864,nidra.bora32,Nidra Bora,operations,Specialist,regional_office,VDR-10864,,active,12-27-2023 06:20:48 PM,not available,manager431
EMP10415,hredhaan.dave8,Hredhaan Dave,customer_care,Executive,head_office,WS-10415,DEV-76426,active,2024-06-16T21:36:48,,
EMP10044,gopal.lala36,Gopal Lala,human_resources,Administrator,,VDR-10044,dev 76768,open,2024-07-23 23:08:34,,manager128
EMP11742,ZANSI.SHA95,Zansi Sha,sales,Consultant,data_center,LPT-11742,dev52662,active,05/03/2023 20:54,not available,manager504
EMP11713,gabriel_pal27,Gabriel Pal,research_development,Executive,head_office,WS-11713,DEV39805,active,06-26-2025 04:41:02 AM,,MANAGER124
EMP11691,WARJAS.BEDI21,Warjas Bedi,marketing,Officer,remote,LPT-11691,DEV34896,open,2026-02-26 13:09:39,not available,manager545
EMP10199,nathan.sampath88,Nathan Sampath,operations,Consultant,regional_office,LPT-10199,DEV82089,active,2022-07-20 22:23:27,NA,
EMP10283,eshana.sahni88,Eshana Sahni,brand_team,Officer,warehouse,VDR-10283,DEV-14312,open,2022-09-04T01:40:42,,manager312
EMP10231,  gopal.prabhakar93  ,Gopal Prabhakar,marketing,Administrator,head_office,VDR-10231,DEV98686,open,2023-05-10 18:28:18,NA,
EMP10718,anamika.radhakrishnan8,Anamika Radhakrishnan,procurement,Engineer,warehouse,VDR-10718,dev25963,active,07-Jan-2021 18:08:31,,manager719
EMP12947,yash.sur34,Yash Sur,human_resources,Administrator,,LPT-12947,DEV-13450,open,2024/08/28,NA,manager283
EMP10096,,Lopa Sethi,marketing_dept,Director,work_from_home,VDR-10096,DEV-14809,active,2022/09/04,not available,  manager218  
EMP12826,david.sha41,David Sha,legal,Director,head_office,LPT-12826,dev 63528,active,1690579442,not available,NA
EMP12648,theodore.ratti88,Theodore Ratti,customer_care,Specialist,work_from_home,LPT-12648,,active,2023-07-23 01:17:24,NA,MANAGER435
EMP11474,ishwar.sha2,Ishwar Sha,operations_dept,Consultant,,,dev 68246,active,1777169226,,manager645
EMP10881,  umang.datta23  ,Umang Datta,sales,Director,head_office,LPT-10881,DEV37292,active,2023-06-04 04:50:16,NA,manager870
EMP11419,daksha.sabharwal88,Daksha Sabharwal,human_resources,Officer,data_center,VDR-11419,,open,2023-02-10 03:36:43,NA,unknown
EMP12542,karan.bala49,Karan Bala,sales,Analyst,data_center,LPT-12542,dev 29570,active,10-25-2023 09:49:45 PM,not available,manager273
EMP12949,chandresh.samra52,Chandresh Samra,research_development,Executive,branch_office,VDR-12949,DEV80247,open,03/01/2020,NA,  manager873  
EMP12666,harish.sampath8,Harish Sampath,accounts,Director,regional_office,WS-12666,DEV-69318,active,1666723211,not available,unknown
EMP12254,harini.ram37,Harini Ram,procurement,Engineer,remote,VDR-12254,dev 11599,active,2024-12-03T19:44:41,NA,manager384
EMP11462,tejas.dugar38,Tejas Dugar,operations,Director,head_office,WS-11462,DEV-52550,open,20/04/2020 15:39,not available,manager465
EMP10104,leena.kalla70,Leena Kalla,legal,Trainee,remote,LPT-10104,,open,26/12/2021 15:40,not available,unknown
EMP12298,siya.bhandari78,Siya Bhandari,compliance,Executive,,LPT-12298,DEV-26970,inactive,,,manager250
EMP12872,divya.chakrabarti94,Divya Chakrabarti,research_development,Officer,,WS-12872,dev 53325,active,2024-06-12 02:12:31,,NA
EMP11725,advik.wagle63,Advik Wagle,research_development,Officer,warehouse,WS-11725,dev 97428,inactive,11-Feb-2022 02:52:43,10-Jan-2023 08:52:56,unknown
EMP12609,gagan.sankar65,Gagan Sankar,compliance,Analyst,,LPT-12609,,open,2025-12-11T07:19:39,not available,manager708
EMP11102,NIDRA.SENGUPTA76,Nidra Sengupta,operations,Administrator,branch_office,VDR-11102,,active,04-Sep-2024 07:41:03,NA,manager490
EMP12820,chandran.ganesan24,Chandran Ganesan,legal,Analyst,head_office,VDR-12820,DEV79919,open,17/02/2021 08:46,not available,NA
EMP10807,vidhi.kuruvilla75,Vidhi Kuruvilla,information_technology,Officer,branch_office,VDR-10807,,on_leave,06-17-2021 04:21:26 PM,NA,unknown
EMP10226,watika_muni41,Watika Muni,legal,Executive,data_center,VDR-10226,,active,1741979191,not available,
EMP10840,azad.hora31,Azad Hora,human_resources,Executive,branch_office,LPT-10840,DEV42189,blocked,22/08/2022,2025-01-08 11:22:19,NA
EMP12369,chaaya.cherian34,Chaaya Cherian,information_technology,Officer,,VDR-12369,DEV96164,open,2021-06-16 07:50:21,,manager148
EMP11621,wriddhish.chaudhari31,Wriddhish Chaudhari,research_development,Engineer,work_from_home,WS-11621,dev 15451,active,,not available,NA
EMP12639,chakrika.shankar97,Chakrika Shankar,research_development,Officer,regional_office,LPT-12639,DEV73065,active,2020-07-09T03:30:35,NA,manager598
EMP12528,,Qabil Bose,research_development,Administrator,branch_office,LPT-12528,dev94122,on_leave,13-Sep-2024 11:26:31,,
EMP11093,CHAAYA.GOKHALE74,Chaaya Gokhale,procurement,Trainee,remote,VDR-11093,,inactive,16/07/2021 15:32,2025-03-24T23:18:41,manager228
EMP12897,sarthak.kohli12,Sarthak Kohli,operations,Manager,work_from_home,VDR-12897,DEV21839,open,,not available,MANAGER897
EMP12783,NITESH.NAIK20,Nitesh Naik,marketing,Analyst,remote,LPT-12783,DEV-50285,active,09/01/2021,not available,  manager425  
EMP11763,rachita.baria48,Rachita Baria,customer_care,Administrator,data_center,LPT-11763,dev 96017,open,1688769300,not available,manager140
EMP12510,mohammed.modi93,Mohammed Modi,compliance,Analyst,warehouse,LPT-12510,dev79614,active,1721452853,NA,NA
EMP10979,ALKA.SASTRY70,Alka Sastry,finance,Executive,data_center,WS-10979,DEV-89079,active,19/02/2023,NA,unknown
EMP11953,MITALI.BAINS90,Mitali Bains,information_technology,Consultant,head_office,WS-11953,dev 93765,active,,NA,manager321
EMP10464,kalpit.mane85,Kalpit Mane,operations,Trainee,head_office,LPT-10464,DEV-96364,active,2022-11-26T13:25:53,,
EMP11940,jairaj.jayaraman47,Jairaj Jayaraman,brand_team,Executive,work_from_home,VDR-11940,DEV-59194,open,2024-09-12T16:36:58,not available,manager740
EMP12595,TARA.THAKUR66,Tara Thakur,legal,Director,regional_office,WS-12595,dev56017,terminated,1685261813,NA,NA
EMP10927,ekta.batra25,Ekta Batra,operations_dept,Trainee,head_office,LPT-10927,DEV65796,inactive,09-11-2020 02:25:25 PM,2024-04-23 16:16:28,
EMP11359,gaurika.patla96,Gaurika Patla,human_resources,Executive,work_from_home,LPT-11359,dev 66547,active,02/06/2021 15:37,,NA
EMP11216,kamya_pandya54,Kamya Pandya,sales_team,Engineer,work_from_home,WS-11216,DEV-82297,active,08-30-2021 02:01:40 PM,not available,NA
EMP11032,hiral.kibe29,Hiral Kibe,people_team,Administrator,regional_office,VDR-11032,DEV-58362,active,10-Nov-2021 01:04:42,not available,manager885
EMP12567,sara.borah1,Sara Borah,information_technology,Analyst,head_office,,dev 78025,open,2022-06-25 06:02:35,,manager512
EMP11936,darsh.mishra10,Darsh Mishra,finance,Executive,,WS-11936,dev75721,open,05-11-2020 10:02:05 PM,not available,
EMP10212,advaith.agate35,Advaith Agate,research_development,Engineer,branch_office,LPT-10212,dev 16632,open,2023-04-08T12:17:14,NA,NA
EMP10012,NETRA.VASA52,Netra Vasa,operations,Engineer,branch_office,VDR-10012,DEV74686,open,26-May-2020 09:15:05,NA,
EMP12990,VYANJANA.PRABHU25,Vyanjana Prabhu,procurement,Manager,data_center,LPT-12990,dev 86687,terminated,1735846277,2025/08/24,manager504
EMP10422,yuvraj.bahl40,Yuvraj Bahl,brand_team,Director,data_center,WS-10422,,active,2023-12-20T23:31:35,NA,manager633
EMP12436,om.bawa8,Om Bawa,information_technology,Trainee,data_center,VDR-12436,DEV-66648,open,2023-11-22 01:22:07,,
EMP12366,oscar.lad97,Oscar Lad,brand_team,Administrator,regional_office,LPT-12366,dev 50290,open,2020-08-14T18:49:18,not available,unknown
EMP11749,HAMSINI.LALA64,Hamsini Lala,operations,Consultant,head_office,WS-11749,DEV-72075,terminated,07/04/2023 06:52,,manager805
EMP11391,gunbir.dubey35,Gunbir Dubey,human_resources,Director,regional_office,WS-11391,dev27195,inactive,18-Apr-2022 20:33:33,,manager616
EMP12721,advika.pai76,Advika Pai,procurement,Analyst,work_from_home,LPT-12721,DEV-86225,inactive,21/01/2024,03-03-2025 02:52:15 PM,manager151
EMP11745,yuvraj.mani31,Yuvraj Mani,legal,Administrator,work_from_home,LPT-11745,DEV81036,open,08-16-2021 10:28:57 AM,not available,  manager131  
EMP10741,libni.bhatnagar11,Libni Bhatnagar,information_technology,Analyst,branch_office,LPT-10741,DEV-95426,open,31/05/2022 12:33,,manager926
EMP11626,charita_hari90,Charita Hari,information_technology,Officer,work_from_home,LPT-11626,DEV34651,terminated,08-12-2022 04:30:50 AM,not available,manager684
EMP12358,peter.bumb56,Peter Bumb,research_development,Director,remote,VDR-12358,dev 68697,open,2022-08-19 14:42:00,,
EMP10509,  ishanvi.dugar70  ,Ishanvi Dugar,research_development,Executive,remote,WS-10509,,terminated,05/01/2025 19:49,,manager613
EMP10644,janani.rajagopalan6,Janani Rajagopalan,call_center,Director,warehouse,VDR-10644,dev16461,active,2023-09-27T15:30:44,not available,manager411
EMP10597,gaurangi.chaudry25,Gaurangi Chaudry,people_team,Analyst,warehouse,VDR-10597,,active,2024-06-21 16:04:56,,manager704
EMP11005,xalak.gill58,Xalak Gill,call_center,Analyst,remote,LPT-11005,dev 85695,terminated,1659863141,NA,MANAGER929
EMP12015,WARHI.SARRAF16,Warhi Sarraf,research_development,Trainee,,LPT-12015,dev62777,terminated,2024-03-22 11:04:08,,manager926
EMP11237,meera.srinivasan63,Meera Srinivasan,legal,Trainee,,VDR-11237,dev 45608,inactive,2025/04/19,2026/02/10,manager680
EMP12725,gunbir.viswanathan52,Gunbir Viswanathan,support,Manager,remote,VDR-12725,dev 48919,terminated,27-Sep-2020 16:43:42,21/02/2025 14:30,manager684
EMP10518,liam.ahluwalia43,Liam Ahluwalia,human_resources,Trainee,regional_office,WS-10518,dev 72786,open,2021-05-15T23:23:33,,manager520
EMP12240,UCCHAL.CHOUDHARY33,Ucchal Choudhary,marketing,Officer,warehouse,LPT-12240,DEV81717,active,2021-07-03T12:53:09,NA,manager333
EMP10573,alexander.bumb98,Alexander Bumb,finance,Consultant,remote,WS-10573,dev 80136,open,1709888696,,NA
EMP11073,rachit.shanker56,Rachit Shanker,information_technology,Executive,remote,WS-11073,dev 46747,open,1646993435,NA,manager786
EMP12808,zinal_karnik88,Zinal Karnik,accounts,Executive,head_office,WS-12808,dev39607,open,01-Jan-2024 10:21:13,not available,manager587
EMP11763,rachita.baria48,Rachita Baria,customer_care,Administrator,data_center,LPT-11763,dev 96017,open,1688769300,not available,manager140
EMP12063,  urvi.kala69  ,Urvi Kala,accounts,Trainee,data_center,VDR-12063,,active,1625334081,,
EMP11316,dalaja.sankar21,Dalaja Sankar,brand_team,Manager,warehouse,VDR-11316,,blocked,14/03/2025 01:54,2026-01-18T03:53:59,manager659
EMP11220,pranit.chadha56,Pranit Chadha,sales,Officer,data_center,LPT-11220,dev 90775,active,2020/06/09,,
EMP11613,KEVIN.AHUJA64,Kevin Ahuja,human_resources,Executive,remote,WS-11613,DEV36293,active,2025-07-03 20:36:50,not available,manager447
EMP10123,raksha.verma87,Raksha Verma,marketing,Specialist,,VDR-10123,,active,12-27-2021 11:01:29 AM,,manager734
EMP11251,AMRITA.BALAKRISHNAN89,Amrita Balakrishnan,procurement,Director,,VDR-11251,,terminated,,2025-03-25 19:36:58,manager251
EMP10220,,Priya Rajagopalan,information_technology,Executive,regional_office,WS-10220,dev72094,open,2021-04-07 17:49:14,,manager627
EMP12994,zansi.dhar14,Zansi Dhar,finance,Consultant,work_from_home,VDR-12994,,active,2026-02-10T00:55:41,not available,manager716
EMP10358,  anirudh.kapoor37  ,Anirudh Kapoor,marketing,Consultant,head_office,VDR-10358,DEV69866,open,2021-09-15 11:07:33,,manager903
EMP12218,lakshmi.nigam78,Lakshmi Nigam,finance,Manager,head_office,VDR-12218,DEV98208,inactive,26/06/2025 21:16,30/01/2026 15:01,manager829
EMP12123,chavvi.naidu26,Chavvi Naidu,research_development,Specialist,data_center,VDR-12123,dev25765,inactive,2023-04-02 12:28:55,2026/06/10,manager520
EMP12295,damini.prabhakar11,Damini Prabhakar,procurement,Officer,work_from_home,WS-12295,DEV57454,active,30/07/2022 23:59,NA,manager897
EMP10259,hemal.palla8,Hemal Palla,finance,Officer,remote,LPT-10259,DEV-85511,active,31/01/2025,NA,NA
EMP12855,YAHVI.SINHA85,Yahvi Sinha,operations,Director,work_from_home,WS-12855,DEV63952,active,2022/05/28,NA,manager373
EMP12830,JAIRAJ.BEN13,Jairaj Ben,operations_dept,Director,head_office,WS-12830,dev 79017,active,,NA,manager283
EMP12465,thomas.majumdar70,Thomas Majumdar,marketing,Director,data_center,VDR-12465,DEV16787,active,2024-01-30 20:23:09,NA,
EMP12906,aishani.dayal71,Aishani Dayal,sales_dept,Officer,remote,VDR-12906,,open,30-Sep-2021 00:58:36,NA,manager981
EMP11675,jatin.narasimhan80,Jatin Narasimhan,people_team,Executive,,VDR-11675,dev 70393,active,2022-10-25 01:44:23,,unknown
EMP12480,harita.dutta68,Harita Dutta,information_technology,Consultant,remote,,DEV22156,active,2023-11-11T20:44:53,not available,manager582
EMP10194,ayush.dua87,Ayush Dua,research_development,Analyst,branch_office,LPT-10194,DEV-40932,open,2023-02-12 03:25:50,not available,manager680
EMP11845,rajeshri.shetty52,Rajeshri Shetty,legal,Engineer,,WS-11845,dev 97327,active,1642444189,NA,  manager820  
EMP11536,lila.rege10,Lila Rege,finance,Specialist,remote,WS-11536,DEV79168,blocked,04-16-2026 10:01:48 AM,09/07/2026 09:08,unknown
EMP12857,edhitha.loyal90,Edhitha Loyal,procurement,Trainee,regional_office,VDR-12857,DEV80999,active,01/02/2025 09:48,not available,
EMP12397,manan.jayaraman61,Manan Jayaraman,research_development,Consultant,work_from_home,WS-12397,dev 64253,active,1739091402,not available,
EMP10456,daksh.kari74,Daksh Kari,supply_chain,Engineer,regional_office,WS-10456,,open,,NA,  manager543  
EMP10462,  damyanti.barad71  ,Damyanti Barad,information_technology,Manager,work_from_home,VDR-10462,DEV91142,open,28/04/2024,,manager770
EMP12292,keya.johal9,Keya Johal,procurement,Director,data_center,LPT-12292,DEV-29770,active,09-22-2021 06:34:14 PM,NA,NA
EMP11788,yadavi.kaur93,Yadavi Kaur,mktg,Administrator,data_center,LPT-11788,DEV40210,open,2025-02-18 12:14:54,not available,manager373
EMP11767,harita.kakar82,Harita Kakar,support,Manager,branch_office,VDR-11767,DEV-26640,inactive,2021/03/27,,
EMP10381,tanveer.sankar50,Tanveer Sankar,operations,Executive,branch_office,LPT-10381,,active,04-12-2026 05:06:18 AM,NA,manager705
EMP12525,oeshi.gara54,Oeshi Gara,research_development,Director,remote,VDR-12525,dev 96412,terminated,2025/05/01,NA,NA
EMP11444,nitesh.dugar65,Nitesh Dugar,human_resources,Director,data_center,WS-11444,,active,2020-03-29 17:13:41,,manager270
EMP11187,aarav_chakraborty53,Aarav Chakraborty,call_center,Manager,warehouse,LPT-11187,DEV-13104,active,02-Apr-2023 04:18:57,not available,manager989
EMP12607,alka.ranganathan93,Alka Ranganathan,finance,Engineer,work_from_home,,DEV25527,active,07-Jun-2020 07:40:54,not available,manager861
EMP12357,  vasana.singhal7  ,Vasana Singhal,information_technology,Executive,data_center,VDR-12357,dev70852,open,18/08/2022 14:38,,  manager880  
EMP11842,harita.parekh10,Harita Parekh,procurement,Administrator,branch_office,LPT-11842,DEV70599,active,1647625246,,MANAGER894
EMP11554,charles.shah45,Charles Shah,sales_dept,Manager,data_center,LPT-11554,dev 24733,on_leave,,,NA
EMP10059,warjas.sachar28,Warjas Sachar,human_resources,Director,data_center,WS-10059,dev 81121,open,,,manager530
EMP11608,  ati.chana43  ,Ati Chana,sales,Specialist,work_from_home,VDR-11608,DEV-63364,active,03-Aug-2024 12:25:57,,
EMP12638,rachana.tank4,Rachana Tank,research_development,Engineer,,VDR-12638,DEV70797,active,08/04/2023 21:33,not available,unknown
EMP11364,vrinda.ratta87,Vrinda Ratta,research_development,Director,remote,WS-11364,DEV-33163,open,01-01-2025 02:29:19 AM,,manager891
EMP11505,caleb.khurana94,Caleb Khurana,human_resources,Engineer,remote,WS-11505,DEV70204,open,07/06/2025 04:11,,
EMP12876,  faqid.gaba42  ,Faqid Gaba,human_resources,Executive,branch_office,WS-12876,dev 49654,open,,,manager726
EMP12359,rachana.sibal12,Rachana Sibal,legal,Engineer,data_center,WS-12359,dev65919,active,2020-04-14 22:25:32,,manager438
EMP12928,waida.raju48,Waida Raju,human_resources,Officer,remote,VDR-12928,dev43330,open,,NA,manager498
EMP11480,,Indali Saraf,mktg,Executive,work_from_home,LPT-11480,DEV62575,active,1672332688,not available,NA
EMP10542,jhalak.toor65,Jhalak Toor,marketing_dept,Consultant,head_office,VDR-10542,dev 43776,on_leave,,2025-10-31T01:00:00,
EMP11133,BRIJESH.HEGDE76,Brijesh Hegde,finance,Engineer,head_office,,DEV62596,active,1629424025,NA,
EMP11764,charles.subramaniam30,Charles Subramaniam,sales_team,Executive,remote,LPT-11764,DEV-61211,active,05/07/2020 09:28,not available,manager112
EMP12610,VASUDHA.RAJ58,Vasudha Raj,cs,Specialist,warehouse,VDR-12610,,active,1651931020,NA,MANAGER113
EMP11880,yashvi.din95,Yashvi Din,marketing,Director,head_office,LPT-11880,DEV47375,active,01-20-2026 11:40:41 AM,not available,  manager240  
EMP10845,abeer.kashyap41,Abeer Kashyap,operations,Specialist,regional_office,WS-10845,dev40924,terminated,1636357980,,manager381
EMP12494,dayita.bhatia69,Dayita Bhatia,sales,Consultant,branch_office,LPT-12494,DEV-21139,open,2023-06-26T13:53:47,not available,manager397
EMP12655,agastya.sarraf35,Agastya Sarraf,customer_support,Director,warehouse,VDR-12655,DEV40499,active,29-Jun-2021 22:44:18,not available,
EMP11475,aarush_din90,Aarush Din,finance,Director,remote,WS-11475,dev 14229,active,2024-11-10 00:12:23,NA,unknown
EMP11839,OWEN.RAU90,Owen Rau,finance,Analyst,head_office,WS-11839,,open,,NA,
EMP12980,girik_pingle83,Girik Pingle,innovation,Director,branch_office,VDR-12980,DEV-91958,open,2021-11-28 19:48:13,NA,manager317
EMP11801,ekiya.jaggi5,Ekiya Jaggi,legal,Consultant,head_office,LPT-11801,DEV-21792,active,08-May-2021 05:31:54,,manager812
EMP11766,indali.pandey62,Indali Pandey,sales,Engineer,regional_office,WS-11766,,active,,,MANAGER666
EMP12493,ojasvi.vohra89,Ojasvi Vohra,information_technology,Manager,head_office,VDR-12493,dev 88063,open,30/01/2024,,manager117
EMP11786,garima.arora7,Garima Arora,information_technology,Manager,remote,LPT-11786,dev 81891,active,30/01/2021 21:16,,
EMP11018,  edhitha.saini50  ,Edhitha Saini,finance,Specialist,head_office,WS-11018,DEV-15723,active,1620231408,not available,manager743
EMP10435,triveni.palla12,Triveni Palla,finance,Specialist,data_center,VDR-10435,DEV66283,active,1705987960,,manager138
EMP11114,  anamika.iyengar53  ,Anamika Iyengar,operations,Manager,regional_office,LPT-11114,dev20052,open,2020-10-17 21:49:41,,  manager158  
EMP10237,naksh.anand12,Naksh Anand,procurement,Engineer,warehouse,VDR-10237,dev14888,terminated,,26-Dec-2022 01:31:53,NA
EMP11075,gopal.uppal74,Gopal Uppal,procurement,Manager,regional_office,WS-11075,dev59415,terminated,,,manager903
EMP10109,warda.raju69,Warda Raju,legal,Consultant,regional_office,VDR-10109,DEV73956,terminated,21/04/2020 12:49,2022/04/20,manager394
EMP10781,,Rohan Wali,innovation,Consultant,head_office,WS-10781,DEV17213,active,2021/08/29,,manager327
EMP12119,niharika.bal84,Niharika Bal,marketing_dept,Specialist,,VDR-12119,dev 82356,active,,not available,MANAGER816
EMP10163,ojasvi.bansal8,Ojasvi Bansal,research_development,Manager,work_from_home,WS-10163,,active,06-20-2021 02:55:30 AM,NA,MANAGER824
EMP10288,jyoti_guha56,Jyoti Guha,finance,Specialist,regional_office,WS-10288,DEV21232,active,06-Jul-2022 17:05:25,not available,unknown
EMP10252,darsh.bal9,Darsh Bal,research_development,Analyst,remote,,DEV-33590,active,,NA,manager846
EMP11073,rachit.shanker56,Rachit Shanker,information_technology,Executive,remote,WS-11073,dev 46747,open,1646993435,NA,manager786
EMP12588,,Raksha Gokhale,sales,Executive,warehouse,VDR-12588,,active,26/12/2022,,
EMP12350,chatura.chowdhury52,Chatura Chowdhury,information_technology,Specialist,warehouse,WS-12350,DEV38261,open,,not available,manager595
EMP10767,pallavi.kunda48,Pallavi Kunda,operations,Trainee,data_center,VDR-10767,DEV79033,inactive,2023/12/31,2026-04-07T12:14:56,
EMP10787,lipika.kumer68,Lipika Kumer,operations,Manager,,WS-10787,DEV21593,active,,not available,
EMP11378,chasmum.sachdeva79,Chasmum Sachdeva,compliance,Specialist,,VDR-11378,DEV55705,open,2025-08-03T01:04:07,,unknown
EMP11027,ABHA.MANDA57,Abha Manda,information_technology,Specialist,head_office,LPT-11027,DEV59465,active,14/02/2022 18:57,,MANAGER344
EMP11037,abdul.baral80,Abdul Baral,people_team,Analyst,branch_office,WS-11037,DEV-75369,active,1618550562,not available,manager757
EMP10869,krishna.chaudry17,Krishna Chaudry,human_resources,Consultant,regional_office,VDR-10869,DEV66744,open,12-29-2020 12:22:31 AM,,manager230
EMP12957,liam.saran13,Liam Saran,information_technology,Specialist,regional_office,WS-12957,,active,07/08/2023 23:24,NA,manager438
EMP12405,netra.madan80,Netra Madan,marketing,Consultant,branch_office,VDR-12405,DEV51725,active,02-Jul-2026 15:41:18,NA,MANAGER204
EMP11980,eta.saran85,Eta Saran,marketing,Officer,regional_office,VDR-11980,,active,,not available,MANAGER974
EMP12159,mitesh_chaudhry88,Mitesh Chaudhry,research_development,Consultant,branch_office,VDR-12159,dev 60002,terminated,1589779073,2020-12-22 21:29:02,MANAGER532
EMP12801,ishwar.bose49,Ishwar Bose,marketing,Director,regional_office,VDR-12801,DEV-37085,terminated,,2026-07-12 07:30:08,  manager304  
EMP12908,yahvi.mangal15,Yahvi Mangal,supply_chain,Analyst,regional_office,,,open,25-Aug-2024 22:03:50,not available,
EMP12053,joshua.setty16,Joshua Setty,human_resources,Director,remote,LPT-12053,DEV27842,terminated,2020/01/20,not available,manager920
EMP12472,qadim.lalla39,Qadim Lalla,customer_support,Administrator,regional_office,WS-12472,DEV-58806,active,2025-02-09 13:34:22,,manager274
EMP10461,nidra.mahal64,Nidra Mahal,research_development,Consultant,head_office,,DEV95638,active,2023-06-07 10:38:28,,manager670
EMP10911,unnati.krishnan27,Unnati Krishnan,operations,Executive,regional_office,WS-10911,dev 67870,open,2024/03/28,not available,manager201
EMP12772,gauri.sabharwal56,Gauri Sabharwal,information_technology,Administrator,head_office,LPT-12772,dev43398,open,31/05/2020 18:56,NA,manager987
EMP10157,raghav.dutt31,Raghav Dutt,human_resources,Executive,remote,LPT-10157,dev 32740,open,19/06/2026 21:45,NA,unknown
EMP10930,,Janani Dasgupta,legal,Executive,branch_office,VDR-10930,,active,2023-11-23T01:32:25,,
EMP12138,anita.varughese46,Anita Varughese,sales_dept,Manager,remote,LPT-12138,DEV-86149,active,06/01/2023 17:38,NA,manager606
EMP12164,ekansh.mangal49,Ekansh Mangal,marketing_dept,Officer,warehouse,WS-12164,dev 66536,open,04/06/2020,NA,manager546
EMP10677,aashi.nadig72,Aashi Nadig,call_center,Manager,branch_office,VDR-10677,,active,2022/04/22,,manager821
EMP12827,OSCAR.CHHABRA40,Oscar Chhabra,customer_care,Director,head_office,WS-12827,dev11374,active,1749728633,NA,manager531
EMP11255,yochana.choudhary64,Yochana Choudhary,information_technology,Engineer,head_office,VDR-11255,DEV38329,open,11/04/2023,not available,manager207
EMP10238,sanya_narang5,Sanya Narang,legal,Trainee,,VDR-10238,dev47941,on_leave,2020-01-29T19:00:36,2025-03-16T13:45:56,manager443
EMP11052,lajita.dhingra55,Lajita Dhingra,sales_dept,Engineer,data_center,LPT-11052,,active,2025-10-02 13:56:55,not available,
EMP11532,anmol.dugar63,Anmol Dugar,information_technology,Officer,head_office,VDR-11532,DEV58952,open,2023/09/20,NA,NA
EMP10243,fariq_atwal39,Fariq Atwal,procurement,Specialist,head_office,WS-10243,,active,1641268790,not available,  manager221  
EMP10100,turvi.nigam12,Turvi Nigam,sales,Manager,data_center,LPT-10100,DEV94896,inactive,28/03/2024 09:34,not available,manager822
EMP10315,girindra.pathak40,Girindra Pathak,human_resources,Executive,remote,VDR-10315,dev 28528,open,2023-07-23 10:10:04,NA,manager688
EMP12409,omya.mukherjee26,Omya Mukherjee,sales_dept,Administrator,remote,WS-12409,dev68041,on_leave,1582808676,26/07/2024 16:04,manager713
EMP12513,chakradev.chakraborty45,Chakradev Chakraborty,call_center,Specialist,data_center,VDR-12513,DEV-42157,active,21-Jan-2022 20:25:01,,
EMP11041,sara.raj57,Sara Raj,information_technology,Manager,,WS-11041,dev19173,on_leave,2020-06-10 21:22:08,not available,manager244
EMP11064,yadavi_seshadri1,Yadavi Seshadri,compliance,Specialist,,WS-11064,DEV73691,active,2022-11-13T02:46:32,,manager444
EMP10261,pavani.atwal76,Pavani Atwal,finance,Director,warehouse,WS-10261,DEV-16145,on_leave,2025/06/21,not available,manager904
EMP11655,gautam.sama21,Gautam Sama,legal,Officer,data_center,LPT-11655,DEV-68062,active,,NA,manager783
EMP12966,veer.lal49,Veer Lal,finance,Analyst,head_office,VDR-12966,,active,22-Aug-2020 15:36:02,NA,MANAGER312
EMP10195,tanay.karnik5,Tanay Karnik,supply_chain,Executive,regional_office,WS-10195,DEV58623,active,,NA,manager240
EMP11941,yatan.chander61,Yatan Chander,information_technology,Director,branch_office,LPT-11941,,active,,not available,manager732
EMP11078,  dayita.apte69  ,Dayita Apte,sales_dept,Director,data_center,WS-11078,dev57844,inactive,27/01/2021,2026-03-11 14:01:18,manager209
EMP11847,vinaya.lal10,Vinaya Lal,marketing_dept,Consultant,regional_office,WS-11847,DEV-85926,active,2024-02-05T06:27:27,not available,  manager225  
EMP10179,ridhi.kadakia61,Ridhi Kadakia,finance,Trainee,data_center,VDR-10179,dev10688,terminated,1582938117,07/06/2021,manager844
EMP11412,  praneel.panchal28  ,Praneel Panchal,marketing_dept,Executive,remote,VDR-11412,dev23411,open,10-Jun-2024 18:50:17,NA,manager884
EMP10842,  mason.garg83  ,Mason Garg,information_technology,Trainee,work_from_home,LPT-10842,DEV17251,inactive,09-17-2020 06:14:25 PM,01/04/2023 13:10,
EMP12389,ryan.borah18,Ryan Borah,operations,Director,warehouse,LPT-12389,,active,01-31-2020 10:43:58 PM,,MANAGER324
EMP11510,yashoda.kapur75,Yashoda Kapur,research_development,Trainee,head_office,VDR-11510,dev 16695,active,1747999567,not available,  manager589  
EMP11995,  dhriti.sami98  ,Dhriti Sami,compliance,Officer,branch_office,LPT-11995,dev20644,open,2025/03/16,not available,manager943
EMP10340,prisha.venkataraman28,Prisha Venkataraman,finance,Director,warehouse,VDR-10340,dev67984,inactive,,not available,
EMP11134,GANGA.YOGI55,Ganga Yogi,information_technology,Specialist,branch_office,LPT-11134,dev16678,active,,NA,manager748
EMP12364,RIA.YADAV87,Ria Yadav,sales_team,Director,remote,LPT-12364,dev20271,inactive,2025/03/22,04/05/2026,manager673
EMP10748,faqid.kuruvilla95,Faqid Kuruvilla,information_technology,Officer,branch_office,LPT-10748,dev13809,active,2020-12-26 14:26:24,NA,manager340
EMP12936,  orinder.karpe99  ,Orinder Karpe,information_technology,Executive,data_center,VDR-12936,DEV-55597,on_leave,2026/05/16,not available,MANAGER843
EMP10662,watika.sant81,Watika Sant,human_resources,Engineer,work_from_home,,dev64346,open,2022-11-03T01:21:16,,manager925
EMP10480,kamya.taneja57,Kamya Taneja,sales,Consultant,work_from_home,VDR-10480,,active,09-02-2021 09:47:47 AM,not available,unknown
EMP10803,  aarna.menon15  ,Aarna Menon,human_resources,Analyst,work_from_home,WS-10803,dev66524,active,2020-11-30 23:26:48,not available,manager775
EMP12204,upasna_batra71,Upasna Batra,finance,Engineer,remote,WS-12204,dev 63564,terminated,2025-01-03T00:46:20,12/06/2026 07:34,
EMP10998,lopa.sarin4,Lopa Sarin,finance,Trainee,,WS-10998,dev 94587,active,2020-09-13 01:34:11,NA,manager613
EMP11431,diya.dutt12,Diya Dutt,procurement,Trainee,head_office,LPT-11431,DEV21870,active,25/09/2020 11:46,,  manager705  
EMP12509,zarna.pall69,Zarna Pall,accounts,Specialist,data_center,WS-12509,dev 27616,open,06/09/2022,not available,manager349
EMP10549,inaya.garg98,Inaya Garg,support,Analyst,work_from_home,WS-10549,dev 58653,open,2024-03-09 15:33:32,,
EMP11210,warda.bora45,Warda Bora,sales_team,Engineer,regional_office,VDR-11210,DEV-11883,active,2023/02/04,,manager414
EMP10783,bahadurjit.ramaswamy51,Bahadurjit Ramaswamy,sales_dept,Trainee,remote,VDR-10783,DEV-89308,active,,,unknown
EMP12791,rehaan.kothari61,Rehaan Kothari,information_technology,Officer,,WS-12791,DEV21773,active,1641963956,not available,NA
EMP12007,rajata.sem34,Rajata Sem,procurement,Analyst,regional_office,LPT-12007,dev85865,active,2021-03-13 14:37:17,not available,unknown
EMP10742,bhanumati.tella99,Bhanumati Tella,innovation,Executive,,LPT-10742,DEV-93863,active,2023/10/31,,manager278
EMP12488,jhalak.ben53,Jhalak Ben,operations,Engineer,,VDR-12488,DEV39678,active,,not available,manager624
EMP12733,nilima.basak27,Nilima Basak,procurement,Director,branch_office,WS-12733,dev 99094,inactive,2025-12-03 13:31:37,1785502562,NA
EMP12910,noah.ray4,Noah Ray,research_development,Analyst,,WS-12910,DEV88117,active,2021-01-02 22:09:42,NA,MANAGER700
EMP11642,samesh_tandon65,Samesh Tandon,people_team,Engineer,branch_office,VDR-11642,DEV-35472,active,02-18-2026 03:09:33 PM,not available,manager992
EMP12033,jason.lanka36,Jason Lanka,support,Executive,work_from_home,VDR-12033,DEV-54909,inactive,2022-04-13T15:34:17,08-17-2025 04:42:08 AM,manager503
EMP11239,benjamin.bhatia78,Benjamin Bhatia,call_center,Consultant,data_center,,dev 25027,open,,NA,manager290
EMP12208,sarthak_zacharia39,Sarthak Zacharia,human_resources,Manager,regional_office,LPT-12208,dev46987,active,1697833071,not available,manager202
EMP12967,zilmil.sankaran33,Zilmil Sankaran,cs,Administrator,,LPT-12967,dev 85481,active,08/12/2021 19:51,not available,manager472
EMP10247,aadhya.shan11,Aadhya Shan,support,Trainee,warehouse,VDR-10247,DEV-57419,open,2024-10-18T19:28:08,not available,manager948
EMP10871,,Aahana Chaudhary,operations,Director,branch_office,,DEV74392,open,04-14-2021 11:07:01 PM,NA,  manager773  
EMP10952,januja.yadav88,Januja Yadav,legal,Consultant,work_from_home,VDR-10952,dev 37886,active,2024-05-04 12:50:42,not available,manager265
EMP12262,damyanti_lal3,Damyanti Lal,information_technology,Director,,WS-12262,DEV-59411,active,05-03-2021 07:51:26 AM,,MANAGER108
EMP12803,,Yuvraj Sachar,legal,Trainee,head_office,VDR-12803,,active,2020-05-12 05:30:44,NA,  manager142  
EMP10626,  sara.bhattacharyya47  ,Sara Bhattacharyya,human_resources,Analyst,remote,VDR-10626,dev 60662,active,03-28-2023 07:08:21 PM,not available,manager826
EMP10347,jacob.chadha82,Jacob Chadha,support,Officer,,LPT-10347,dev46368,open,09-02-2020 12:16:28 PM,NA,manager308
EMP10278,david.lad68,David Lad,finance,Engineer,branch_office,VDR-10278,,open,06/01/2023 05:02,NA,manager506
EMP11600,gagan.mitter67,Gagan Mitter,procurement,Director,regional_office,VDR-11600,dev 60738,open,04/01/2026 18:47,NA,NA
EMP12689,,Chameli Deol,human_resources,Officer,warehouse,,dev 43341,active,29/09/2025,,manager652
EMP10655,eshana.bala7,Eshana Bala,human_resources,Director,,LPT-10655,dev 98092,active,08-15-2025 10:06:38 AM,NA,manager709
EMP11298,harrison.varughese13,Harrison Varughese,procurement,Trainee,remote,VDR-11298,DEV-46068,open,1765111521,,NA
EMP10962,aarav.sankaran82,Aarav Sankaran,legal,Manager,work_from_home,WS-10962,DEV-84593,open,2021/06/13,NA,manager775
EMP12706,  inaya.rastogi36  ,Inaya Rastogi,legal,Manager,regional_office,VDR-12706,DEV64786,inactive,19-Jun-2020 13:06:40,03-04-2024 10:08:32 PM,unknown
EMP12667,ansh.bose59,Ansh Bose,finance,Officer,regional_office,WS-12667,DEV56648,on_leave,01/01/2025 04:49,NA,manager738
EMP11091,  nathaniel.wadhwa89  ,Nathaniel Wadhwa,human_resources,Trainee,work_from_home,VDR-11091,,active,22/07/2025 09:47,,manager111
EMP11820,lipika.ramaswamy9,Lipika Ramaswamy,operations,Consultant,branch_office,WS-11820,,active,2020/11/10,NA,manager828
EMP10632,dayita.malhotra55,Dayita Malhotra,brand_team,Specialist,remote,WS-10632,dev 81071,active,1752983592,not available,manager654
EMP11178,mason.goyal5,Mason Goyal,procurement,Executive,,LPT-11178,DEV-11424,active,2023/08/09,not available,manager996
EMP10445,charvi.mann64,Charvi Mann,sales_dept,Specialist,branch_office,WS-10445,DEV78569,on_leave,2023-01-17 00:35:10,NA,MANAGER402
EMP10617,gaurav.rajagopal62,Gaurav Rajagopal,customer_support,Engineer,data_center,WS-10617,,open,2024-10-09 11:41:23,NA,manager853
EMP11915,jasmit.panchal36,Jasmit Panchal,information_technology,Director,regional_office,WS-11915,dev 56779,active,2024/09/24,not available,manager127
EMP12922,brijesh.karpe81,Brijesh Karpe,marketing,Consultant,data_center,VDR-12922,DEV48262,active,09/01/2024 15:34,not available,manager400
EMP12792,hemal.anne22,Hemal Anne,cs,Specialist,remote,,dev45125,active,2021-08-21 08:13:40,not available,
EMP11207,DHRITI.CHOUDHARY42,Dhriti Choudhary,operations_dept,Analyst,,WS-11207,dev 29331,active,10/09/2022,not available,manager790
EMP12014,YADAVI.KARAN30,Yadavi Karan,procurement,Trainee,regional_office,LPT-12014,DEV74595,inactive,,,MANAGER797
EMP10844,saksham.vohra67,Saksham Vohra,supply_chain,Officer,remote,WS-10844,DEV-21829,open,,NA,
EMP12631,shivani.madan32,Shivani Madan,sales_team,Specialist,work_from_home,WS-12631,,active,08/10/2020 20:13,,manager433
EMP10547,tristan.mukherjee88,Tristan Mukherjee,sales,Trainee,regional_office,,dev 40783,active,04-Apr-2022 14:03:33,NA,
EMP11889,atharv.shukla79,Atharv Shukla,legal,Engineer,work_from_home,VDR-11889,dev48365,active,10-Jun-2023 19:14:29,not available,NA
EMP10942,,Udarsh Chokshi,research_development,Manager,work_from_home,VDR-10942,dev 89541,active,03-Jan-2025 15:02:48,,manager982
EMP11011,adya.divan78,Adya Divan,research_development,Analyst,branch_office,LPT-11011,DEV19108,terminated,2023-04-13T22:21:03,,manager636
EMP10263,tanish.issac29,Tanish Issac,brand_team,Executive,work_from_home,,DEV-17552,active,2023-07-18 01:04:38,not available,MANAGER237
EMP11393,rishi.iyengar51,Rishi Iyengar,sales_team,Specialist,work_from_home,WS-11393,dev52431,open,04-28-2026 10:08:14 PM,,manager380
EMP12425,jeet.rajagopalan64,Jeet Rajagopalan,research_development,Officer,data_center,LPT-12425,dev 51114,open,,not available,unknown
EMP11933,balendra.madan83,Balendra Madan,operations_dept,Analyst,work_from_home,VDR-11933,dev89281,active,10/04/2021,,
EMP10353,lajita.rao81,Lajita Rao,people_team,Trainee,data_center,VDR-10353,DEV57202,active,27-Oct-2024 06:05:36,,manager261
EMP12923,,Lohit Kulkarni,sales,Director,regional_office,WS-12923,DEV-49080,inactive,,2021-09-16 19:33:57,  manager591  
EMP10208,liam.agate34,Liam Agate,sales_dept,Specialist,data_center,VDR-10208,,active,,NA,manager757
EMP10613,pavani.bansal82,Pavani Bansal,legal,Analyst,remote,,dev 15397,open,21/10/2024,not available,manager614
EMP11710,  advaith.barman92  ,Advaith Barman,finance,Trainee,head_office,LPT-11710,dev 28338,active,06-12-2024 05:20:44 AM,not available,manager830
EMP11780,  radha.gour60  ,Radha Gour,procurement,Officer,,,DEV48202,active,10-01-2021 04:37:33 AM,,manager748
EMP11844,anamika.ben86,Anamika Ben,accounts,Trainee,work_from_home,WS-11844,dev57022,on_leave,09-Aug-2022 22:44:51,,manager822
EMP11572,peter.chowdhury40,Peter Chowdhury,sales,Specialist,warehouse,LPT-11572,,active,11/03/2021 21:46,,manager942
EMP12702,SAMUEL.DUBEY7,Samuel Dubey,supply_chain,Consultant,data_center,LPT-12702,,open,04/06/2022,not available,manager119
EMP12113,akshay.dugal56,Akshay Dugal,accounts,Consultant,,VDR-12113,DEV98652,active,,NA,manager710
EMP12307,saksham.rege93,Saksham Rege,brand_team,Consultant,,WS-12307,DEV41447,active,1729319671,not available,manager977
EMP10057,nimrat.nair32,Nimrat Nair,mktg,Officer,data_center,VDR-10057,DEV-41358,active,28/08/2020 17:34,,manager340
EMP12312,RANBIR.KUMAR36,Ranbir Kumar,accounts,Engineer,remote,VDR-12312,DEV87136,on_leave,,,manager225
EMP10811,diya.ratta6,Diya Ratta,human_resources,Consultant,,LPT-10811,dev60434,active,2025-02-08 08:17:11,NA,manager803
EMP12260,patrick.salvi50,Patrick Salvi,research_development,Trainee,remote,LPT-12260,DEV-41671,on_leave,2024-04-05 09:49:33,NA,manager796
EMP10561,RAGHAV.NANDA23,Raghav Nanda,marketing_dept,Consultant,remote,VDR-10561,,active,07/04/2026 07:22,NA,manager180
EMP12112,,Forum Palla,marketing,Engineer,work_from_home,WS-12112,dev 32935,open,09-02-2021 04:05:53 PM,not available,manager678
EMP10229,bhavna.dass88,Bhavna Dass,brand_team,Specialist,,,dev 42311,active,2022-07-16 09:42:39,,manager404
EMP12586,sai.mitra8,Sai Mitra,innovation,Specialist,branch_office,LPT-12586,dev17258,active,22-Jun-2023 20:24:01,NA,MANAGER187
EMP11833,janya.wagle29,Janya Wagle,sales,Trainee,branch_office,LPT-11833,dev 81068,active,2023/07/06,,manager529
EMP11080,pavani.rout64,Pavani Rout,research_development,Executive,warehouse,WS-11080,dev 29119,active,2025/12/24,NA,manager427
EMP10538,indali.dora66,Indali Dora,customer_support,Engineer,,LPT-10538,dev98345,open,13/01/2022 08:16,,manager261
EMP11320,QASIM.MUNSHI11,Qasim Munshi,customer_care,Trainee,,WS-11320,,open,2024-03-22 20:56:06,,manager765
EMP11674,sudiksha.shenoy74,Sudiksha Shenoy,sales,Manager,work_from_home,LPT-11674,DEV-11264,active,04-07-2026 05:40:59 AM,NA,
EMP12881,nirja.virk29,Nirja Virk,information_technology,Specialist,work_from_home,WS-12881,dev 19065,active,1757144550,NA,manager697
EMP11110,  meera.banik95  ,Meera Banik,customer_support,Officer,warehouse,WS-11110,dev 72503,open,2022-03-15 20:59:27,not available,manager625
EMP11842,harita.parekh10,Harita Parekh,procurement,Administrator,branch_office,LPT-11842,DEV70599,active,1647625246,,MANAGER894
EMP11128,PRATYUSH.DESHPANDE35,Pratyush Deshpande,human_resources,Director,,VDR-11128,dev74955,inactive,2026-01-28 07:37:53,07-02-2026 02:44:45 PM,  manager859  
EMP10707,raksha.mahal36,Raksha Mahal,marketing_dept,Executive,,WS-10707,,inactive,2020-02-14T03:03:10,2025-04-04T03:15:00,manager705
EMP10424,eesha.basu78,Eesha Basu,brand_team,Administrator,regional_office,LPT-10424,dev73142,open,09/05/2022 00:05,NA,  manager982  
EMP10069,brijesh.arora88,Brijesh Arora,procurement,Manager,work_from_home,VDR-10069,dev 15383,active,1692828646,NA,
EMP12817,suhani.dhar2,Suhani Dhar,procurement,Officer,,LPT-12817,DEV11435,inactive,27-Dec-2024 15:10:23,03-29-2025 11:48:14 AM,unknown
EMP12059,qushi.sandhu96,Qushi Sandhu,information_technology,Executive,remote,VDR-12059,,terminated,13/06/2022 12:22,11-Jul-2026 18:58:56,MANAGER323
EMP10647,vedant.kumer4,Vedant Kumer,finance,Trainee,warehouse,VDR-10647,DEV-36467,on_leave,2020-10-07 04:16:59,26/08/2026 06:28,manager828
EMP12975,warjas.barman48,Warjas Barman,sales,Officer,head_office,VDR-12975,dev 64598,active,2020-11-22T22:14:53,NA,manager901
EMP12051,warda.dey18,Warda Dey,research_development,Consultant,warehouse,WS-12051,,active,18/05/2025 02:11,NA,MANAGER702
EMP12382,girik.shere27,Girik Shere,people_team,Analyst,remote,LPT-12382,DEV-96938,active,2024-12-05 06:35:35,,manager859
EMP11743,,Warhi Dugar,legal,Engineer,warehouse,WS-11743,DEV-63477,open,2020-11-26 15:44:40,,manager759
EMP12683,meghana.grewal81,Meghana Grewal,legal,Administrator,data_center,LPT-12683,dev28594,active,1744484438,NA,manager559
EMP11453,aadi.sharma83,Aadi Sharma,sales,Executive,,LPT-11453,,open,14/09/2023 17:49,NA,manager493
EMP12519,chaaya.mody33,Chaaya Mody,marketing,Manager,work_from_home,VDR-12519,DEV-99516,open,18-Apr-2020 14:56:58,,
EMP10620,udyati.basu22,Udyati Basu,operations,Specialist,work_from_home,WS-10620,dev91681,active,2020-05-19 10:18:45,,
EMP12682,YUVRAJ.TALWAR62,Yuvraj Talwar,operations,Engineer,regional_office,WS-12682,dev26791,terminated,01/05/2022 12:06,08-14-2023 02:16:20 AM,manager620
EMP11407,zashil.menon96,Zashil Menon,finance,Executive,warehouse,VDR-11407,DEV72111,active,17/07/2023 09:47,not available,manager581
EMP11977,rudra.gokhale89,Rudra Gokhale,information_technology,Specialist,work_from_home,LPT-11977,dev76505,open,2024-10-19 17:19:14,NA,  manager166  
EMP11105,neel.soman20,Neel Soman,operations_dept,Director,data_center,LPT-11105,,active,19/04/2022 05:59,,manager212
EMP11618,,Hemangini Sathe,information_technology,Specialist,head_office,VDR-11618,dev25765,inactive,2022-08-26T07:27:09,not available,manager799
EMP11580,hemangini.goda47,Hemangini Goda,sales,Trainee,work_from_home,VDR-11580,DEV66685,open,05-Jun-2025 09:11:42,,manager888
EMP12321,bhavani.khare8,Bhavani Khare,information_technology,Consultant,work_from_home,LPT-12321,dev67583,terminated,14/07/2020 08:48,,manager631
EMP12746,neha.pal10,Neha Pal,research_development,Officer,head_office,,DEV71797,open,2020-01-18 08:06:13,NA,manager485
EMP12320,warinder.pai74,Warinder Pai,legal,Director,regional_office,WS-12320,DEV63311,active,,,manager385
EMP10279,rayaan.kari11,Rayaan Kari,operations,Director,,VDR-10279,dev 41877,on_leave,02/12/2021,,manager947
EMP12250,jyoti.rajagopal11,Jyoti Rajagopal,operations,Manager,remote,LPT-12250,DEV-33998,terminated,14/12/2022 04:01,,manager802
EMP12242,adya_deep36,Adya Deep,information_technology,Director,,WS-12242,DEV91248,active,2020/09/05,,manager506
EMP11606,manya.kale19,Manya Kale,people_team,Consultant,head_office,VDR-11606,,open,2026-03-11T01:45:22,NA,manager712
EMP10166,omkaar.balan50,Omkaar Balan,mktg,Administrator,regional_office,,DEV-88997,on_leave,1667322991,2025/08/28,manager458
EMP11242,reva.cherian68,Reva Cherian,sales,Manager,warehouse,WS-11242,,terminated,2025-09-16T19:06:33,29/08/2026 11:20,  manager798  
EMP11756,  zaid.goel6  ,Zaid Goel,marketing,Specialist,remote,WS-11756,DEV24375,active,08-26-2020 04:09:47 PM,not available,manager597
EMP10553,nirja.kar42,Nirja Kar,operations,Specialist,work_from_home,WS-10553,DEV34530,active,01-06-2022 06:22:37 PM,not available,manager727
EMP10834,warda_rege61,Warda Rege,compliance,Engineer,,LPT-10834,DEV-95398,inactive,2024/04/16,2026-02-18 08:43:23,manager420
EMP10657,,Kala Contractor,operations,Director,,LPT-10657,DEV-66010,blocked,2020-07-20 17:13:24,2021/09/11,manager980
EMP10596,wishi.dixit15,Wishi Dixit,human_resources,Officer,regional_office,,dev15737,inactive,07-Feb-2021 04:40:14,2021/05/15,
EMP12828,siddharth.cheema52,Siddharth Cheema,information_technology,Executive,branch_office,WS-12828,DEV18242,active,02-08-2023 12:44:43 PM,,manager483
EMP10802,panini.gokhale89,Panini Gokhale,finance,Engineer,remote,LPT-10802,,active,,not available,manager881
EMP12203,yashodhara.de11,Yashodhara De,procurement,Officer,work_from_home,LPT-12203,dev 73253,active,22/05/2026,NA,NA
EMP10695,charita_dhingra41,Charita Dhingra,legal,Director,data_center,WS-10695,dev81449,active,2021/06/22,NA,manager292
EMP11811,ISHANI.BHARDWAJ87,Ishani Bhardwaj,legal,Officer,warehouse,VDR-11811,DEV62939,terminated,20-Dec-2023 17:43:28,NA,unknown
EMP12802,  fariq.sanghvi8  ,Fariq Sanghvi,sales,Specialist,data_center,WS-12802,dev 44556,inactive,2024-04-12 04:39:17,,NA
EMP10440,laksh.kari28,Laksh Kari,information_technology,Specialist,warehouse,,,active,14/07/2025,,NA
EMP10508,nandini.kade65,Nandini Kade,information_technology,Specialist,warehouse,WS-10508,,open,,,manager656
EMP10076,yamini.tata89,Yamini Tata,research_development,Trainee,,LPT-10076,dev 22196,open,,NA,manager413
EMP12986,ekaja.dugar99,Ekaja Dugar,information_technology,Manager,remote,VDR-12986,dev90418,open,06/02/2024 10:33,,
EMP11948,kamya.ram56,Kamya Ram,sales,Manager,remote,WS-11948,dev20769,active,06/05/2020,NA,NA
EMP10649,tejas.narula94,Tejas Narula,support,Specialist,branch_office,WS-10649,,active,07-14-2026 09:38:31 PM,,MANAGER443
EMP10522,widisha.seshadri22,Widisha Seshadri,sales,Director,warehouse,LPT-10522,,inactive,2021/07/19,2025/11/22,manager841
EMP11586,gunbir.goda45,Gunbir Goda,research_development,Trainee,warehouse,VDR-11586,dev 14885,terminated,2025-05-05 11:53:55,,
EMP11117,yagnesh.bhardwaj90,Yagnesh Bhardwaj,call_center,Consultant,branch_office,VDR-11117,,on_leave,,,manager143
EMP12383,gaurangi.natarajan89,Gaurangi Natarajan,legal,Officer,work_from_home,LPT-12383,dev 14282,open,07-15-2025 11:24:25 PM,not available,  manager824  
EMP11593,,Kiaan Palan,accounts,Executive,remote,LPT-11593,dev 24611,active,2022-08-22T18:36:53,not available,NA
EMP10654,vamakshi.ravel8,Vamakshi Ravel,operations,Analyst,,LPT-10654,dev97424,active,1739780008,not available,MANAGER189
EMP11375,ijaya.sachar81,Ijaya Sachar,information_technology,Engineer,branch_office,,DEV59310,terminated,15/11/2021 04:00,2024-02-17T09:10:31,  manager596  
EMP11644,ayushman.dara8,Ayushman Dara,human_resources,Manager,data_center,VDR-11644,dev80028,open,16/02/2026,not available,manager429
EMP12131,chaaya_sodhi94,Chaaya Sodhi,cs,Officer,regional_office,VDR-12131,dev 47980,on_leave,1714260396,08-15-2024 03:57:07 PM,NA
EMP10976,  michael.dhillon14  ,Michael Dhillon,information_technology,Specialist,regional_office,LPT-10976,dev 87710,blocked,2021-08-24 12:56:47,not available,manager621
EMP11760,kashvi.shere48,Kashvi Shere,call_center,Manager,data_center,WS-11760,dev 14395,active,2024-09-27T09:55:29,,
EMP10630,,Banjeet Vyas,mktg,Director,work_from_home,LPT-10630,DEV-82737,terminated,1638391195,2025/04/05,manager189
EMP11340,ranbir.tak34,Ranbir Tak,finance,Trainee,,LPT-11340,DEV-67659,open,2020-04-24T23:12:00,,unknown
EMP11609,,Kavya Rout,operations,Analyst,warehouse,LPT-11609,dev 56969,active,08/08/2020 15:08,not available,manager642
EMP12728,ekaraj.jaggi47,Ekaraj Jaggi,legal,Director,head_office,WS-12728,dev14784,open,09/02/2022 10:37,NA,manager535
EMP10482,zayyan.pal49,Zayyan Pal,information_technology,Director,remote,VDR-10482,,active,2024-12-19T09:09:23,not available,
EMP10560,jasmit_ramaswamy33,Jasmit Ramaswamy,operations,Analyst,,LPT-10560,dev56018,on_leave,24/02/2025 11:01,2026-05-17T18:28:20,manager651
EMP11192,vamakshi.divan13,Vamakshi Divan,information_technology,Executive,work_from_home,WS-11192,DEV81714,terminated,09-27-2020 07:41:37 PM,08-10-2024 08:37:31 PM,manager402
EMP12642,jalsa.nagy51,Jalsa Nagy,customer_care,Director,,WS-12642,DEV-34371,open,21/07/2022,not available,unknown
EMP12032,alka.jayaraman50,Alka Jayaraman,legal,Specialist,remote,VDR-12032,DEV69852,open,2020-04-05T04:14:49,,manager271
EMP10438,urmi.gulati6,Urmi Gulati,marketing,Administrator,,VDR-10438,,open,15/11/2022,not available,manager803
EMP12151,MANYA.MOHANTY64,Manya Mohanty,accounts,Administrator,head_office,VDR-12151,DEV-22761,active,,,manager297
EMP11947,xalak.handa21,Xalak Handa,information_technology,Engineer,data_center,VDR-11947,dev27106,active,03-03-2026 04:57:35 AM,,NA
EMP12634,samarth.brar15,Samarth Brar,finance,Officer,work_from_home,LPT-12634,,terminated,2022-10-20 18:28:43,2023-05-16 21:51:14,manager481
EMP10856,odika.shanker32,Odika Shanker,support,Executive,work_from_home,VDR-10856,DEV99883,active,19/09/2022 08:07,NA,manager994
EMP10530,  indali.toor53  ,Indali Toor,operations,Manager,branch_office,WS-10530,dev95403,open,1647979760,NA,
EMP11818,triveni.ranganathan7,Triveni Ranganathan,sales_dept,Executive,,LPT-11818,DEV48721,active,2022-12-25 03:17:00,not available,manager495
EMP10049,luke.walia87,Luke Walia,finance,Specialist,warehouse,WS-10049,dev63225,active,02/01/2020 06:16,,manager315
EMP10858,aditya.bhakta49,Aditya Bhakta,supply_chain,Engineer,head_office,LPT-10858,DEV83207,open,2025-04-30T20:43:20,NA,manager191
EMP10719,chanakya.taneja17,Chanakya Taneja,legal,Specialist,work_from_home,LPT-10719,DEV-24528,active,,NA,manager776
EMP12256,charvi.mannan37,Charvi Mannan,human_resources,Manager,warehouse,WS-12256,dev92163,open,18/10/2020 09:52,,
EMP11366,jagat.mohanty55,Jagat Mohanty,marketing,Consultant,data_center,WS-11366,,on_leave,10/05/2020 06:51,,NA
EMP12318,  jacob.karnik59  ,Jacob Karnik,marketing,Administrator,work_from_home,VDR-12318,dev95260,terminated,27/03/2024,05-08-2026 07:24:17 PM,  manager267  
EMP12770,azad.ahluwalia77,Azad Ahluwalia,finance,Specialist,regional_office,VDR-12770,dev 81848,active,23/09/2022 02:52,NA,unknown
EMP11559,girish.jayaraman91,Girish Jayaraman,research_development,Specialist,warehouse,VDR-11559,DEV85650,on_leave,1649435481,,NA
EMP12194,waida.dyal18,Waida Dyal,research_development,Manager,,WS-12194,dev99263,open,2023-03-16T19:23:18,not available,  manager929  
EMP11374,vyanjana.ahuja87,Vyanjana Ahuja,human_resources,Consultant,head_office,WS-11374,dev 23164,on_leave,06-07-2024 02:42:25 PM,01-Aug-2024 23:19:12,unknown
EMP12593,rudra.madan20,Rudra Madan,marketing,Engineer,remote,VDR-12593,DEV-65293,active,2023-06-27T07:18:43,,  manager267  
EMP11321,arin.rattan45,Arin Rattan,legal,Trainee,remote,LPT-11321,dev 12810,terminated,22/03/2020,11-22-2021 08:53:52 AM,manager980
EMP11068,yasti.swamy25,Yasti Swamy,information_technology,Consultant,head_office,VDR-11068,dev 57212,terminated,04-05-2026 02:11:46 AM,1782809326,manager596
EMP11711,kai.chatterjee31,Kai Chatterjee,human_resources,Consultant,remote,WS-11711,dev 20637,active,05-21-2026 07:29:09 PM,not available,manager510
EMP12606,ishani.mitra6,Ishani Mitra,finance,Manager,branch_office,WS-12606,,open,05-18-2026 09:33:07 AM,NA,manager921
EMP12711,,Chanchal Tiwari,innovation,Executive,data_center,WS-12711,DEV96309,terminated,,2026/03/28,
EMP11577,yashodhara_sen16,Yashodhara Sen,customer_support,Specialist,,LPT-11577,DEV-19227,terminated,2026-06-01 08:58:31,,manager378
EMP10297,  simon.dara84  ,Simon Dara,supply_chain,Executive,remote,WS-10297,dev 89064,terminated,,21/03/2023 22:10,NA
EMP11269,ekavir.kalita10,Ekavir Kalita,finance,Analyst,warehouse,WS-11269,dev 72105,active,26/02/2024 02:50,,NA
EMP12111,CHATRESH.KRISH60,Chatresh Krish,sales_team,Consultant,head_office,LPT-12111,DEV47712,open,1720293921,,NA
EMP10958,azaan.sampath86,Azaan Sampath,research_development,Manager,remote,WS-10958,DEV-88815,active,04/07/2021 11:59,not available,unknown
EMP11263,anirudh.warrior56,Anirudh Warrior,human_resources,Analyst,regional_office,LPT-11263,dev24559,open,2020-06-14 02:14:20,,unknown
EMP11288,urvashi.rege4,Urvashi Rege,compliance,Manager,work_from_home,LPT-11288,dev90636,terminated,2022-01-23 20:58:17,03-28-2025 02:09:19 AM,manager656
EMP10349,vedant.kashyap40,Vedant Kashyap,legal,Engineer,head_office,LPT-10349,DEV-21300,terminated,1608971711,03-01-2026 10:25:16 PM,manager782
EMP11326,aarini.rajan41,Aarini Rajan,operations,Specialist,regional_office,LPT-11326,DEV48327,active,20/05/2023 23:30,not available,manager225
EMP10643,abeer.lad5,Abeer Lad,customer_care,Manager,data_center,WS-10643,DEV15559,terminated,02-02-2022 10:20:03 AM,2025-06-15T13:14:33,unknown
EMP11330,  vyanjana.chawla67  ,Vyanjana Chawla,sales_team,Administrator,regional_office,VDR-11330,,active,2026-03-02T05:15:48,not available,unknown
EMP12901,advay.jayaraman98,Advay Jayaraman,legal,Consultant,work_from_home,WS-12901,DEV81061,open,23/10/2023 22:52,,manager665
EMP12972,yadavi.taneja61,Yadavi Taneja,sales,Administrator,regional_office,VDR-12972,,active,2023-01-25T02:33:29,NA,manager583
EMP11322,agastya.subramanian49,Agastya Subramanian,information_technology,Officer,data_center,LPT-11322,dev60741,active,2025-11-30T15:48:17,,manager818
EMP11106,  veer.batra88  ,Veer Batra,call_center,Director,head_office,WS-11106,,active,02/11/2022,NA,
EMP12213,VIDHI.SABHARWAL85,Vidhi Sabharwal,research_development,Specialist,head_office,WS-12213,DEV-14015,open,2025-01-11 07:08:22,NA,manager471
EMP11123,samesh.tak93,Samesh Tak,accounts,Director,remote,LPT-11123,dev 23282,active,2021-09-05T17:58:51,,manager626
EMP12447,umang.sharma23,Umang Sharma,information_technology,Executive,regional_office,,dev 59397,active,25-May-2023 10:31:09,,manager882
EMP12410,samar.tank75,Samar Tank,operations,Analyst,remote,WS-12410,DEV-12727,blocked,2020-02-02 01:50:33,,manager486
EMP11637,daniel.raj34,Daniel Raj,people_team,Manager,data_center,LPT-11637,DEV-21338,active,2024-03-27 03:07:36,NA,manager630
EMP10786,GAVIN.SAMRA37,Gavin Samra,accounts,Director,regional_office,WS-10786,DEV-28293,inactive,2025-01-31T17:19:05,12/07/2025 02:41,manager988
EMP12776,ABEER.BHATT30,Abeer Bhatt,information_technology,Administrator,regional_office,VDR-12776,dev 19269,active,02/01/2021,NA,manager628
EMP10140,finn.gupta86,Finn Gupta,marketing_dept,Consultant,branch_office,VDR-10140,dev72163,active,22/09/2020 05:13,NA,manager198
EMP10788,TARAK.SOM54,Tarak Som,finance,Officer,data_center,VDR-10788,,active,01/03/2021 10:01,,manager952
EMP11949,nirja_munshi38,Nirja Munshi,compliance,Executive,remote,WS-11949,dev48091,terminated,05-11-2020 11:32:53 AM,2022-04-23 04:55:14,manager477
EMP12097,rachit.balan30,Rachit Balan,research_development,Manager,branch_office,WS-12097,dev35002,active,20/01/2023 10:10,not available,manager652
EMP10714,matthew.prabhu13,Matthew Prabhu,cs,Consultant,work_from_home,WS-10714,DEV90017,terminated,2022-04-26 21:49:40,,
EMP11869,oni_varkey46,Oni Varkey,finance,Director,work_from_home,LPT-11869,dev81474,on_leave,2026-03-03 11:25:29,2026-08-27 22:24:48,MANAGER912
EMP11640,meghana.chana6,Meghana Chana,cs,Engineer,work_from_home,LPT-11640,dev 51670,active,2020-02-14 03:39:32,NA,
EMP11918,lekha.dhawan29,Lekha Dhawan,procurement,Executive,head_office,LPT-11918,,active,06-08-2026 03:23:37 PM,,unknown
EMP12987,owen_vala92,Owen Vala,information_technology,Officer,branch_office,WS-12987,,active,01/01/2021 01:38,not available,manager225
EMP10618,yuvraj.ganesan68,Yuvraj Ganesan,sales_dept,Engineer,,WS-10618,DEV66369,active,,not available,manager787
EMP10406,  vedhika.goda56  ,Vedhika Goda,sales,Executive,work_from_home,VDR-10406,DEV-43801,active,09/03/2026 00:43,,NA
EMP11791,zehaan.comar63,Zehaan Comar,human_resources,Manager,branch_office,WS-11791,,active,2025-03-08 23:36:29,NA,manager277
EMP11226,tanveer.dugar93,Tanveer Dugar,legal,Administrator,regional_office,LPT-11226,dev46040,open,22/03/2021,,manager753
EMP11146,tanay.halder50,Tanay Halder,legal,Specialist,,LPT-11146,,active,11/11/2024,,  manager813  
EMP12275,INDRAJIT.CHANDER47,Indrajit Chander,procurement,Manager,data_center,,dev 24688,open,2021-10-18 21:48:39,not available,manager440
EMP12462,CHAVVI.PRASHAD2,Chavvi Prashad,information_technology,Analyst,branch_office,,,active,2023-04-27T20:38:37,not available,
EMP10497,viraj.saha85,Viraj Saha,information_technology,Trainee,branch_office,VDR-10497,DEV38818,open,29/04/2023 18:31,not available,unknown
EMP10342,HARITA.BHASIN77,Harita Bhasin,supply_chain,Specialist,remote,VDR-10342,dev 13515,inactive,2025-08-07 14:15:44,NA,manager721
EMP11957,noah.tailor28,Noah Tailor,finance,Director,regional_office,,dev 39585,active,2023-06-17 09:47:33,not available,unknown
EMP12338,geetika.biswas80,Geetika Biswas,operations_dept,Engineer,remote,VDR-12338,DEV-16463,terminated,22-Jan-2022 14:57:34,2026-02-18T04:00:50,NA
EMP10782,benjamin.sahota99,Benjamin Sahota,marketing_dept,Engineer,head_office,LPT-10782,DEV80570,inactive,04-Oct-2025 13:30:19,2025-11-07 11:55:02,unknown
EMP11557,oscar.kari74,Oscar Kari,sales,Executive,branch_office,VDR-11557,dev27014,inactive,03-19-2021 12:41:37 AM,29/11/2021,manager834
EMP10303,yashvi.more14,Yashvi More,sales,Consultant,branch_office,VDR-10303,dev 90304,active,,NA,
EMP11765,anirudh.shukla15,Anirudh Shukla,support,Administrator,warehouse,VDR-11765,DEV11160,open,1614629045,NA,manager349
EMP10664,yauvani.bajwa71,Yauvani Bajwa,operations_dept,Analyst,,VDR-10664,DEV-53684,open,2026-02-28T14:55:42,NA,manager129
EMP12243,pratyush.thaman21,Pratyush Thaman,sales,Specialist,branch_office,,DEV11275,active,08-07-2024 08:06:49 AM,NA,NA
EMP11551,pavani.choudhary20,Pavani Choudhary,finance,Consultant,head_office,LPT-11551,DEV-13929,active,08/08/2022 21:50,,manager482
EMP11797,  chatura.rajagopalan46  ,Chatura Rajagopalan,legal,Administrator,branch_office,VDR-11797,DEV48099,terminated,24/03/2023 21:23,03-23-2025 01:34:12 PM,
EMP12858,devansh.sen33,Devansh Sen,procurement,Officer,data_center,LPT-12858,DEV87237,active,2022-09-05 15:39:34,NA,NA
EMP10084,PAVANI.MITTER20,Pavani Mitter,accounts,Specialist,,LPT-10084,,active,,NA,manager710
EMP12281,omkaar.mital79,Omkaar Mital,marketing,Officer,branch_office,VDR-12281,DEV39968,active,28/04/2021 01:57,,  manager190  
EMP10941,tanveer.murty16,Tanveer Murty,customer_care,Executive,head_office,WS-10941,DEV36975,open,2026-01-01 06:40:09,,
EMP10961,samar.deep47,Samar Deep,information_technology,Administrator,data_center,VDR-10961,DEV-89433,active,,,
EMP10841,luke.mohan55,Luke Mohan,information_technology,Engineer,,WS-10841,DEV27882,open,2022-05-13 00:10:50,not available,manager280
EMP11562,upkaar.chaudhary2,Upkaar Chaudhary,procurement,Trainee,data_center,WS-11562,DEV34608,open,2024/11/28,not available,manager319
EMP12847,faraj.shanker29,Faraj Shanker,human_resources,Analyst,,VDR-12847,DEV61556,blocked,02/02/2022 20:16,29/05/2023,manager876
EMP12529,KALA.ARORA16,Kala Arora,human_resources,Director,,WS-12529,dev 14602,active,2021-10-09T01:19:59,not available,manager878
EMP11352,umang.chaudry16,Umang Chaudry,cs,Analyst,warehouse,WS-11352,dev 96402,active,2023/10/02,,manager299
EMP10290,lakshit.sule41,Lakshit Sule,operations,Manager,head_office,LPT-10290,,active,1782209193,,manager235
EMP11907,wridesh.wable13,Wridesh Wable,legal,Trainee,warehouse,LPT-11907,dev 42097,active,,,MANAGER877
EMP11190,yuvraj.mistry78,Yuvraj Mistry,support,Consultant,data_center,LPT-11190,,active,21-Apr-2025 01:20:59,,
EMP10604,,Brinda Wali,customer_support,Consultant,work_from_home,WS-10604,DEV64046,active,2023-08-30T18:58:24,NA,
EMP12471,azad_bal82,Azad Bal,marketing_dept,Trainee,,LPT-12471,DEV43897,active,2024/02/01,not available,NA
EMP10916,chavvi.thaman9,Chavvi Thaman,human_resources,Consultant,remote,WS-10916,dev 31538,active,05-06-2023 08:03:28 PM,,unknown
EMP11569,lakshit_dutt68,Lakshit Dutt,accounts,Consultant,branch_office,LPT-11569,DEV-99180,active,2025-05-24T17:46:37,NA,
EMP11740,faris.chowdhury96,Faris Chowdhury,accounts,Specialist,branch_office,LPT-11740,,open,25/07/2023 17:07,NA,
EMP11099,aashi.kapadia1,Aashi Kapadia,sales,Administrator,head_office,VDR-11099,DEV-48456,active,2023-10-14 07:39:40,not available,manager602
EMP11088,mohini_kalla19,Mohini Kalla,legal,Director,,LPT-11088,,active,2024-01-12 06:44:14,NA,manager153
EMP12378,rachita.narayan1,Rachita Narayan,cs,Director,work_from_home,LPT-12378,DEV-85191,active,2020-08-01 16:55:53,NA,manager469
EMP11377,yutika.sheth56,Yutika Sheth,human_resources,Trainee,warehouse,VDR-11377,,active,,NA,manager369
EMP10821,LIBNI.AURORA70,Libni Aurora,customer_care,Analyst,,LPT-10821,DEV-66414,terminated,05-Jan-2021 03:16:58,2023/09/09,
EMP12543,zayan.gole8,Zayan Gole,accounts,Analyst,head_office,VDR-12543,DEV53938,active,2022-01-04T14:40:09,NA,manager921
EMP11000,chanakya.bali26,Chanakya Bali,operations,Engineer,,WS-11000,DEV42771,active,2026-07-15 14:14:04,not available,manager381
EMP11427,NIHARIKA.MURTY3,Niharika Murty,operations,Consultant,regional_office,LPT-11427,dev86919,active,2023-02-11T22:04:09,,manager780
EMP10018,orinder.bera98,Orinder Bera,call_center,Executive,branch_office,VDR-10018,dev72296,terminated,,1784994044,MANAGER316
EMP12575,nandini.kothari89,Nandini Kothari,marketing_dept,Consultant,warehouse,LPT-12575,dev85147,on_leave,2022-08-18 04:08:03,not available,MANAGER118
EMP11450,radha.bera98,Radha Bera,accounts,Director,work_from_home,WS-11450,DEV47118,inactive,19/03/2026,NA,
EMP11746,nimrat.chhabra38,Nimrat Chhabra,human_resources,Engineer,,VDR-11746,dev 19350,active,11-07-2023 04:15:15 AM,,NA
EMP11360,osha.dutta17,Osha Dutta,call_center,Officer,,WS-11360,DEV-56447,active,12-05-2025 06:46:12 AM,NA,manager829
EMP11641,chakrika.garde44,Chakrika Garde,mktg,Executive,remote,WS-11641,dev36299,terminated,2020-06-24T07:35:18,10-12-2021 11:21:58 PM,unknown
EMP12785,,Yauvani Bal,research_development,Trainee,branch_office,VDR-12785,DEV-32224,open,22-Dec-2022 04:56:59,NA,manager529
EMP11729,anvi.biswas59,Anvi Biswas,sales_dept,Manager,regional_office,VDR-11729,dev99368,inactive,01-20-2024 10:46:27 AM,,manager340
EMP11582,aadi.bhasin11,Aadi Bhasin,information_technology,Manager,regional_office,WS-11582,dev 41816,open,2021/11/18,,manager781
EMP12083,mohini.minhas94,Mohini Minhas,procurement,Manager,head_office,LPT-12083,DEV94267,active,17/03/2026 07:21,,unknown
EMP12726,kamya.rana5,Kamya Rana,information_technology,Executive,data_center,WS-12726,,open,2020/12/07,not available,manager629
EMP12024,IMARAN.NARASIMHAN79,Imaran Narasimhan,call_center,Officer,,LPT-12024,DEV-94839,active,13/12/2022 09:44,,  manager658  
EMP10360,  nitara.bedi94  ,Nitara Bedi,support,Engineer,branch_office,LPT-10360,dev 63744,active,08-09-2024 12:32:12 PM,NA,manager959
EMP12636,CHANDANI.PANT6,Chandani Pant,procurement,Trainee,branch_office,LPT-12636,DEV60246,active,,not available,unknown
EMP11922,william.rajan75,William Rajan,operations_dept,Trainee,branch_office,VDR-11922,DEV-79841,open,31/10/2021 19:22,not available,unknown
EMP12992,sathvik.agrawal90,Sathvik Agrawal,compliance,Administrator,warehouse,WS-12992,DEV21590,open,11-03-2023 06:07:05 PM,NA,
EMP11334,varsha.ramanathan85,Varsha Ramanathan,mktg,Analyst,warehouse,WS-11334,DEV-13406,terminated,06-02-2026 01:57:44 AM,not available,NA
EMP11670,  vritti.badal80  ,Vritti Badal,information_technology,Specialist,,,DEV-59895,active,,,manager136
EMP10344,frado.sheth77,Frado Sheth,human_resources,Officer,head_office,WS-10344,dev51480,active,10-31-2024 09:30:49 PM,,manager659
EMP10986,RAKSHA.SETHI26,Raksha Sethi,sales_dept,Administrator,branch_office,LPT-10986,,active,21/11/2022 18:37,not available,
EMP12221,faris.shukla14,Faris Shukla,customer_support,Consultant,regional_office,,DEV-58869,active,2020-05-20 23:08:21,NA,MANAGER898
EMP12421,MANAN.SAVANT11,Manan Savant,finance,Executive,head_office,LPT-12421,dev 19996,active,08/07/2022 20:46,,manager215
EMP11410,YAGNESH.JAYARAMAN45,Yagnesh Jayaraman,information_technology,Engineer,remote,WS-11410,dev65858,open,07/08/2022 22:23,NA,manager885
EMP12019,fariq.mammen10,Fariq Mammen,cs,Executive,head_office,VDR-12019,DEV-28185,open,1684655438,not available,NA
EMP12983,vyanjana.gour79,Vyanjana Gour,supply_chain,Officer,work_from_home,VDR-12983,DEV20114,open,06/01/2023,not available,unknown
EMP12287,vritti.rajagopalan54,Vritti Rajagopalan,operations_dept,Analyst,data_center,WS-12287,,open,2025-10-20 11:10:16,NA,NA
EMP12460,reyansh.chana86,Reyansh Chana,information_technology,Consultant,data_center,WS-12460,dev 97393,inactive,2024/09/08,,
EMP10085,maya.gola80,Maya Gola,sales,Officer,data_center,WS-10085,,active,01-02-2025 11:36:52 AM,not available,unknown
EMP12129,praneel.raju81,Praneel Raju,marketing_dept,Manager,work_from_home,VDR-12129,dev20969,active,10-27-2025 04:32:52 AM,,manager729
EMP10668,,Oliver Suresh,operations_dept,Consultant,head_office,LPT-10668,DEV46760,blocked,19/11/2022 17:02,,  manager962  
EMP11014,farhan.khanna40,Farhan Khanna,compliance,Trainee,,VDR-11014,dev85378,terminated,,10-Jul-2026 00:10:28,MANAGER382
EMP10128,adweta.bhagat28,Adweta Bhagat,research_development,Trainee,branch_office,WS-10128,DEV23022,on_leave,15/02/2023,,manager760
EMP11993,yashodhara.baria35,Yashodhara Baria,information_technology,Analyst,work_from_home,LPT-11993,DEV72707,active,,NA,manager972
EMP11229,aahana.rao53,Aahana Rao,people_team,Trainee,,LPT-11229,,open,11/03/2023 20:59,,NA
EMP10891,  eiravati.mahal58  ,Eiravati Mahal,procurement,Administrator,remote,LPT-10891,DEV-37665,active,1778365954,not available,NA
EMP11937,omya.arya6,Omya Arya,support,Director,data_center,LPT-11937,DEV-15786,open,01-09-2020 04:27:15 PM,NA,manager351
EMP10307,gavin.rama19,Gavin Rama,operations,Administrator,remote,WS-10307,dev 37114,open,2022-12-18 03:09:08,not available,manager548
EMP10383,krishna.oak8,Krishna Oak,sales_dept,Specialist,branch_office,LPT-10383,,open,,not available,
EMP11952,  kavya.char72  ,Kavya Char,customer_care,Officer,,WS-11952,,active,21/02/2021,not available,manager951
EMP11208,utkarsh.tata53,Utkarsh Tata,marketing,Officer,regional_office,LPT-11208,dev69055,terminated,,03-Jul-2026 15:12:47,unknown
EMP10426,banjeet.mishra77,Banjeet Mishra,legal,Consultant,regional_office,LPT-10426,dev 13336,active,07/07/2022 09:52,,manager528
EMP10494,anvi_chakrabarti53,Anvi Chakrabarti,legal,Trainee,,WS-10494,,active,2023/04/25,NA,  manager647  
EMP11671,viraj.chaudhuri89,Viraj Chaudhuri,marketing,Director,,WS-11671,dev77185,inactive,,,  manager454  
EMP12506,tanveer.sachdev72,Tanveer Sachdev,legal,Director,warehouse,LPT-12506,DEV-38968,inactive,2023-03-06T22:46:00,,manager616
EMP12629,wahab.gupta10,Wahab Gupta,information_technology,Consultant,work_from_home,LPT-12629,dev16140,active,02-18-2023 06:30:35 AM,not available,
EMP11337,siddharth.brahmbhatt93,Siddharth Brahmbhatt,supply_chain,Officer,remote,LPT-11337,,active,01-10-2022 03:29:09 AM,NA,MANAGER115
EMP11385,dalaja.bakshi40,Dalaja Bakshi,research_development,Director,branch_office,VDR-11385,dev31828,active,04-26-2025 04:44:28 PM,not available,manager728
EMP10275,IRA.RAVI81,Ira Ravi,sales_dept,Manager,regional_office,,,active,11-17-2023 06:32:41 PM,,manager732
EMP10489,henry.ganesan99,Henry Ganesan,operations,Officer,work_from_home,,dev68400,open,07-09-2022 11:43:06 PM,,NA
EMP11578,  henry.sami6  ,Henry Sami,legal,Administrator,,VDR-11578,DEV71148,active,07-Jun-2021 08:59:24,not available,
EMP10690,umang.sahni49,Umang Sahni,operations,Trainee,,VDR-10690,,active,07/03/2021 14:22,,
EMP11402,gagan.devan62,Gagan Devan,customer_support,Officer,work_from_home,VDR-11402,DEV20673,terminated,15-Aug-2023 14:38:36,21-Mar-2025 05:14:04,manager113
EMP12630,darpan.kadakia49,Darpan Kadakia,research_development,Consultant,,VDR-12630,dev 82096,on_leave,2025-12-09T11:58:11,,  manager830  
EMP11273,krisha.natarajan39,Krisha Natarajan,operations,Officer,work_from_home,VDR-11273,dev 88085,open,18/04/2022 15:59,,manager845
EMP12273,ekaraj.kumar45,Ekaraj Kumar,finance,Engineer,regional_office,VDR-12273,dev10802,open,1693653031,not available,manager272
EMP12691,meera.hora64,Meera Hora,legal,Specialist,branch_office,,DEV-40733,open,03/01/2025 16:26,,manager671
EMP11058,,Udyati Sankar,finance,Trainee,head_office,LPT-11058,DEV19154,active,07-22-2023 04:22:45 AM,NA,manager770
EMP10118,sneha.prakash29,Sneha Prakash,sales,Specialist,remote,VDR-10118,DEV96400,open,28/02/2021,NA,manager742
EMP11024,ubika.koshy18,Ubika Koshy,innovation,Administrator,work_from_home,LPT-11024,dev32359,inactive,02-28-2025 08:20:51 PM,2025-10-15 07:36:04,
EMP11423,krishna.sama90,Krishna Sama,marketing,Administrator,regional_office,LPT-11423,DEV-84996,inactive,02-08-2026 08:09:38 PM,NA,unknown
EMP10281,wazir.tak22,Wazir Tak,people_team,Trainee,work_from_home,WS-10281,dev 94529,blocked,10-24-2024 01:19:41 AM,NA,NA
EMP12681,abha.borah44,Abha Borah,procurement,Manager,warehouse,LPT-12681,DEV-33699,open,,not available,manager202
EMP12407,chavvi_chakrabarti3,Chavvi Chakrabarti,operations,Administrator,,,dev24809,active,2023-03-16 22:31:14,,manager801
EMP10968,raksha.johal11,Raksha Johal,supply_chain,Analyst,,LPT-10968,,on_leave,02-15-2022 04:10:13 PM,,manager437
EMP11231,raagini.bail16,Raagini Bail,operations_dept,Consultant,,VDR-11231,DEV88642,active,07-May-2021 02:17:06,not available,manager360
EMP11660,naksh.ramachandran75,Naksh Ramachandran,innovation,Trainee,remote,VDR-11660,,open,2020-11-11 08:21:01,not available,
EMP11709,bhavna.patel98,Bhavna Patel,information_technology,Administrator,remote,VDR-11709,DEV-84518,open,08/05/2024,NA,manager834
EMP10155,QABIL.CHANDA52,Qabil Chanda,customer_support,Manager,data_center,WS-10155,,active,1622969581,,manager748
EMP10304,tanay.bandi97,Tanay Bandi,operations,Director,head_office,LPT-10304,DEV22924,active,05/05/2024 14:46,not available,manager671
EMP11963,sanya.ram80,Sanya Ram,sales,Director,remote,VDR-11963,DEV55323,active,29/06/2020 00:41,NA,manager718
EMP11448,aishani.mandal32,Aishani Mandal,finance,Officer,work_from_home,WS-11448,dev 10648,active,06/12/2022,,manager663
EMP11610,daksh.dhar53,Daksh Dhar,finance,Engineer,branch_office,VDR-11610,DEV-33506,inactive,2020-04-01 14:45:05,17/06/2024 10:45,  manager439  
EMP12308,omaja.bhalla35,Omaja Bhalla,legal,Director,regional_office,VDR-12308,dev 75901,active,07-16-2020 01:01:40 PM,not available,manager387
EMP11457,noah.sood63,Noah Sood,legal,Director,work_from_home,LPT-11457,,open,2026/04/24,not available,manager718
EMP10575,mahika_choudhary53,Mahika Choudhary,customer_care,Director,,LPT-10575,dev31400,active,2025-06-30 00:33:54,NA,manager487
EMP11991,harsh.talwar88,Harsh Talwar,finance,Engineer,work_from_home,VDR-11991,DEV51116,active,2026-05-20T11:30:13,NA,  manager963  
EMP12651,aishani.pillai56,Aishani Pillai,human_resources,Specialist,regional_office,LPT-12651,DEV-41619,inactive,2024/06/25,1743577595,MANAGER980
EMP12704,vedhika.khatri69,Vedhika Khatri,procurement,Executive,branch_office,LPT-12704,DEV49043,blocked,2020/10/17,2025-10-30T21:00:00,manager972
EMP12188,sai.puri51,Sai Puri,research_development,Trainee,,WS-12188,dev 77395,terminated,2023/08/13,06/05/2024 23:05,manager360
EMP11264,NITESH.DUGAR74,Nitesh Dugar,mktg,Engineer,head_office,VDR-11264,DEV23242,active,,not available,manager514
EMP10843,amol.dayal53,Amol Dayal,operations,Manager,data_center,VDR-10843,DEV-28423,open,,,manager223
EMP11344,zayyan.krishnan75,Zayyan Krishnan,operations,Analyst,warehouse,VDR-11344,dev 39878,open,2026-01-29 00:40:36,NA,
EMP10269,alexander.sachar64,Alexander Sachar,research_development,Manager,work_from_home,VDR-10269,DEV71537,active,21-Sep-2022 22:19:27,,unknown
EMP10629,ojasvi.majumdar45,Ojasvi Majumdar,operations_dept,Consultant,regional_office,WS-10629,,on_leave,06/04/2024 08:01,not available,manager163
EMP11033,ayushman.andra77,Ayushman Andra,research_development,Manager,,VDR-11033,DEV-84606,open,2020/10/21,NA,manager746
EMP10286,hamsini.bandi7,Hamsini Bandi,human_resources,Director,branch_office,LPT-10286,,active,22-Mar-2025 05:06:33,not available,
EMP12279,fiyaz.talwar66,Fiyaz Talwar,supply_chain,Trainee,branch_office,VDR-12279,dev46190,open,24/08/2022 05:13,not available,NA
EMP10300,adweta.kaur27,Adweta Kaur,research_development,Administrator,,VDR-10300,DEV-19064,inactive,25-Jun-2023 03:48:29,01-27-2024 08:46:54 AM,manager347
EMP12248,DARSH.CHOUDHRY88,Darsh Choudhry,accounts,Analyst,head_office,VDR-12248,dev 27725,active,,not available,
EMP11929,jagat_gulati29,Jagat Gulati,people_team,Officer,,VDR-11929,DEV67979,open,17/02/2026 19:40,,manager182
EMP11979,noah_dhar52,Noah Dhar,procurement,Specialist,warehouse,VDR-11979,dev 65146,active,1731573880,NA,
EMP10065,chandresh_prashad29,Chandresh Prashad,human_resources,Analyst,,LPT-10065,dev 42411,active,2020-03-04 07:38:39,,manager344
EMP12288,vasatika.ravi8,Vasatika Ravi,operations_dept,Specialist,branch_office,WS-12288,DEV69889,open,05-21-2023 04:21:20 AM,not available,unknown
EMP10890,utkarsh.mand24,Utkarsh Mand,legal,Analyst,head_office,WS-10890,DEV49013,active,2026-02-27T16:24:46,NA,manager786
EMP10014,ridhi.saini2,Ridhi Saini,people_team,Officer,work_from_home,WS-10014,DEV94012,open,2022/06/30,not available,  manager564  
EMP11882,sai.garde41,Sai Garde,human_resources,Executive,warehouse,LPT-11882,,inactive,20/12/2021 07:20,2024-08-14T01:36:13,
EMP12841,ekavir.menon22,Ekavir Menon,research_development,Trainee,branch_office,VDR-12841,dev 30899,active,19/07/2024 22:20,,NA
EMP11898,hemani.dada38,Hemani Dada,sales_dept,Director,head_office,WS-11898,dev 28441,open,07-04-2021 02:33:23 AM,,manager114
EMP10230,SARTHAK.RAJAGOPALAN99,Sarthak Rajagopalan,brand_team,Engineer,,VDR-10230,dev74094,active,19/12/2022,,manager914
EMP10503,girish.dyal84,Girish Dyal,sales_team,Manager,remote,VDR-10503,dev19149,on_leave,09-14-2022 07:50:12 AM,02-06-2024 09:27:56 AM,manager413
EMP11399,rehaan.trivedi61,Rehaan Trivedi,customer_care,Specialist,work_from_home,LPT-11399,DEV-17724,active,2022-02-22 00:15:37,,manager858
EMP11442,reyansh.keer59,Reyansh Keer,procurement,Specialist,regional_office,WS-11442,dev 62341,active,2022-01-26 19:17:30,,manager482
EMP11602,ekavir_nigam18,Ekavir Nigam,operations,Engineer,work_from_home,VDR-11602,DEV85885,active,,NA,manager648
EMP11313,gautami.sodhi74,Gautami Sodhi,research_development,Officer,remote,WS-11313,DEV-91065,terminated,03-04-2021 08:35:44 AM,1732657377,manager485
EMP11004,yamini.baral97,Yamini Baral,research_development,Trainee,remote,LPT-11004,DEV-51035,inactive,2023-08-25 05:07:16,13/08/2026 10:15,manager549
EMP10836,  mahika.dube81  ,Mahika Dube,customer_support,Executive,warehouse,WS-10836,dev 37912,open,2026-04-24 23:02:24,NA,NA
EMP12093,aadhya.bahri88,Aadhya Bahri,legal,Officer,,WS-12093,DEV11145,active,2022/10/11,not available,
EMP10374,hemani_venkataraman88,Hemani Venkataraman,legal,Executive,remote,LPT-10374,dev 34530,active,2023-10-17 17:01:21,not available,
EMP11336,darpan.batra94,Darpan Batra,information_technology,Manager,warehouse,WS-11336,DEV98862,active,19/07/2024,NA,manager686
EMP12177,,Tanish Jaggi,procurement,Director,work_from_home,VDR-12177,,active,2022/12/24,,unknown
EMP11902,,Forum Bala,customer_care,Administrator,regional_office,LPT-11902,dev 45626,on_leave,2024/05/23,09/02/2026,manager680
EMP11921,WARDA.BHATT30,Warda Bhatt,finance,Administrator,regional_office,VDR-11921,dev82744,terminated,2024-07-07T08:13:23,not available,NA
EMP12755,wriddhish_barad18,Wriddhish Barad,information_technology,Engineer,warehouse,LPT-12755,DEV-69806,open,,,NA
EMP10751,robert.cherian10,Robert Cherian,research_development,Specialist,,LPT-10751,DEV67129,active,08/03/2025,,manager496
EMP10099,dev.kanda57,Dev Kanda,research_development,Manager,head_office,VDR-10099,,inactive,2026-01-14T05:14:36,2026/08/16,manager517
EMP11835,yashoda.nair8,Yashoda Nair,legal,Director,work_from_home,,dev30191,open,2020-04-05 01:22:01,not available,manager479
EMP10866,ayush.sami8,Ayush Sami,information_technology,Consultant,branch_office,WS-10866,,on_leave,,NA,NA
EMP10910,arya.srivastava79,Arya Srivastava,procurement,Manager,work_from_home,,dev15501,active,02/06/2021,,MANAGER991
EMP11411,zaid.raval52,Zaid Raval,brand_team,Officer,warehouse,VDR-11411,DEV-96424,active,2025-01-15T06:22:35,NA,MANAGER848
EMP10529,gagan.dyal1,Gagan Dyal,procurement,Officer,head_office,VDR-10529,dev 10942,active,,not available,
EMP10636,udyati.dubey36,Udyati Dubey,finance,Engineer,head_office,LPT-10636,dev34215,open,2025-03-16T08:39:19,not available,manager720
EMP10185,ojasvi.char85,Ojasvi Char,people_team,Specialist,regional_office,WS-10185,DEV-27486,open,1724406248,not available,manager758
EMP11271,krishna.hayre68,Krishna Hayre,support,Executive,,LPT-11271,DEV22308,active,2026-04-06T06:02:29,not available,MANAGER602
EMP11498,LAKSHMI.BISWAS36,Lakshmi Biswas,procurement,Analyst,work_from_home,LPT-11498,dev29401,open,,NA,  manager479  
EMP10931,sanaya.chaudhary66,Sanaya Chaudhary,customer_care,Manager,regional_office,LPT-10931,,open,1778222877,,manager672
EMP12115,omaja.peri26,Omaja Peri,procurement,Director,branch_office,WS-12115,dev 43321,inactive,2023-05-07 22:44:16,1703486295,manager699
EMP12367,rushil_contractor40,Rushil Contractor,procurement,Manager,data_center,VDR-12367,DEV-89099,open,,,MANAGER953
EMP11808,qasim.balasubramanian51,Qasim Balasubramanian,finance,Executive,head_office,WS-11808,DEV30435,inactive,21/01/2022,,
EMP12473,anmol.bajwa13,Anmol Bajwa,sales,Officer,branch_office,WS-12473,DEV10800,active,2020-09-11T06:06:33,,unknown
EMP12134,ayush.mital70,Ayush Mital,finance,Analyst,work_from_home,LPT-12134,dev 44013,open,25-Jul-2023 03:03:55,NA,manager584
EMP10607,atharv.saran18,Atharv Saran,marketing,Analyst,remote,LPT-10607,dev 38157,inactive,03-08-2020 10:10:17 AM,2026/01/19,NA
EMP12900,jai.bora58,Jai Bora,supply_chain,Officer,warehouse,LPT-12900,DEV29857,terminated,2021-12-09 08:50:12,2022-06-03T06:17:03,manager932
EMP10151,anmol.shroff99,Anmol Shroff,finance,Administrator,remote,WS-10151,DEV-25726,open,,,manager232
EMP11694,abhiram.badal81,Abhiram Badal,mktg,Specialist,data_center,VDR-11694,DEV25970,open,2024-07-03 12:34:35,not available,manager842
EMP12210,sarthak.dhillon72,Sarthak Dhillon,sales_team,Director,,VDR-12210,DEV36516,open,03-13-2021 12:48:03 PM,not available,manager843
EMP10731,charles.dash57,Charles Dash,sales,Executive,,LPT-10731,,open,16/01/2025 05:12,not available,MANAGER498
EMP11429,peter_agarwal6,Peter Agarwal,marketing,Specialist,branch_office,VDR-11429,DEV76252,active,1748373767,not available,manager957
EMP12719,hamsini.dhar94,Hamsini Dhar,marketing,Manager,regional_office,LPT-12719,DEV10421,open,06/12/2021 16:31,,manager445
EMP12812,abdul.shankar63,Abdul Shankar,legal,Director,branch_office,WS-12812,DEV33567,active,12-24-2025 12:39:05 PM,not available,unknown
EMP10023,tara.talwar25,Tara Talwar,human_resources,Manager,regional_office,WS-10023,,active,2023-12-21 23:52:59,,NA
EMP11770,PRANIT.GOEL51,Pranit Goel,research_development,Specialist,work_from_home,,DEV26688,open,2024-05-02 02:35:57,NA,NA
EMP10158,tristan.subramaniam10,Tristan Subramaniam,accounts,Trainee,data_center,VDR-10158,DEV85952,open,19/10/2024 19:33,NA,  manager739  
EMP10861,  gagan.gandhi59  ,Gagan Gandhi,innovation,Manager,branch_office,VDR-10861,DEV36626,active,2022/04/07,not available,manager606
EMP10902,  meghana.wali56  ,Meghana Wali,information_technology,Executive,remote,VDR-10902,dev 35192,open,2023-09-23 03:54:02,,manager324
EMP12241,charvi.khare49,Charvi Khare,marketing,Director,,VDR-12241,DEV16217,active,2020-06-13 21:24:27,NA,manager554
EMP11230,  urishilla.dewan82  ,Urishilla Dewan,research_development,Executive,,WS-11230,DEV-11329,terminated,2025/08/11,,
EMP12325,,Laban Sankar,human_resources,Engineer,data_center,VDR-12325,,active,24/04/2021 00:05,not available,manager500
EMP10444,vedika.krishnamurthy18,Vedika Krishnamurthy,legal,Manager,warehouse,VDR-10444,dev 90962,active,20-Dec-2020 05:23:30,not available,
EMP11360,osha.dutta17,Osha Dutta,call_center,Officer,,WS-11360,DEV-56447,active,12-05-2025 06:46:12 AM,NA,manager829
EMP10754,ekalinga.keer78,Ekalinga Keer,accounts,Specialist,branch_office,VDR-10754,DEV-82450,inactive,09-25-2020 03:59:36 PM,03-04-2025 05:53:36 PM,manager321
EMP10923,aryan_pillay15,Aryan Pillay,information_technology,Consultant,,VDR-10923,DEV-76518,active,28-May-2020 07:13:14,,
EMP10718,anamika.radhakrishnan8,Anamika Radhakrishnan,procurement,Engineer,warehouse,VDR-10718,dev25963,active,07-Jan-2021 18:08:31,,manager719
EMP12001,naksh.virk96,Naksh Virk,research_development,Trainee,data_center,LPT-12001,,active,2025-02-12 17:19:32,,manager896
EMP10311,lakshmi.golla58,Lakshmi Golla,procurement,Director,data_center,LPT-10311,dev 38153,active,05-26-2026 09:27:17 AM,NA,MANAGER915
EMP10548,prisha.bhattacharyya32,Prisha Bhattacharyya,procurement,Consultant,,LPT-10548,,terminated,1759248735,not available,manager106
EMP10322,bakhshi.dora47,Bakhshi Dora,support,Analyst,work_from_home,VDR-10322,dev 67850,active,2023-08-13 21:49:53,,manager949
EMP11552,dalbir.sharaf34,Dalbir Sharaf,supply_chain,Consultant,head_office,LPT-11552,DEV-53461,open,01-Jan-2024 19:11:47,not available,manager992
EMP10306,saanvi.loke20,Saanvi Loke,operations,Analyst,data_center,LPT-10306,dev48722,active,,not available,manager847
EMP10287,  edhitha.muni51  ,Edhitha Muni,operations,Analyst,regional_office,WS-10287,DEV69054,open,10-Jan-2023 11:12:21,not available,manager484
EMP10694,,Ekaja Bhagat,customer_care,Consultant,head_office,WS-10694,dev14087,active,12-21-2025 05:27:31 PM,NA,manager740
EMP10308,teerth.seshadri93,Teerth Seshadri,research_development,Consultant,head_office,WS-10308,,inactive,2020-12-23 13:22:46,11-24-2023 11:07:31 AM,manager793
EMP12392,jagvi.baral41,Jagvi Baral,sales_team,Analyst,branch_office,WS-12392,DEV94116,active,23-Jun-2020 03:23:38,not available,manager277
EMP10749,  madhav.khosla93  ,Madhav Khosla,innovation,Specialist,warehouse,WS-10749,DEV-64927,open,2025/10/03,NA,unknown
EMP11803,yashawini.salvi36,Yashawini Salvi,finance,Engineer,data_center,WS-11803,dev 31840,open,21-Dec-2021 05:25:35,,unknown
EMP11978,krishna.prashad38,Krishna Prashad,marketing,Specialist,branch_office,LPT-11978,DEV69389,on_leave,16/12/2024,NA,
EMP11614,lucky.goda58,Lucky Goda,human_resources,Officer,remote,LPT-11614,,active,26-Sep-2024 22:30:12,,
EMP10908,bhavya.shah29,Bhavya Shah,research_development,Administrator,remote,WS-10908,dev 16117,active,2024/09/26,NA,MANAGER254
EMP12402,oni.mander24,Oni Mander,people_team,Executive,,LPT-12402,dev16179,active,2023-11-23 14:43:25,NA,
EMP12452,hritik.raman63,Hritik Raman,information_technology,Officer,head_office,VDR-12452,DEV-88025,active,2025-11-01 07:59:27,NA,manager361
EMP11370,eiravati.devi70,Eiravati Devi,call_center,Engineer,head_office,WS-11370,DEV-13378,open,25-May-2022 15:19:43,NA,NA
EMP12570,ekiya.dube95,Ekiya Dube,finance,Engineer,branch_office,VDR-12570,dev 74811,active,2023/11/20,not available,manager695
EMP10970,geetika.palla32,Geetika Palla,human_resources,Trainee,,WS-10970,DEV-17134,inactive,1717336007,1727121933,NA
EMP10013,azaan.bhagat20,Azaan Bhagat,finance,Director,,LPT-10013,DEV-60432,active,12-25-2023 04:19:44 AM,not available,
EMP10873,jack.kamdar91,Jack Kamdar,research_development,Director,head_office,WS-10873,,active,,NA,
EMP10808,CHAKRIKA.WABLE69,Chakrika Wable,information_technology,Manager,,VDR-10808,DEV72221,active,05/01/2025 03:24,,manager789
EMP12657,gagan.boase71,Gagan Boase,information_technology,Manager,,LPT-12657,dev98946,active,2024/03/19,not available,
EMP10514,,Abhiram Rajagopal,mktg,Administrator,warehouse,VDR-10514,,active,23-Jul-2025 21:33:51,,manager701
EMP12486,charvi_om72,Charvi Om,human_resources,Consultant,work_from_home,LPT-12486,,open,09-01-2021 09:08:01 PM,NA,manager947
EMP10409,nihal.balasubramanian98,Nihal Balasubramanian,people_team,Manager,warehouse,LPT-10409,DEV47498,on_leave,04/12/2022,not available,manager770
EMP11455,leena_hayer23,Leena Hayer,accounts,Director,,VDR-11455,DEV-23950,active,09-13-2020 06:07:12 PM,,MANAGER850
EMP12765,zayyan.chatterjee30,Zayyan Chatterjee,legal,Analyst,data_center,WS-12765,dev 70764,open,25/04/2025 14:06,NA,
EMP11397,kalpit.palla51,Kalpit Palla,sales,Trainee,,,,open,23/08/2022,NA,  manager929  
EMP11862,,Falguni Parikh,cs,Officer,remote,LPT-11862,dev40780,on_leave,23/04/2023,1726367562,manager771
EMP12215,osha.butala17,Osha Butala,compliance,Consultant,data_center,VDR-12215,,open,03/08/2021 06:43,not available,manager409
EMP11805,liam.sarma22,Liam Sarma,sales,Analyst,work_from_home,LPT-11805,dev 88988,active,28/07/2020,NA,NA
EMP10382,janani.deep4,Janani Deep,operations,Specialist,warehouse,LPT-10382,DEV-83807,terminated,2024-03-09 07:05:05,,manager192
EMP11677,sachi.bains24,Sachi Bains,people_team,Manager,head_office,WS-11677,DEV-99863,active,2020-06-04 08:10:04,,manager496
EMP12953,qadim.saxena42,Qadim Saxena,brand_team,Engineer,data_center,WS-12953,dev 95279,active,21/10/2020 09:42,NA,manager153
EMP11506,charvi.bera96,Charvi Bera,customer_care,Engineer,regional_office,LPT-11506,DEV-57652,active,05-23-2023 01:39:32 AM,,manager437
EMP12269,eesha_pant59,Eesha Pant,operations,Specialist,,VDR-12269,dev69132,active,23-Oct-2024 05:43:10,,unknown
EMP11446,mekhala.varughese7,Mekhala Varughese,human_resources,Administrator,work_from_home,LPT-11446,DEV-55364,open,2021-05-28T16:47:57,,manager774
EMP10552,xalak.tiwari59,Xalak Tiwari,human_resources,Officer,,WS-10552,DEV-11103,open,2021/10/16,not available,MANAGER203
EMP10222,sachi.bhargava76,Sachi Bhargava,operations,Officer,work_from_home,VDR-10222,DEV-79774,active,2024-10-14T22:40:30,not available,manager935
EMP11096,aishani.madan27,Aishani Madan,people_team,Executive,work_from_home,VDR-11096,,open,21/10/2023 12:06,NA,
EMP12677,vincent.hayre30,Vincent Hayre,human_resources,Executive,work_from_home,WS-12677,dev 45418,active,2024-12-06 08:05:31,,manager898
EMP10008,wakeeta.joshi82,Wakeeta Joshi,finance,Officer,regional_office,LPT-10008,DEV-31417,active,18-Apr-2022 16:46:07,not available,NA
EMP11575,suhani.gupta20,Suhani Gupta,sales,Trainee,,VDR-11575,DEV46106,active,2020/02/03,not available,manager633
EMP10316,keya.basu50,Keya Basu,legal,Executive,data_center,VDR-10316,DEV-80435,active,27-Jun-2025 18:04:46,,
EMP10427,MAHIKA.SURA52,Mahika Sura,legal,Analyst,warehouse,VDR-10427,DEV-84978,blocked,2022-12-02 04:23:23,12-Nov-2023 14:41:25,manager753
EMP12167,isaiah.salvi78,Isaiah Salvi,information_technology,Director,branch_office,LPT-12167,,active,2023-06-10 12:58:32,not available,NA
EMP10105,  quincy.kunda53  ,Quincy Kunda,information_technology,Consultant,regional_office,WS-10105,DEV-59968,active,2025/08/24,not available,
EMP11476,chameli.bajwa81,Chameli Bajwa,research_development,Officer,,LPT-11476,dev37204,active,2024/07/03,not available,manager398
EMP10142,wishi.balay53,Wishi Balay,operations,Director,work_from_home,VDR-10142,DEV-16743,on_leave,08/02/2025,,manager206
EMP10121,MASON.SARNA33,Mason Sarna,research_development,Administrator,regional_office,WS-10121,DEV25095,active,21/08/2020,NA,manager331
EMP12443,chanakya.raj3,Chanakya Raj,legal,Trainee,data_center,WS-12443,,active,2023-08-05T15:16:54,,NA
EMP12951,urvi.golla88,Urvi Golla,innovation,Administrator,warehouse,LPT-12951,dev29505,active,2020-12-21 14:30:38,NA,
EMP11189,kai.chhabra30,Kai Chhabra,sales_dept,Executive,work_from_home,VDR-11189,DEV-31108,on_leave,07/04/2024 11:29,not available,manager846
EMP12023,BALVEER.BABU77,Balveer Babu,brand_team,Officer,remote,,dev27037,active,24/02/2025 12:37,not available,MANAGER853
EMP12679,eiravati.venkatesh64,Eiravati Venkatesh,legal,Engineer,head_office,WS-12679,dev 70265,active,28/02/2023 19:36,NA,  manager167  
EMP11459,yagnesh.solanki69,Yagnesh Solanki,legal,Manager,branch_office,LPT-11459,,terminated,,25/03/2026 01:44,manager729
EMP10115,anay.prabhu39,Anay Prabhu,sales_team,Director,work_from_home,WS-10115,DEV23979,open,11-Nov-2024 21:38:49,NA,manager402
EMP12102,gaurang.cheema44,Gaurang Cheema,operations,Administrator,work_from_home,LPT-12102,dev99712,open,2020-01-24T13:01:03,NA,manager827
EMP11611,SARA.GANESH12,Sara Ganesh,human_resources,Director,warehouse,VDR-11611,DEV99830,active,2023-06-20 06:56:02,NA,  manager585  
EMP12211,samar.bal73,Samar Bal,procurement,Specialist,data_center,LPT-12211,dev 60910,active,17-Feb-2020 22:17:34,,manager652
EMP12882,hemangini.dhaliwal99,Hemangini Dhaliwal,legal,Manager,work_from_home,VDR-12882,DEV72341,active,1732417074,not available,
EMP12144,krishna_gala53,Krishna Gala,marketing_dept,Officer,warehouse,LPT-12144,dev 10044,active,,,
EMP11703,jagdish.mammen94,Jagdish Mammen,information_technology,Engineer,warehouse,VDR-11703,,active,2023/03/14,,manager938
EMP11913,darpan.randhawa69,Darpan Randhawa,sales,Analyst,data_center,VDR-11913,,active,04/08/2025 03:37,not available,NA
EMP10672,leena.kale20,Leena Kale,sales_team,Consultant,data_center,VDR-10672,dev 78632,active,14/10/2022 00:05,not available,manager992
EMP12786,,Lucky Chand,procurement,Executive,,LPT-12786,DEV53715,inactive,01/05/2026,,manager704
EMP11737,fitan.rana52,Fitan Rana,operations,Trainee,remote,WS-11737,DEV29350,inactive,1779608787,not available,manager517
EMP11616,arunima.sampath73,Arunima Sampath,operations,Manager,branch_office,LPT-11616,DEV-93424,active,1626634796,NA,manager453
EMP10591,fariq.chhabra6,Fariq Chhabra,research_development,Trainee,,WS-10591,DEV81137,open,2021-08-12 14:42:42,,  manager656  
EMP12800,pooja.sani57,Pooja Sani,support,Officer,head_office,LPT-12800,dev 61346,active,03-04-2025 05:46:04 AM,NA,manager192
EMP10888,VEDANT.PARMER66,Vedant Parmer,human_resources,Officer,data_center,WS-10888,dev22384,open,15-Feb-2026 22:12:23,NA,manager359
EMP11868,jagvi.acharya69,Jagvi Acharya,research_development,Officer,head_office,WS-11868,DEV-97555,open,2020/09/15,NA,manager194
EMP11779,hardik.pathak18,Hardik Pathak,mktg,Engineer,regional_office,VDR-11779,,open,13/09/2024,not available,manager917
EMP11972,yochana.vyas99,Yochana Vyas,sales,Administrator,remote,WS-11972,dev16822,inactive,04-30-2024 03:26:39 PM,,manager597
EMP10213,DARPAN.TRIPATHI54,Darpan Tripathi,sales,Executive,work_from_home,WS-10213,dev 85718,active,08-12-2021 07:03:23 PM,NA,
EMP10778,gaurang.de59,Gaurang De,operations_dept,Executive,head_office,VDR-10778,dev 81584,on_leave,1666764270,not available,manager402
EMP11777,anusha.contractor42,Anusha Contractor,sales,Specialist,branch_office,WS-11777,,open,06-Nov-2022 19:17:50,NA,manager521
EMP10800,naveen.bains15,Naveen Bains,finance,Analyst,data_center,WS-10800,,active,03-07-2021 09:38:00 PM,,unknown
EMP12603,  gautam.dass68  ,Gautam Dass,finance,Trainee,branch_office,LPT-12603,dev 97646,open,2022-08-10T22:55:29,,  manager793  
EMP11732,andrew.tiwari53,Andrew Tiwari,finance,Analyst,warehouse,LPT-11732,dev 96063,active,07-18-2026 08:32:35 PM,,unknown
EMP12083,mohini.minhas94,Mohini Minhas,procurement,Manager,head_office,LPT-12083,DEV94267,active,17/03/2026 07:21,,unknown
EMP12355,jai.sehgal30,Jai Sehgal,human_resources,Executive,head_office,LPT-12355,DEV25866,open,2022/12/29,,
EMP12744,wakeeta.dubey69,Wakeeta Dubey,research_development,Engineer,head_office,WS-12744,DEV-43877,on_leave,07-06-2024 05:05:30 AM,,manager378
EMP12794,,Madhav Char,people_team,Consultant,work_from_home,WS-12794,DEV-44153,active,1744039835,NA,manager474
EMP11343,sanaya.dara84,Sanaya Dara,information_technology,Engineer,head_office,VDR-11343,DEV-15046,active,1713858195,not available,NA
EMP10273,reva.parsa46,Reva Parsa,finance,Executive,regional_office,VDR-10273,DEV-74004,active,2024/08/11,,unknown
EMP10071,ronith.varkey59,Ronith Varkey,finance,Director,branch_office,VDR-10071,,on_leave,19/04/2022 02:48,not available,manager651
EMP12276,dev.munshi71,Dev Munshi,support,Manager,regional_office,VDR-12276,dev 51018,open,12-11-2023 07:42:22 PM,NA,manager581
EMP11087,,Andrew Date,sales,Engineer,regional_office,VDR-11087,dev 11197,open,23/11/2024 13:58,,manager904
EMP10394,kiaan.suri21,Kiaan Suri,human_resources,Officer,head_office,WS-10394,DEV-87860,on_leave,,not available,manager541
EMP10583,peter.johal99,Peter Johal,research_development,Engineer,,LPT-10583,DEV36106,open,23-Jul-2026 09:37:34,not available,manager781
EMP12080,ojas.bala91,Ojas Bala,operations,Officer,remote,LPT-12080,dev 41037,active,2023-05-10T04:33:04,NA,
EMP12961,chatura.char56,Chatura Char,operations,Consultant,regional_office,LPT-12961,DEV98510,active,05/03/2021,,manager858
EMP10500,  irya.prakash40  ,Irya Prakash,sales,Consultant,branch_office,WS-10500,dev94663,blocked,18-Mar-2021 14:13:24,,manager358
EMP12098,caleb.pandit47,Caleb Pandit,compliance,Administrator,work_from_home,LPT-12098,DEV37788,inactive,,NA,unknown
EMP12291,bina.sem68,Bina Sem,sales,Manager,work_from_home,LPT-12291,dev 44559,open,2026-04-23 22:08:18,NA,MANAGER382
EMP10521,damyanti.nayak82,Damyanti Nayak,information_technology,Administrator,head_office,LPT-10521,dev 68877,active,01-04-2024 03:08:05 PM,,unknown
EMP12823,harinakshi.badami29,Harinakshi Badami,support,Manager,head_office,VDR-12823,DEV-12135,active,2021-01-10T05:40:57,not available,MANAGER709
EMP11567,HARDIK.KATA71,Hardik Kata,human_resources,Officer,branch_office,WS-11567,,active,15/10/2025,,manager117
EMP11259,kashish.chaudhari74,Kashish Chaudhari,human_resources,Executive,data_center,,,open,12-02-2023 07:13:47 PM,,manager129
EMP11714,ekaraj.nagar7,Ekaraj Nagar,sales,Trainee,head_office,LPT-11714,,active,04-19-2021 04:58:23 AM,,NA
EMP12091,chakrika.mittal44,Chakrika Mittal,sales,Officer,head_office,,dev 33440,active,1756384978,,
EMP10205,ekapad.chacko29,Ekapad Chacko,operations,Officer,remote,LPT-10205,dev42847,active,1725702167,NA,
EMP10733,vivaan.choudhry44,Vivaan Choudhry,information_technology,Director,head_office,LPT-10733,DEV-95701,active,2023-11-25 02:34:16,NA,unknown
EMP11867,balveer.bandi35,Balveer Bandi,finance,Manager,work_from_home,WS-11867,,active,2026-07-07T21:05:02,NA,
EMP10526,  tanveer.reddy70  ,Tanveer Reddy,information_technology,Director,warehouse,WS-10526,,terminated,2025/12/07,06/03/2026 14:59,unknown
EMP11467,  balhaar.chahal52  ,Balhaar Chahal,information_technology,Executive,,WS-11467,dev95576,active,,NA,
EMP10898,UDYATI.SAGAR51,Udyati Sagar,information_technology,Consultant,head_office,LPT-10898,dev 92629,inactive,03/09/2023 12:26,,NA
EMP10377,,Balvan Sodhi,sales,Officer,,LPT-10377,dev 60134,inactive,,2026-05-18 15:21:07,manager679
EMP12428,mekhala.devan19,Mekhala Devan,finance,Manager,branch_office,LPT-12428,dev 12242,active,2020/07/17,not available,MANAGER267
EMP12764,urmi.dey32,Urmi Dey,customer_support,Consultant,remote,VDR-12764,dev 62437,active,05/09/2021 21:02,NA,unknown
EMP12870,yochana_goda80,Yochana Goda,research_development,Executive,branch_office,WS-12870,DEV25640,active,,NA,manager244
EMP10386,ikshita.bains18,Ikshita Bains,finance,Director,work_from_home,VDR-10386,,active,1624598972,,manager675
EMP10198,  ansh.barad37  ,Ansh Barad,innovation,Engineer,head_office,LPT-10198,dev 19706,open,,not available,manager189
EMP11050,RADHIKA.UPPAL16,Radhika Uppal,legal,Specialist,branch_office,,,on_leave,2026-07-24 06:05:14,NA,unknown
EMP10590,aarav.rajagopalan83,Aarav Rajagopalan,operations,Trainee,regional_office,LPT-10590,dev 12798,active,1673981655,not available,manager356
EMP10519,joshua.modi3,Joshua Modi,sales,Analyst,branch_office,VDR-10519,DEV87640,active,2025-05-09 21:56:10,not available,  manager686  
EMP12087,FAQID.SHUKLA15,Faqid Shukla,sales_dept,Executive,head_office,VDR-12087,DEV70338,active,05-27-2026 10:23:11 AM,NA,manager154
EMP12107,dalbir_kale66,Dalbir Kale,human_resources,Analyst,,LPT-12107,dev64076,open,07/11/2020 20:39,not available,manager382
EMP10429,dominic.sood93,Dominic Sood,cs,Executive,regional_office,WS-10429,dev 95778,open,2023-01-08T19:51:01,,manager992
EMP11083,dipta.muni23,Dipta Muni,research_development,Director,,VDR-11083,dev 30865,on_leave,1724924105,NA,manager532
EMP10207,tanveer.dutt80,Tanveer Dutt,procurement,Consultant,work_from_home,VDR-10207,DEV15399,inactive,29/03/2020 03:40,2025/09/12,
EMP10491,lekha.wadhwa81,Lekha Wadhwa,human_resources,Engineer,regional_office,VDR-10491,DEV37941,on_leave,,25/06/2024 07:54,manager819
EMP11425,  hemang.desai79  ,Hemang Desai,finance,Executive,work_from_home,LPT-11425,dev 20855,active,,not available,manager752
EMP12998,aryan.talwar5,Aryan Talwar,human_resources,Administrator,warehouse,LPT-12998,DEV23596,active,29/05/2022 00:28,NA,manager827
EMP10792,zayan.khanna77,Zayan Khanna,operations,Specialist,,VDR-10792,dev 67156,terminated,05/05/2025 02:46,2025-08-05T23:58:49,manager850
EMP12618,mohini.kaul61,Mohini Kaul,finance,Executive,branch_office,VDR-12618,DEV88082,on_leave,2025/01/01,2025/10/26,manager602
EMP11186,CHRISTOPHER.CHAUDHARY51,Christopher Chaudhary,support,Engineer,,WS-11186,dev56640,on_leave,2025-12-23T01:53:21,,manager439
EMP11185,abhiram.iyengar62,Abhiram Iyengar,information_technology,Analyst,remote,LPT-11185,dev 50449,open,2023-01-13T01:41:15,not available,unknown
EMP12344,keya.khatri85,Keya Khatri,human_resources,Consultant,head_office,WS-12344,DEV-45083,open,,,NA
EMP11432,VASUDHA.DASS81,Vasudha Dass,information_technology,Executive,work_from_home,LPT-11432,DEV-38511,open,01-Dec-2023 06:07:00,,manager841
EMP12739,manan.choudhary21,Manan Choudhary,research_development,Manager,warehouse,LPT-12739,,active,2026-07-18 15:25:25,not available,manager923
EMP10083,hemang.pingle33,Hemang Pingle,research_development,Manager,,,DEV-62521,active,27/11/2024,not available,manager154
EMP12441,varenya.gala92,Varenya Gala,supply_chain,Executive,,VDR-12441,DEV-80852,inactive,2026/03/21,NA,
EMP12641,christopher.sandhu42,Christopher Sandhu,innovation,Executive,data_center,LPT-12641,,active,,,  manager869  
EMP10020,pranit.raja29,Pranit Raja,human_resources,Consultant,head_office,VDR-10020,DEV82603,active,2021/11/15,not available,  manager824  
EMP12643,yash.madan58,Yash Madan,legal,Director,,LPT-12643,,active,18-Mar-2023 01:34:16,,manager247
EMP12821,nicholas.thakur60,Nicholas Thakur,operations,Trainee,remote,VDR-12821,DEV-52163,active,04-29-2022 06:46:35 AM,NA,
EMP11405,yug.modi93,Yug Modi,brand_team,Officer,remote,VDR-11405,dev 58710,active,2021/05/30,NA,MANAGER635
EMP12058,girindra.goyal89,Girindra Goyal,sales,Director,data_center,VDR-12058,dev 67811,active,2022-06-28 06:55:18,,manager253
EMP12775,azad.dara84,Azad Dara,research_development,Director,,VDR-12775,DEV-18826,on_leave,05/08/2022 11:26,,manager777
EMP12057,orinder.sachdev68,Orinder Sachdev,procurement,Director,,VDR-12057,dev 91259,on_leave,04/03/2024,NA,manager970
EMP10973,VARENYA.WALI14,Varenya Wali,information_technology,Officer,head_office,WS-10973,,open,04-01-2025 09:22:17 PM,not available,NA
EMP12874,dayita.kannan36,Dayita Kannan,information_technology,Analyst,head_office,WS-12874,dev78652,open,2024/06/06,not available,NA
EMP10883,daniel.rattan78,Daniel Rattan,accounts,Consultant,regional_office,LPT-10883,,active,03-01-2024 04:56:22 AM,,manager497
EMP11098,rajeshri_uppal5,Rajeshri Uppal,human_resources,Manager,warehouse,WS-11098,dev 57652,on_leave,2021-06-17T03:39:43,not available,manager773
EMP10156,laban.muni15,Laban Muni,support,Officer,branch_office,WS-10156,DEV56019,active,2025-06-28 07:42:58,NA,
EMP12348,indrajit.sangha86,Indrajit Sangha,information_technology,Manager,,VDR-12348,DEV-75028,active,03-14-2026 07:30:21 PM,NA,manager253
EMP10886,veda_dani92,Veda Dani,finance,Trainee,warehouse,VDR-10886,,active,06-22-2022 04:23:18 AM,,manager181
EMP12477,mitali.madan32,Mitali Madan,procurement,Consultant,warehouse,WS-12477,DEV98487,open,,NA,
EMP12979,megha.sant38,Megha Sant,sales_dept,Director,data_center,,DEV29757,open,18/11/2022 11:23,not available,MANAGER260
EMP12554,shivansh.bail27,Shivansh Bail,accounts,Director,,VDR-12554,DEV-56284,active,2021-11-28T23:03:57,NA,unknown
EMP11596,avi.kant18,Avi Kant,legal,Manager,work_from_home,VDR-11596,dev48523,active,12/09/2020 10:08,not available,
EMP12851,kamala.raman22,Kamala Raman,supply_chain,Officer,work_from_home,WS-12851,dev27730,active,1600603977,,MANAGER138
EMP11945,ira.shukla68,Ira Shukla,human_resources,Director,,LPT-11945,dev30297,active,15/03/2021 15:04,,manager733
EMP12339,neel.kade32,Neel Kade,human_resources,Manager,warehouse,LPT-12339,DEV-45593,open,2024-03-07 21:29:56,,manager947
EMP12730,maya.bava52,Maya Bava,research_development,Manager,warehouse,LPT-12730,DEV-33990,active,2023-07-30T20:25:24,NA,manager978
EMP10458,  christopher.khanna72  ,Christopher Khanna,supply_chain,Analyst,,VDR-10458,dev30568,active,2023-12-29T00:43:09,NA,
EMP12016,darsh.deshpande19,Darsh Deshpande,information_technology,Consultant,work_from_home,LPT-12016,dev59298,active,09-19-2020 01:46:43 AM,NA,manager275
EMP10078,dakshesh_joshi90,Dakshesh Joshi,research_development,Administrator,remote,WS-10078,dev 40217,active,1629533252,,manager860
EMP11801,ekiya.jaggi5,Ekiya Jaggi,legal,Consultant,head_office,LPT-11801,DEV-21792,active,08-May-2021 05:31:54,,manager812
EMP11056,yashoda_chada85,Yashoda Chada,legal,Specialist,remote,VDR-11056,dev63950,active,2026-03-10T17:40:16,not available,NA
EMP10906,  libni.dave64  ,Libni Dave,marketing,Engineer,branch_office,VDR-10906,DEV-16166,on_leave,2023/01/19,NA,unknown
EMP12144,krishna_gala53,Krishna Gala,marketing_dept,Officer,warehouse,LPT-12144,dev 10044,active,,,
EMP12282,chaitaly.prashad36,Chaitaly Prashad,marketing,Trainee,remote,VDR-12282,dev 37711,active,2026-05-17T00:18:37,NA,NA
EMP12778,,Ethan Babu,operations_dept,Director,remote,LPT-12778,DEV97441,terminated,2021/02/24,1617240130,manager826
EMP10380,THOMAS.BARAD31,Thomas Barad,mktg,Officer,work_from_home,VDR-10380,,active,2021-11-12 16:30:48,NA,manager916
EMP10947,VANSHA.CHOUDHURY76,Vansha Choudhury,sales,Trainee,warehouse,VDR-10947,DEV60469,terminated,,30/03/2026 19:17,manager167
EMP12148,ridhi.kota93,Ridhi Kota,sales,Consultant,regional_office,VDR-12148,DEV-93898,inactive,27/09/2021,2022-08-29 00:02:25,manager586
EMP12768,harita.divan53,Harita Divan,procurement,Specialist,branch_office,LPT-12768,dev 60309,active,2020/08/13,NA,unknown
EMP10715,FORUM.VYAS33,Forum Vyas,procurement,Director,data_center,VDR-10715,DEV-41692,open,2025-01-03 02:27:52,not available,unknown
EMP12037,aayush.sha44,Aayush Sha,research_development,Executive,remote,WS-12037,,on_leave,17/06/2021 22:36,,manager703
EMP10686,rajeshri.shah80,Rajeshri Shah,sales,Officer,,,DEV-60307,active,2021-10-08T23:21:40,NA,unknown
EMP12644,yashvi.chatterjee62,Yashvi Chatterjee,human_resources,Engineer,remote,LPT-12644,,on_leave,05-30-2023 12:16:53 PM,,manager808
EMP11293,upasna.gade39,Upasna Gade,marketing,Analyst,work_from_home,WS-11293,dev91744,active,12-22-2020 09:18:46 AM,not available,  manager256  
EMP10305,raagini.naidu75,Raagini Naidu,procurement,Engineer,data_center,WS-10305,,active,1760253586,not available,manager612
EMP10209,anirudh.kaul39,Anirudh Kaul,research_development,Engineer,work_from_home,VDR-10209,DEV-63227,open,14/08/2020 17:15,NA,manager261
EMP11584,INDALI.WALLA86,Indali Walla,compliance,Analyst,warehouse,LPT-11584,dev 87377,inactive,2025-06-19T17:31:41,not available,manager220
EMP12289,ryan.warrior13,Ryan Warrior,procurement,Officer,branch_office,LPT-12289,dev19311,active,2025-07-17T22:50:37,,manager712
EMP11195,christopher.toor37,Christopher Toor,legal,Director,work_from_home,VDR-11195,DEV99205,active,02-13-2023 09:32:23 AM,,manager739
EMP12272,ekta.lal33,Ekta Lal,research_development,Trainee,head_office,VDR-12272,dev 88097,active,2023/10/14,,manager920
EMP10885,tara.dash81,Tara Dash,legal,Manager,head_office,VDR-10885,dev 54793,on_leave,02-Oct-2025 15:01:28,NA,manager802
EMP11739,edhitha.bala97,Edhitha Bala,customer_care,Executive,head_office,WS-11739,dev 76368,terminated,,16/01/2026,manager951
EMP10917,  abha.chaudhary85  ,Abha Chaudhary,finance,Specialist,head_office,VDR-10917,dev96554,terminated,2022/07/07,04-13-2026 07:11:21 PM,manager666
EMP11775,harita.padmanabhan74,Harita Padmanabhan,finance,Trainee,remote,LPT-11775,DEV-74182,on_leave,13-Jul-2024 03:54:26,,manager746
EMP11769,  jeremiah.sastry53  ,Jeremiah Sastry,information_technology,Director,head_office,WS-11769,,active,,,manager482
EMP10191,banjeet.baral14,Banjeet Baral,human_resources,Consultant,,WS-10191,dev 50173,active,07/02/2026,NA,manager806
EMP11860,gautami.johal58,Gautami Johal,sales_team,Director,,WS-11860,dev 16260,on_leave,2022-04-30 03:40:56,not available,manager659
EMP12103,,Turvi Chada,information_technology,Engineer,head_office,LPT-12103,DEV12209,open,13-Jun-2023 23:15:15,,unknown
EMP11265,gayathri.mangal51,Gayathri Mangal,legal,Manager,branch_office,VDR-11265,DEV-45162,open,1623747078,NA,
EMP10483,theodore.oommen1,Theodore Oommen,operations,Trainee,,LPT-10483,dev15235,active,29/09/2022,NA,manager892
EMP10915,DAKSH.CHAUDHRY59,Daksh Chaudhry,support,Consultant,head_office,WS-10915,dev 29082,open,02-07-2026 02:03:10 PM,,unknown
EMP12678,AADHYA.SARAF43,Aadhya Saraf,procurement,Director,remote,VDR-12678,dev 88793,open,06-24-2020 08:36:29 AM,not available,MANAGER348
EMP10277,januja.gera68,Januja Gera,marketing,Officer,remote,LPT-10277,DEV75826,inactive,25/09/2025 03:32,12-03-2025 06:25:40 PM,manager198
EMP10988,kalpit_savant15,Kalpit Savant,operations,Engineer,remote,WS-10988,,active,03-02-2023 08:26:50 PM,,MANAGER639
EMP11697,gautami.batra90,Gautami Batra,sales_team,Executive,remote,VDR-11697,dev 85009,on_leave,2021-12-12T06:00:43,NA,manager724
EMP12018,darpan.koshy47,Darpan Koshy,information_technology,Consultant,warehouse,WS-12018,DEV23749,open,06-12-2023 02:07:06 AM,,manager850
EMP12950,idika.dhawan31,Idika Dhawan,sales_team,Manager,remote,WS-12950,,active,14-Apr-2026 19:08:41,not available,MANAGER482
EMP10571,amol.saran73,Amol Saran,legal,Officer,regional_office,,dev79964,open,14-Dec-2022 14:44:40,NA,manager332
EMP11435,kalpit.das34,Kalpit Das,innovation,Administrator,,,dev56550,active,,,unknown
EMP10993,bhanumati.raja48,Bhanumati Raja,research_development,Officer,,LPT-10993,dev 52182,active,2024-06-20 14:18:21,not available,manager832
EMP11497,naveen.dubey63,Naveen Dubey,sales,Administrator,,WS-11497,,active,31/10/2023,not available,manager681
EMP11494,zayan.kakar93,Zayan Kakar,information_technology,Consultant,data_center,VDR-11494,DEV77051,active,1695960696,not available,manager227
EMP10585,jagdish.reddy67,Jagdish Reddy,human_resources,Administrator,data_center,VDR-10585,,active,1591818934,not available,
EMP11226,tanveer.dugar93,Tanveer Dugar,legal,Administrator,regional_office,LPT-11226,dev46040,open,22/03/2021,,manager753
EMP11748,nicholas.aggarwal55,Nicholas Aggarwal,procurement,Specialist,data_center,VDR-11748,DEV90583,active,10/10/2025 22:39,,  manager132  
EMP11820,lipika.ramaswamy9,Lipika Ramaswamy,operations,Consultant,branch_office,WS-11820,,active,2020/11/10,NA,manager828
EMP11349,widisha.basak76,Widisha Basak,information_technology,Manager,warehouse,LPT-11349,,active,2026-04-24 10:46:03,,manager695
EMP11007,  pushti.bhatia89  ,Pushti Bhatia,cs,Administrator,remote,VDR-11007,DEV-13046,active,2020-04-10T01:40:34,,NA
EMP10674,tripti.iyengar15,Tripti Iyengar,information_technology,Administrator,,VDR-10674,DEV87894,on_leave,01/11/2022 11:53,2023/01/12,manager884
EMP11832,chakradev.vyas39,Chakradev Vyas,research_development,Director,head_office,VDR-11832,dev 49366,inactive,03-11-2022 11:12:03 AM,14/06/2023,manager964
EMP10855,manthan.peri83,Manthan Peri,finance,Analyst,data_center,LPT-10855,DEV-92352,active,23/11/2024 23:27,,manager261
EMP10447,tristan_nazareth15,Tristan Nazareth,procurement,Trainee,branch_office,LPT-10447,DEV77070,active,2026/02/26,not available,MANAGER362
EMP11921,WARDA.BHATT30,Warda Bhatt,finance,Administrator,regional_office,VDR-11921,dev82744,terminated,2024-07-07T08:13:23,not available,NA
EMP11776,amrita.hayer9,Amrita Hayer,brand_team,Administrator,remote,WS-11776,dev 87913,active,2022-08-30 14:49:16,,
EMP11723,yashica.pandey33,Yashica Pandey,sales,Officer,head_office,WS-11723,dev 11620,active,07-16-2021 02:18:32 AM,NA,unknown
EMP12330,yochana.pai61,Yochana Pai,legal,Manager,,VDR-12330,dev70177,active,08-05-2021 08:21:25 AM,not available,manager609
EMP12757,ishita_bhatt24,Ishita Bhatt,marketing_dept,Consultant,warehouse,VDR-12757,,terminated,2020/09/09,,NA
EMP12457,yashawini.chawla66,Yashawini Chawla,compliance,Analyst,,LPT-12457,DEV25501,inactive,2020/04/07,15/06/2021 02:12,NA
EMP12503,GAUTAM.SASTRY56,Gautam Sastry,support,Manager,work_from_home,LPT-12503,DEV-85775,active,2024-03-07T14:37:27,not available,unknown
EMP12753,tejas.swamy73,Tejas Swamy,finance,Trainee,regional_office,,dev 21641,open,2024-08-04T05:09:25,not available,manager706
EMP11247,riya.khare41,Riya Khare,operations_dept,Director,head_office,VDR-11247,dev 51048,open,2020-05-26 06:00:01,not available,manager813
EMP10294,EKAVIR.NATARAJAN35,Ekavir Natarajan,research_development,Executive,head_office,LPT-10294,,active,20/07/2022 07:08,,MANAGER178
EMP10588,gaurav.kibe32,Gaurav Kibe,finance,Trainee,head_office,VDR-10588,DEV-91087,active,06-17-2026 08:54:38 PM,,manager161
EMP11281,amol.talwar85,Amol Talwar,information_technology,Analyst,remote,LPT-11281,DEV55903,terminated,,27/08/2026 17:34,manager188
EMP11518,vyanjana.chopra88,Vyanjana Chopra,marketing,Specialist,,VDR-11518,,active,2021-04-30T21:06:50,,  manager505  
EMP12183,faris.rama22,Faris Rama,research_development,Executive,,LPT-12183,DEV-82756,active,29/10/2025 11:29,,manager174
EMP12244,ekiya_andra99,Ekiya Andra,operations_dept,Manager,,WS-12244,DEV-92436,active,2026-03-19 22:57:58,not available,manager714
EMP12982,ekavir.karan53,Ekavir Karan,human_resources,Director,,VDR-12982,DEV-29282,active,,,manager342
EMP11582,aadi.bhasin11,Aadi Bhasin,information_technology,Manager,regional_office,WS-11582,dev 41816,open,2021/11/18,,manager781
EMP11417,faris.agarwal50,Faris Agarwal,research_development,Consultant,remote,VDR-11417,dev 51546,active,2025-02-23 20:28:43,,NA
EMP10425,shivani.bajaj36,Shivani Bajaj,marketing,Administrator,branch_office,LPT-10425,DEV-77802,active,25/06/2020,NA,unknown
EMP10534,liam.sidhu21,Liam Sidhu,people_team,Engineer,warehouse,WS-10534,DEV54359,inactive,22/03/2025 17:02,2025-05-02 03:23:02,manager751
EMP11054,leela.gill21,Leela Gill,information_technology,Manager,work_from_home,LPT-11054,DEV94462,active,04-09-2023 03:02:38 AM,NA,manager700
EMP12375,benjamin.sama73,Benjamin Sama,legal,Administrator,,LPT-12375,DEV29448,active,25/11/2021 05:20,not available,manager942
EMP12581,sai.sani51,Sai Sani,finance,Analyst,warehouse,WS-12581,,on_leave,2024/03/23,10/08/2025 06:05,NA
EMP11840,triya.singh47,Triya Singh,operations,Specialist,head_office,LPT-11840,DEV-31655,terminated,,04-15-2025 03:52:43 AM,manager140
EMP10132,EIRAVATI.PRABHU70,Eiravati Prabhu,mktg,Executive,,VDR-10132,dev13379,open,18/01/2023 00:28,NA,
EMP11956,damini.loke16,Damini Loke,customer_support,Analyst,warehouse,LPT-11956,DEV-41600,active,1747185641,NA,MANAGER604
EMP12602,anmol.solanki37,Anmol Solanki,human_resources,Manager,head_office,VDR-12602,DEV-90276,open,30/08/2021,not available,manager182
EMP10421,omya.tailor99,Omya Tailor,information_technology,Trainee,branch_office,,dev32701,active,27/01/2020 07:06,not available,MANAGER722
EMP12740,jasmit_madan30,Jasmit Madan,research_development,Manager,,VDR-12740,dev10796,active,2022-08-14T19:14:05,not available,manager275
EMP12104,  ikbal.dewan73  ,Ikbal Dewan,research_development,Consultant,data_center,WS-12104,dev91645,open,,not available,manager897
EMP12508,yashica.kumer96,Yashica Kumer,human_resources,Manager,warehouse,LPT-12508,dev 86610,open,2022-02-11 10:26:05,,unknown
EMP11368,hardik.sundaram36,Hardik Sundaram,research_development,Trainee,branch_office,LPT-11368,,terminated,2022/03/17,,unknown
EMP10556,laksh.bala93,Laksh Bala,marketing,Engineer,,WS-10556,DEV-59923,active,2026/04/13,not available,manager925
EMP12108,yug.rajan98,Yug Rajan,human_resources,Trainee,branch_office,WS-12108,dev 77669,active,1581361092,,  manager931  
EMP10289,jonathan.narayanan92,Jonathan Narayanan,human_resources,Manager,remote,LPT-10289,DEV-59807,active,1747998273,not available,manager498
EMP12761,yagnesh.agrawal38,Yagnesh Agrawal,sales,Director,remote,,DEV50414,active,1673093755,not available,  manager882  
EMP10570,  lila.rajagopalan71  ,Lila Rajagopalan,research_development,Executive,regional_office,VDR-10570,dev33204,active,11-19-2023 10:20:41 AM,NA,manager751
EMP10352,anya.bahl99,Anya Bahl,information_technology,Consultant,work_from_home,WS-10352,dev45649,open,2022-03-27 22:56:48,not available,manager690
EMP10091,aishani.parmer57,Aishani Parmer,human_resources,Trainee,,WS-10091,dev 62757,terminated,,2026-02-12T22:44:37,manager140
EMP12189,,Neel Shankar,operations,Administrator,remote,WS-12189,,inactive,15-Oct-2021 06:34:13,2024-11-11T19:47:19,manager586
EMP12611,zaid.mangat27,Zaid Mangat,marketing_dept,Trainee,work_from_home,LPT-12611,dev41549,active,13/11/2025,not available,manager201
EMP11170,UPASNA.KURUVILLA64,Upasna Kuruvilla,call_center,Officer,work_from_home,LPT-11170,,active,30-Jan-2026 04:22:39,NA,manager691
EMP11588,ati.choudhury94,Ati Choudhury,research_development,Administrator,remote,VDR-11588,dev55095,open,,,manager902
EMP11285,azad.joshi75,Azad Joshi,accounts,Engineer,remote,,DEV64566,open,24/07/2022 08:49,NA,  manager404  
EMP11813,aarush.krishna22,Aarush Krishna,customer_support,Trainee,branch_office,LPT-11813,,active,02-15-2023 06:52:49 PM,,
EMP11565,aadi.arya44,Aadi Arya,customer_care,Administrator,head_office,WS-11565,dev 65904,active,15/08/2024,not available,manager332
EMP11543,aarini.chandran27,Aarini Chandran,legal,Analyst,data_center,WS-11543,DEV-62321,active,07-23-2026 08:42:50 AM,NA,manager934
EMP11576,timothy.maharaj40,Timothy Maharaj,support,Manager,,VDR-11576,dev88439,active,2025-08-13 20:35:28,not available,manager941
EMP10697,omisha.suri10,Omisha Suri,information_technology,Executive,regional_office,WS-10697,dev 96235,active,2021-02-25 20:10:24,not available,  manager757  
EMP12583,pallavi_dhingra3,Pallavi Dhingra,information_technology,Administrator,head_office,LPT-12583,,active,07-25-2026 05:53:07 AM,not available,
EMP10348,nirja.wable20,Nirja Wable,customer_support,Consultant,data_center,VDR-10348,DEV-93138,active,2025-07-11T23:32:50,not available,manager167
EMP12008,neel.balay38,Neel Balay,customer_care,Analyst,work_from_home,LPT-12008,dev 66512,active,06-13-2020 08:31:08 AM,not available,manager309
EMP12418,warda.dua80,Warda Dua,marketing_dept,Executive,head_office,WS-12418,dev59411,open,22/08/2025 15:09,NA,manager626
EMP12505,radhika.bath93,Radhika Bath,procurement,Executive,work_from_home,LPT-12505,DEV-68365,open,1590451676,NA,manager251
EMP12236,faris.garde11,Faris Garde,sales,Manager,head_office,WS-12236,DEV-53553,active,28/12/2022 23:44,NA,NA
EMP11137,shivani.deol7,Shivani Deol,operations,Engineer,remote,WS-11137,dev 46721,terminated,2020-11-09 01:20:12,01/01/2023 19:25,NA
EMP12043,WAKEETA.NIGAM43,Wakeeta Nigam,procurement,Engineer,remote,LPT-12043,DEV21273,inactive,2021-10-15T00:35:38,07-16-2022 01:48:12 AM,manager564
EMP12752,  balendra.chander68  ,Balendra Chander,operations,Analyst,regional_office,LPT-12752,,active,,NA,manager447
EMP12921,kashvi.vala58,Kashvi Vala,procurement,Trainee,warehouse,LPT-12921,dev 28628,open,2022-07-28T23:59:54,not available,NA
EMP12905,zayan.narayan72,Zayan Narayan,procurement,Administrator,remote,VDR-12905,DEV89760,active,2025-05-02T14:29:26,,manager514
EMP11339,  mitesh.koshy47  ,Mitesh Koshy,mktg,Administrator,work_from_home,VDR-11339,dev 89691,active,08-11-2022 11:45:40 AM,NA,manager428
EMP12566,,Upadhriti Wason,innovation,Executive,work_from_home,LPT-12566,DEV57091,terminated,05/01/2020 15:06,NA,unknown
EMP10453,PRANIT.SASTRY21,Pranit Sastry,people_team,Director,warehouse,WS-10453,DEV-84572,active,2021-07-17 03:46:00,NA,manager897
EMP10913,tanay.bains1,Tanay Bains,sales_dept,Trainee,remote,WS-10913,,open,2022-04-06T11:33:47,,  manager872  
EMP11199,ikshita.mital60,Ikshita Mital,people_team,Manager,,VDR-11199,dev24201,terminated,18/05/2023,2024/03/23,manager166
EMP11274,,Balhaar Vaidya,information_technology,Executive,data_center,LPT-11274,DEV96424,on_leave,14-Jan-2023 18:20:43,,manager350
EMP12845,gaurika.tandon2,Gaurika Tandon,research_development,Consultant,work_from_home,WS-12845,DEV21023,active,2022-04-14 21:53:12,,  manager229  
EMP10037,BHAVANI.KARAN34,Bhavani Karan,customer_support,Trainee,,LPT-10037,dev 22097,open,2022-05-09 14:46:23,NA,  manager441  
EMP10974,LAKSH.DANI30,Laksh Dani,procurement,Specialist,head_office,,DEV60321,active,2023-08-23T01:52:39,NA,
EMP12854,vaishnavi.wali56,Vaishnavi Wali,finance,Analyst,,LPT-12854,dev 42127,active,16/08/2021 03:18,not available,unknown
EMP10983,  meghana.mani6  ,Meghana Mani,research_development,Engineer,head_office,VDR-10983,dev 39232,open,2023-12-20 11:30:06,NA,manager344
EMP12938,ojasvi_gade59,Ojasvi Gade,people_team,Specialist,,WS-12938,DEV-64458,active,30/08/2020,,manager420
EMP12516,  dakshesh.agate15  ,Dakshesh Agate,human_resources,Director,remote,LPT-12516,DEV-61496,on_leave,20/03/2025,NA,manager237
EMP11418,,Yutika Doctor,marketing,Executive,work_from_home,WS-11418,DEV83464,active,29-Nov-2025 14:23:39,,
EMP11284,charvi.dyal13,Charvi Dyal,marketing_dept,Administrator,warehouse,WS-11284,DEV32715,open,,,NA
EMP11752,nachiket.singh59,Nachiket Singh,legal,Consultant,branch_office,VDR-11752,dev71509,active,08-20-2022 01:22:28 PM,,manager820
EMP10039,JANYA.TELLA10,Janya Tella,finance,Officer,head_office,WS-10039,dev86350,open,2023/08/28,NA,manager415
EMP11486,  ethan.mukherjee77  ,Ethan Mukherjee,procurement,Director,head_office,,dev 89929,active,03/11/2024,,manager800
EMP12003,nitara.bhargava30,Nitara Bhargava,human_resources,Executive,remote,WS-12003,,active,,not available,manager657
EMP10169,anirudh.rai28,Anirudh Rai,operations,Trainee,branch_office,LPT-10169,dev28030,active,07-Jul-2022 23:51:26,not available,
EMP11355,finn.bahl84,Finn Bahl,research_development,Specialist,branch_office,WS-11355,dev 64899,active,01-24-2021 05:38:51 AM,NA,NA
EMP10737,ayaan.mangat29,Ayaan Mangat,human_resources,Engineer,data_center,WS-10737,dev98918,active,10/01/2021 07:40,,NA
EMP11656,  qabil.sastry23  ,Qabil Sastry,marketing,Specialist,work_from_home,LPT-11656,dev 94048,active,06-Sep-2021 13:45:51,NA,  manager424  
EMP12782,harsh.patla58,Harsh Patla,procurement,Director,data_center,LPT-12782,DEV78969,active,01/11/2022 05:36,not available,unknown
EMP11564,ikbal.bumb44,Ikbal Bumb,operations,Executive,remote,,DEV73878,active,2023-11-18 17:23:14,NA,manager784
EMP12223,nidra.bhagat91,Nidra Bhagat,procurement,Analyst,regional_office,LPT-12223,DEV-18305,open,1636773760,,
EMP10634,utkarsh.murty19,Utkarsh Murty,procurement,Executive,remote,LPT-10634,DEV-83051,active,,NA,MANAGER425
EMP12925,isha.gokhale21,Isha Gokhale,procurement,Executive,regional_office,WS-12925,,active,07/05/2023 13:41,,unknown
EMP12042,nikita.gala74,Nikita Gala,human_resources,Manager,data_center,VDR-12042,,active,2021-09-10T17:32:15,not available,manager821
EMP11290,ati.patla67,Ati Patla,innovation,Analyst,head_office,,DEV45412,inactive,12-Jul-2025 02:33:39,2025-09-25 18:12:39,NA
EMP11380,chakrika.sehgal29,Chakrika Sehgal,human_resources,Administrator,data_center,WS-11380,DEV52650,active,08-13-2023 12:15:06 AM,NA,manager575
EMP10579,ekta.edwin69,Ekta Edwin,information_technology,Executive,head_office,WS-10579,DEV-45283,open,1695523368,not available,manager338
EMP10328,radha.sidhu98,Radha Sidhu,legal,Trainee,branch_office,VDR-10328,dev 92890,active,10/07/2023 22:51,,manager177
EMP12732,zehaan.dar65,Zehaan Dar,compliance,Consultant,branch_office,,dev53186,active,25-May-2020 01:31:15,,manager869
EMP10892,,Vasana Behl,human_resources,Director,warehouse,LPT-10892,DEV10766,open,2020-02-11T08:03:46,NA,manager588
EMP12178,  orinder.gera82  ,Orinder Gera,finance,Consultant,remote,,DEV32915,active,18/01/2021 09:48,not available,manager811
EMP10780,vrinda.guha94,Vrinda Guha,innovation,Analyst,,VDR-10780,DEV82215,active,2020-03-18T00:53:36,,MANAGER961
EMP10159,dayita_kant42,Dayita Kant,operations,Executive,data_center,LPT-10159,dev71462,active,29-Jul-2022 19:55:41,not available,unknown
EMP11651,ethan.bhattacharyya54,Ethan Bhattacharyya,legal,Trainee,regional_office,WS-11651,DEV68181,on_leave,,,manager433
EMP11807,waida.rai24,Waida Rai,sales,Analyst,,LPT-11807,,open,03-05-2020 08:50:34 AM,not available,manager158
EMP12396,tanay.dani38,Tanay Dani,information_technology,Consultant,head_office,WS-12396,dev 64209,terminated,2022-03-15 12:13:37,2026-02-19 15:56:31,manager204
EMP10061,bahadurjit.mishra54,Bahadurjit Mishra,cs,Officer,work_from_home,VDR-10061,dev 38906,open,04-27-2022 11:31:55 PM,,manager129
EMP10849,WIDISHA.KONDA86,Widisha Konda,sales,Administrator,,WS-10849,DEV-50536,active,16/12/2025 17:46,not available,manager931
EMP12196,vedika_loke72,Vedika Loke,sales_dept,Specialist,data_center,LPT-12196,DEV-78349,active,2024-10-30T18:07:55,not available,
EMP12978,ria.thakkar89,Ria Thakkar,legal,Executive,work_from_home,VDR-12978,DEV-85574,active,11-19-2022 11:55:37 AM,,manager257
EMP11716,samaksh.buch64,Samaksh Buch,information_technology,Director,warehouse,,dev15259,active,2020-04-21 20:46:16,,manager696
EMP11043,tripti.johal40,Tripti Johal,finance,Engineer,branch_office,,DEV-33125,active,1659199776,NA,manager559
EMP12930,harsh.lall96,Harsh Lall,procurement,Consultant,warehouse,WS-12930,dev 95236,open,2025-05-02 08:49:36,NA,manager858
EMP11544,gautam.thakur16,Gautam Thakur,human_resources,Executive,,VDR-11544,dev77698,open,1780936772,NA,manager600
EMP12816,umang.sidhu48,Umang Sidhu,information_technology,Executive,regional_office,VDR-12816,dev94026,active,2025-05-21T13:19:46,NA,manager957
EMP11726,leena.virk4,Leena Virk,procurement,Analyst,work_from_home,LPT-11726,dev45944,terminated,2022-07-31 18:36:53,2025/09/05,manager263
EMP11070,  megha.arya94  ,Megha Arya,legal,Administrator,,LPT-11070,DEV28764,terminated,11/11/2024,2026-05-22T11:01:13,manager230
EMP10053,  yashodhara.arora79  ,Yashodhara Arora,people_team,Trainee,data_center,VDR-10053,,active,,NA,  manager509  
EMP12517,  nakul.dave66  ,Nakul Dave,sales,Trainee,data_center,,DEV69891,open,07-May-2021 03:45:10,not available,MANAGER531
EMP10258,QASIM.MITTAL91,Qasim Mittal,information_technology,Engineer,,LPT-10258,dev 62725,active,08-03-2024 11:24:30 PM,NA,manager984
EMP10505,agastya.pai92,Agastya Pai,legal,Administrator,,WS-10505,,active,2022/10/27,NA,
EMP10752,samuel.sarkar48,Samuel Sarkar,finance,Trainee,regional_office,LPT-10752,DEV-92840,active,1650232374,,manager230
EMP12084,vasudha.tata96,Vasudha Tata,operations,Analyst,head_office,WS-12084,dev 36062,open,24/07/2025 03:29,,NA
EMP10217,  balvan.shere52  ,Balvan Shere,information_technology,Specialist,warehouse,LPT-10217,,open,,,manager561
EMP10824,atharv.keer85,Atharv Keer,support,Officer,,,dev 72378,open,30/04/2021 15:23,NA,manager500
EMP11623,edhitha.khatri73,Edhitha Khatri,procurement,Officer,warehouse,WS-11623,dev81615,active,2022/05/27,,manager558
EMP11330,  vyanjana.chawla67  ,Vyanjana Chawla,sales_team,Administrator,regional_office,VDR-11330,,active,2026-03-02T05:15:48,not available,unknown
EMP12345,edhitha.dugal87,Edhitha Dugal,operations,Consultant,data_center,WS-12345,,active,,NA,manager838
EMP11389,aadhya.uppal43,Aadhya Uppal,legal,Engineer,warehouse,VDR-11389,DEV42598,terminated,22/04/2020 01:56,14/10/2024 00:45,manager507
EMP12579,balveer.nair93,Balveer Nair,information_technology,Executive,regional_office,VDR-12579,dev 22006,open,17/04/2021 21:25,not available,unknown
EMP11266,barkha.sahota45,Barkha Sahota,brand_team,Specialist,,VDR-11266,DEV10407,active,04-12-2024 12:18:19 PM,,
EMP12540,kashvi_gulati39,Kashvi Gulati,finance,Executive,remote,LPT-12540,dev44736,inactive,2025/11/25,2026-02-16 23:12:36,MANAGER202
EMP11822,chatresh.cheema43,Chatresh Cheema,procurement,Trainee,remote,VDR-11822,,active,2020-06-07 04:35:53,not available,NA
EMP11598,megha_shetty89,Megha Shetty,sales,Engineer,branch_office,WS-11598,,inactive,2021-03-27T16:04:21,04-23-2023 06:11:06 PM,unknown
EMP11607,shivansh.chaudhry63,Shivansh Chaudhry,legal,Executive,,LPT-11607,dev 96743,active,,,manager411
EMP11747,darpan.sibal55,Darpan Sibal,operations,Director,head_office,VDR-11747,DEV-88323,active,19/04/2023,NA,manager411
EMP10771,wriddhish.sachar57,Wriddhish Sachar,information_technology,Administrator,branch_office,LPT-10771,dev 12888,terminated,2021-12-22T19:38:09,2026-05-25T05:20:50,manager521
EMP12887,gautam.ganguly1,Gautam Ganguly,finance,Specialist,remote,WS-12887,dev29285,active,17/05/2020 14:52,NA,
EMP11871,vedant.kar97,Vedant Kar,operations,Analyst,remote,WS-11871,dev 66675,active,11/05/2024 00:47,,
EMP11817,brinda.iyer33,Brinda Iyer,research_development,Director,,VDR-11817,dev70975,active,27/09/2021 22:58,NA,manager525
EMP11085,finn.kurian25,Finn Kurian,support,Director,head_office,LPT-11085,dev 52391,open,2024-12-08T04:32:37,NA,NA
EMP11830,  atharv.peri95  ,Atharv Peri,operations,Consultant,warehouse,LPT-11830,dev97523,open,2026-02-04 06:53:30,,manager798
EMP10144,yashica_rao48,Yashica Rao,human_resources,Administrator,warehouse,LPT-10144,,inactive,,1784063134,manager773
EMP11325,  vaishnavi.barad69  ,Vaishnavi Barad,procurement,Analyst,work_from_home,LPT-11325,DEV42757,inactive,08-26-2020 12:34:51 AM,2024-05-19 13:40:40,manager144
EMP12186,  yashvi.vasa30  ,Yashvi Vasa,operations,Officer,,,dev 44965,open,1639425894,NA,MANAGER335
EMP12875,darika_wali54,Darika Wali,call_center,Executive,remote,,,open,12/07/2023 12:00,,  manager361  
EMP11825,dipta.bala82,Dipta Bala,brand_team,Executive,branch_office,LPT-11825,dev22214,active,06/05/2022,,manager142
EMP11754,girindra.uppal4,Girindra Uppal,customer_support,Trainee,head_office,VDR-11754,DEV33754,active,2025-12-05 21:51:31,NA,manager920
EMP12001,naksh.virk96,Naksh Virk,research_development,Trainee,data_center,LPT-12001,,active,2025-02-12 17:19:32,,manager896
EMP11789,,Hiral Devi,operations,Engineer,branch_office,LPT-11789,dev 82575,open,1782478898,not available,manager925
EMP11987,madhav.samra18,Madhav Samra,support,Analyst,work_from_home,WS-11987,,terminated,2023-06-19T23:19:39,not available,
EMP12662,charles.padmanabhan1,Charles Padmanabhan,cs,Engineer,warehouse,LPT-12662,DEV-62127,open,07/10/2022 00:56,,manager260
EMP11163,chameli.srinivas29,Chameli Srinivas,compliance,Manager,,LPT-11163,dev 24435,active,,NA,manager730
EMP10963,yash_boase95,Yash Boase,supply_chain,Specialist,warehouse,LPT-10963,DEV-18566,active,06/05/2026,NA,manager365
EMP12988,zinal.munshi37,Zinal Munshi,legal,Engineer,warehouse,WS-12988,DEV-67936,open,2022-10-01T12:05:36,,  manager958  
EMP11771,gopal.walia83,Gopal Walia,finance,Engineer,warehouse,VDR-11771,DEV-47699,active,2020-08-21 04:32:13,NA,manager131
EMP10398,lila.mall81,Lila Mall,procurement,Trainee,branch_office,LPT-10398,,active,2025/06/05,NA,manager183
EMP10584,rishi.suresh27,Rishi Suresh,innovation,Director,regional_office,WS-10584,DEV-52344,active,12/03/2026 13:17,NA,  manager662  
EMP10948,  yamini.dubey62  ,Yamini Dubey,information_technology,Director,regional_office,LPT-10948,DEV-12440,active,26/12/2024 04:12,NA,manager352
EMP10704,pavani.wali74,Pavani Wali,operations,Director,remote,WS-10704,dev 47907,open,,not available,NA
EMP10431,girik.salvi82,Girik Salvi,procurement,Specialist,warehouse,LPT-10431,DEV-71894,terminated,2024-04-03T22:17:52,2025/11/17,
EMP10292,falguni.rajan71,Falguni Rajan,human_resources,Specialist,warehouse,WS-10292,DEV60493,open,09/07/2023 15:54,,manager186
EMP10145,abhimanyu.dass89,Abhimanyu Dass,marketing,Analyst,branch_office,WS-10145,dev 50499,terminated,26/12/2022 14:12,06-Aug-2023 03:00:22,manager510
EMP10323,mohini.dani84,Mohini Dani,sales,Administrator,work_from_home,LPT-10323,DEV-68947,active,09-27-2020 05:55:22 AM,NA,
EMP12175,ira.kaul35,Ira Kaul,innovation,Executive,,WS-12175,DEV-44487,inactive,2025-06-07 01:01:25,08-05-2025 04:22:13 AM,MANAGER213
EMP11165,balhaar.thakkar24,Balhaar Thakkar,legal,Executive,regional_office,VDR-11165,,active,,NA,  manager206  
EMP11452,bhanumati.anand48,Bhanumati Anand,operations_dept,Consultant,,LPT-11452,DEV90028,open,2023/05/22,NA,
EMP10002,xalak.tiwari72,Xalak Tiwari,sales,Officer,data_center,LPT-10002,dev 68878,active,,NA,NA
EMP10576,NICHOLAS.GOLA29,Nicholas Gola,marketing,Manager,data_center,VDR-10576,dev 41399,open,03-20-2025 04:42:54 AM,not available,unknown
EMP12372,chavvi.dey98,Chavvi Dey,procurement,Trainee,,LPT-12372,,open,27/01/2024,NA,unknown
EMP10339,amara.mitter83,Amara Mitter,finance,Manager,warehouse,VDR-10339,DEV11110,active,24-May-2021 21:25:01,not available,manager839
EMP11897,bimala.khosla56,Bimala Khosla,information_technology,Administrator,head_office,WS-11897,dev 70762,open,2020-07-04T03:31:31,,manager636
EMP12140,  neelima.koshy46  ,Neelima Koshy,human_resources,Trainee,,VDR-12140,DEV-97821,active,2021-07-18 14:25:00,NA,manager146
EMP10925,ranveer.kapadia75,Ranveer Kapadia,procurement,Officer,work_from_home,VDR-10925,DEV-40649,open,2022-06-03T00:30:14,NA,manager934
EMP10265,netra.wali12,Netra Wali,customer_support,Engineer,,WS-10265,dev 59436,open,1739682455,,manager174
EMP10376,bhanumati.chandran62,Bhanumati Chandran,information_technology,Manager,remote,WS-10376,dev27987,open,2025-06-19 15:38:43,,
EMP11983,timothy.korpal25,Timothy Korpal,human_resources,Executive,work_from_home,LPT-11983,dev 48591,inactive,28/08/2023 13:46,2026-01-14T06:26:50,unknown
EMP11463,widisha.hari94,Widisha Hari,information_technology,Officer,regional_office,WS-11463,dev 42588,active,2024-07-20T03:23:17,not available,manager844
EMP10271,,Widisha Nagy,legal,Administrator,branch_office,LPT-10271,DEV53236,active,11-05-2024 06:35:07 AM,NA,NA
EMP10696,george_krishnamurthy72,George Krishnamurthy,legal,Consultant,work_from_home,WS-10696,,active,2025/09/12,not available,
EMP10266,abhimanyu.gade25,Abhimanyu Gade,procurement,Officer,branch_office,WS-10266,dev37379,terminated,2022-10-31T11:37:06,2022-11-24T07:18:01,manager294
EMP10244,BISHAKHA.CHOPRA60,Bishakha Chopra,marketing,Executive,data_center,VDR-10244,,terminated,12-25-2025 09:00:52 PM,,manager402
EMP12898,unnati.kaur19,Unnati Kaur,legal,Consultant,work_from_home,WS-12898,DEV-83810,open,19/04/2025 03:37,not available,manager956
EMP10476,jason.parmar97,Jason Parmar,finance,Administrator,regional_office,WS-10476,DEV-29192,inactive,1763216942,2026-02-02 19:54:36,
EMP11804,tarak.hegde80,Tarak Hegde,information_technology,Specialist,regional_office,VDR-11804,dev33061,active,1704068133,not available,unknown
EMP12116,SAANVI.KONDA9,Saanvi Konda,customer_care,Engineer,work_from_home,LPT-12116,,active,27-Jun-2020 21:32:30,not available,NA
EMP12314,URMI.GANDHI15,Urmi Gandhi,brand_team,Consultant,remote,LPT-12314,DEV-17318,open,,NA,manager888
EMP11812,ZINAL.VARTY46,Zinal Varty,procurement,Specialist,,VDR-11812,dev 63110,active,14-Jun-2024 08:46:59,NA,unknown
EMP12615,omkaar.upadhyay44,Omkaar Upadhyay,sales_team,Consultant,warehouse,LPT-12615,DEV25647,active,06-01-2021 04:44:15 AM,not available,manager792
EMP12868,jason.goda96,Jason Goda,procurement,Specialist,warehouse,WS-12868,dev61303,open,2025/10/11,NA,manager538
EMP10063,IRA.TARA4,Ira Tara,people_team,Director,branch_office,,DEV-33819,open,,NA,manager565
EMP12678,AADHYA.SARAF43,Aadhya Saraf,procurement,Director,remote,VDR-12678,dev 88793,open,06-24-2020 08:36:29 AM,not available,MANAGER348
EMP12069,rishi.thaker79,Rishi Thaker,sales,Director,branch_office,LPT-12069,DEV-65980,inactive,2025-08-03 23:53:44,not available,manager410
EMP10250,vritti_bhalla72,Vritti Bhalla,research_development,Administrator,regional_office,LPT-10250,,active,10-Jan-2020 08:50:59,NA,manager692
EMP10413,rushil.sunder88,Rushil Sunder,people_team,Engineer,,WS-10413,,active,23/09/2022,not available,manager526
EMP10545,,Zayyan Mohan,operations,Officer,warehouse,LPT-10545,DEV44517,active,15-Oct-2020 23:17:09,,manager866
EMP11193,nikita.rao21,Nikita Rao,human_resources,Administrator,warehouse,WS-11193,dev 56316,open,07-10-2021 05:05:43 PM,NA,manager571
EMP10738,wazir.parsa74,Wazir Parsa,call_center,Executive,remote,LPT-10738,DEV-15975,open,08/11/2022 08:58,not available,  manager380  
EMP10310,gabriel.trivedi30,Gabriel Trivedi,legal,Executive,branch_office,VDR-10310,dev 96154,active,2020-03-31 16:44:00,NA,manager302
EMP11798,jack.madan88,Jack Madan,procurement,Engineer,,VDR-11798,DEV18479,active,1583709983,NA,  manager453  
EMP10893,YASH.SAWHNEY59,Yash Sawhney,compliance,Specialist,regional_office,WS-10893,DEV49688,open,2025/03/31,not available,manager789
EMP11131,  nilima.gour98  ,Nilima Gour,legal,Engineer,warehouse,,DEV77009,active,,,
EMP11449,geetika.gaba88,Geetika Gaba,compliance,Engineer,data_center,VDR-11449,DEV-59321,blocked,01-03-2026 03:53:08 AM,09-Feb-2026 09:02:16,manager425
EMP12993,OMAJA.MANN4,Omaja Mann,legal,Officer,branch_office,LPT-12993,,active,12-10-2020 04:06:12 PM,NA,manager498
EMP10015,isaiah.swaminathan1,Isaiah Swaminathan,marketing_dept,Officer,work_from_home,LPT-10015,dev 76542,terminated,2025-04-26 17:45:42,,  manager256  
EMP10203,samaksh.subramanian60,Samaksh Subramanian,call_center,Consultant,branch_office,VDR-10203,,active,13/07/2026 09:56,,NA
EMP10721,chameli.rama10,Chameli Rama,mktg,Analyst,,WS-10721,DEV-53601,on_leave,2022-03-13T07:39:56,NA,NA
EMP11420,ayush.yogi99,Ayush Yogi,operations,Director,branch_office,VDR-11420,dev83373,terminated,16-Aug-2021 08:48:01,23/02/2023,NA
EMP12715,  arin.sant37  ,Arin Sant,cs,Engineer,data_center,WS-12715,DEV44944,active,08-29-2020 02:54:26 PM,NA,unknown
EMP10981,jasmit.apte26,Jasmit Apte,sales,Manager,remote,LPT-10981,,open,2025/11/19,,unknown
EMP12184,manan_sharaf61,Manan Sharaf,operations,Analyst,regional_office,VDR-12184,DEV-17966,inactive,,1699786064,NA
EMP11539,aradhana.korpal74,Aradhana Korpal,operations,Specialist,branch_office,,DEV-29435,active,2021-07-18 04:05:15,NA,manager646
EMP12608,nimrat.natt68,Nimrat Natt,compliance,Analyst,work_from_home,LPT-12608,dev 75099,active,25/01/2026 20:39,NA,manager993
EMP11550,,Gabriel Mukhopadhyay,mktg,Consultant,warehouse,WS-11550,DEV-30641,active,06-26-2021 01:54:51 PM,,NA
EMP12495,CHANDANI.JAIN37,Chandani Jain,finance,Administrator,data_center,WS-12495,dev77449,active,2022-07-13 10:15:00,,manager959
EMP10363,chatura.krishnan67,Chatura Krishnan,legal,Consultant,,VDR-10363,DEV21128,open,04-19-2024 07:25:32 AM,,manager939
EMP10982,eta.aurora77,Eta Aurora,operations,Specialist,,WS-10982,dev 90753,active,17/10/2022 23:36,NA,manager565
EMP10182,gagan.edwin92,Gagan Edwin,finance,Administrator,data_center,LPT-10182,,active,07/11/2024 23:46,,manager780
EMP10985,maanas.nori15,Maanas Nori,finance,Administrator,data_center,LPT-10985,DEV92750,open,2026/07/06,NA,
EMP12089,,Yahvi Raghavan,human_resources,Specialist,regional_office,LPT-12089,,active,01-Dec-2022 11:22:48,not available,manager641
EMP11194,shivani.pal34,Shivani Pal,research_development,Administrator,work_from_home,WS-11194,dev 95235,terminated,20-Jan-2021 03:35:28,NA,manager472
EMP12797,idika.badal3,Idika Badal,sales,Specialist,work_from_home,VDR-12797,dev 81556,open,2020-09-10T00:13:34,NA,
EMP11784,nandini.rajan36,Nandini Rajan,customer_support,Specialist,data_center,LPT-11784,dev44825,open,21/08/2023 20:10,NA,
EMP11121,divya.narain73,Divya Narain,compliance,Engineer,,VDR-11121,DEV-77571,inactive,20-Apr-2020 01:47:13,NA,
EMP10187,samar.khare6,Samar Khare,sales,Analyst,remote,WS-10187,DEV77552,active,2024/08/14,not available,manager137
EMP10619,qabil.dhaliwal53,Qabil Dhaliwal,legal,Consultant,remote,LPT-10619,DEV-52039,active,29/07/2025,not available,manager412
EMP12329,sara.puri61,Sara Puri,sales,Consultant,branch_office,LPT-12329,DEV39705,active,2020/09/27,not available,manager135
EMP11175,david.jayaraman10,David Jayaraman,research_development,Specialist,,LPT-11175,DEV13956,active,2021-03-14 22:24:48,not available,  manager178  
EMP11182,ethan.madan49,Ethan Madan,finance,Analyst,work_from_home,WS-11182,,active,2022-04-18 14:39:40,not available,manager179
EMP12456,IRA.SHROFF38,Ira Shroff,procurement,Officer,,WS-12456,,open,2025-02-22 10:42:06,,manager755
EMP12268,,Krishna Parsa,sales,Executive,,LPT-12268,,terminated,11-05-2022 07:00:09 AM,NA,NA
EMP10614,radha.dash90,Radha Dash,sales_dept,Executive,head_office,VDR-10614,DEV-61495,on_leave,27/05/2026,NA,manager616
EMP11513,vedika.mandal79,Vedika Mandal,research_development,Analyst,remote,WS-11513,DEV-88820,active,2025/05/14,NA,manager619
EMP11466,eta.bajwa82,Eta Bajwa,human_resources,Director,warehouse,,DEV-20323,active,06-01-2025 06:51:19 AM,NA,manager532
EMP10401,bhavna.sandal34,Bhavna Sandal,sales_dept,Administrator,warehouse,LPT-10401,,open,,,manager784
EMP10994,GAURAV.KONDA64,Gaurav Konda,research_development,Administrator,warehouse,WS-10994,DEV-93637,terminated,2024/12/19,29-May-2025 07:22:50,manager307
EMP10934,  triveni.kohli19  ,Triveni Kohli,procurement,Director,head_office,WS-10934,DEV47156,open,17-Apr-2026 01:04:17,NA,MANAGER225
EMP10371,oviya.wason29,Oviya Wason,finance,Engineer,work_from_home,WS-10371,DEV-58790,active,25-Jun-2025 23:11:57,not available,MANAGER700
EMP12046,PUSHTI.MISRA35,Pushti Misra,finance,Manager,remote,LPT-12046,DEV14612,active,2021-07-04 22:17:30,,manager730
EMP12233,MANAN.APTE72,Manan Apte,operations,Administrator,branch_office,VDR-12233,DEV-28461,inactive,09/06/2024,,unknown
EMP10593,christopher.mital34,Christopher Mital,support,Consultant,data_center,LPT-10593,dev 93627,active,1774776550,,manager119
EMP12034,  lohit.toor26  ,Lohit Toor,accounts,Consultant,,VDR-12034,dev48556,open,05-Feb-2022 05:40:39,NA,manager236
EMP10726,orinder.sanghvi74,Orinder Sanghvi,information_technology,Officer,regional_office,WS-10726,,active,,,unknown
EMP10826,nihal.garde76,Nihal Garde,information_technology,Executive,work_from_home,WS-10826,,inactive,19/12/2024 07:44,18-Apr-2026 21:25:50,manager199
EMP11783,suhani.lanka71,Suhani Lanka,legal,Analyst,head_office,LPT-11783,dev 43398,terminated,,NA,MANAGER940
EMP10687,vaishnavi.dora76,Vaishnavi Dora,legal,Director,warehouse,WS-10687,,open,06-21-2021 06:11:13 PM,,
EMP12283,veer.ramanathan96,Veer Ramanathan,human_resources,Manager,data_center,WS-12283,,open,2021-09-01T19:55:39,,  manager789  
EMP10136,aishani.chanda55,Aishani Chanda,people_team,Trainee,regional_office,WS-10136,dev 19632,terminated,27/09/2022 18:23,2023-01-07 19:12:33,manager739
EMP12754,brijesh.dube88,Brijesh Dube,human_resources,Specialist,data_center,LPT-12754,dev 32477,inactive,2023/06/15,,MANAGER643
EMP10628,nathan_taneja72,Nathan Taneja,information_technology,Analyst,branch_office,VDR-10628,dev49967,active,07/05/2023 06:00,,manager118
EMP10334,waida.arora17,Waida Arora,marketing,Executive,work_from_home,WS-10334,,active,16/02/2022,,MANAGER780
EMP10390,  girish.balakrishnan22  ,Girish Balakrishnan,people_team,Consultant,,LPT-10390,dev 44761,active,2025-11-23 14:57:17,not available,manager362
EMP12381,lucky_sarkar95,Lucky Sarkar,accounts,Analyst,work_from_home,LPT-12381,,open,28/06/2022 13:24,NA,manager516
EMP11109,ekapad.murthy37,Ekapad Murthy,call_center,Administrator,warehouse,LPT-11109,dev16286,active,2026-05-24T23:42:28,NA,manager453
EMP11849,  yochana.talwar9  ,Yochana Talwar,information_technology,Analyst,work_from_home,WS-11849,dev61060,active,26/03/2024 01:00,not available,manager507
EMP12781,,Rachit Dugal,information_technology,Consultant,data_center,VDR-12781,dev27263,terminated,21-Sep-2020 15:06:47,10-29-2023 01:51:21 AM,manager102
EMP10710,hamsini.bassi31,Hamsini Bassi,research_development,Executive,branch_office,VDR-10710,dev55229,active,2022-04-01T10:45:24,NA,
EMP11039,vritti.khalsa6,Vritti Khalsa,customer_care,Director,,WS-11039,dev13105,active,2026-03-26 22:58:52,,manager348
EMP12737,kashish.raman24,Kashish Raman,information_technology,Manager,data_center,LPT-12737,dev 85743,terminated,2025-10-01 18:35:36,not available,  manager296  
EMP12751,william.narang20,William Narang,customer_care,Executive,warehouse,,dev82124,open,2026-07-21T12:45:22,,manager406
EMP12674,geetika.khurana37,Geetika Khurana,operations,Analyst,branch_office,WS-12674,DEV86139,active,2024-09-18T09:52:01,not available,
EMP11561,aradhana.sarraf50,Aradhana Sarraf,information_technology,Engineer,branch_office,,DEV-28737,open,2022-01-08 21:50:25,,manager430
EMP12840,anmol.jaggi24,Anmol Jaggi,call_center,Executive,remote,LPT-12840,DEV-31478,inactive,30/11/2023 18:12,2026/06/10,
EMP11594,vrinda.ganesan90,Vrinda Ganesan,customer_support,Administrator,work_from_home,VDR-11594,dev80550,active,04-05-2025 12:32:19 PM,NA,manager303
EMP12933,aarav.ben13,Aarav Ben,sales,Administrator,,WS-12933,DEV-97509,active,1765486733,,
EMP12837,  amara.kade96  ,Amara Kade,innovation,Trainee,work_from_home,VDR-12837,dev21626,active,1643431862,not available,unknown
EMP11112,  umang.raval82  ,Umang Raval,operations_dept,Engineer,regional_office,VDR-11112,DEV-64820,active,1626988546,NA,manager462
EMP10465,chakradev.krishnan38,Chakradev Krishnan,customer_support,Officer,remote,VDR-10465,,active,1621901920,,manager941
EMP11560,osha.nadig17,Osha Nadig,operations,Director,remote,VDR-11560,dev 29034,open,04-16-2020 08:01:26 AM,,manager918
EMP11223,gauri.kannan81,Gauri Kannan,mktg,Officer,branch_office,WS-11223,DEV-36707,active,20/03/2020,NA,manager743
EMP12067,qarin.bhagat83,Qarin Bhagat,research_development,Executive,head_office,WS-12067,dev 38189,open,2026/02/06,NA,manager678
EMP11359,gaurika.patla96,Gaurika Patla,human_resources,Executive,work_from_home,LPT-11359,dev 66547,active,02/06/2021 15:37,,NA
EMP12420,fitan.natarajan6,Fitan Natarajan,information_technology,Administrator,,VDR-12420,,active,1619990272,not available,
EMP11508,qarin.prabhu95,Qarin Prabhu,accounts,Engineer,branch_office,VDR-11508,DEV69777,open,2025-03-07 12:35:58,not available,manager384
EMP11885,bhavika.kalla13,Bhavika Kalla,procurement,Analyst,head_office,WS-11885,DEV-15573,active,26/01/2023 23:40,,manager209
EMP11104,jack.chacko10,Jack Chacko,marketing,Engineer,regional_office,WS-11104,DEV-83877,active,07-May-2024 22:47:38,not available,manager529
EMP10660,maanav.oak34,Maanav Oak,customer_support,Specialist,,WS-10660,,active,,,MANAGER747
EMP10338,kamya.chopra12,Kamya Chopra,human_resources,Manager,remote,WS-10338,DEV-49223,open,2026/05/28,not available,
EMP10215,anirudh.das28,Anirudh Das,procurement,Consultant,head_office,LPT-10215,DEV-46877,active,2025-07-25 17:09:51,NA,manager392
EMP11615,akshay.maharaj13,Akshay Maharaj,finance,Analyst,warehouse,LPT-11615,DEV10610,open,2022-08-09 12:41:27,NA,MANAGER681
EMP12040,warjas.ratta50,Warjas Ratta,customer_support,Consultant,head_office,,dev52000,active,2026-07-29 15:17:56,NA,manager944
EMP12592,saanvi_kalita43,Saanvi Kalita,sales_team,Analyst,remote,WS-12592,dev92040,on_leave,2026-03-23 21:35:56,,manager965
EMP12889,ekaja.d’alia3,Ekaja D’Alia,research_development,Engineer,work_from_home,,,open,1603705667,not available,manager550
EMP11592,manthan.badal24,Manthan Badal,legal,Engineer,remote,VDR-11592,dev73627,active,22/09/2023 02:25,,NA
EMP12118,diya.sidhu15,Diya Sidhu,information_technology,Trainee,warehouse,WS-12118,DEV97364,active,2022-02-22 22:05:29,NA,manager866
EMP11793,NATHAN.MALL50,Nathan Mall,innovation,Engineer,branch_office,LPT-11793,dev20747,active,11/10/2023 20:57,,manager856
EMP12600,aarnav.kaul95,Aarnav Kaul,legal,Officer,branch_office,LPT-12600,,active,2025-06-02 16:56:32,not available,  manager358  
EMP10816,panini.sachdev98,Panini Sachdev,supply_chain,Specialist,,VDR-10816,dev 62459,active,2025/09/02,not available,manager514
EMP11067,ekta.ray68,Ekta Ray,brand_team,Engineer,remote,WS-11067,dev91048,open,2024-01-16T09:26:15,not available,manager776
EMP12121,aishani.raja23,Aishani Raja,information_technology,Administrator,warehouse,VDR-12121,,active,2025-01-05T23:10:21,not available,manager950
EMP10274,liam.brar8,Liam Brar,cs,Analyst,work_from_home,LPT-10274,DEV97584,active,,not available,manager962
EMP12315,laksh.sama59,Laksh Sama,sales,Manager,regional_office,LPT-12315,dev 13930,open,11-02-2025 03:08:17 AM,NA,manager607
EMP10865,SANYA.KALA89,Sanya Kala,legal,Engineer,,WS-10865,,active,,,manager670
EMP10101,karan.gill35,Karan Gill,legal,Trainee,data_center,LPT-10101,,active,1680804887,not available,MANAGER713
EMP11501,bakhshi.swamy33,Bakhshi Swamy,sales,Analyst,work_from_home,LPT-11501,dev 86445,open,20-Dec-2024 03:42:08,,MANAGER472
EMP12833,ubika.dora89,Ubika Dora,research_development,Specialist,,WS-12833,DEV70323,active,03/04/2026 14:54,,manager758
EMP10171,bimala.nayar80,Bimala Nayar,finance,Specialist,data_center,LPT-10171,DEV31266,active,2025-11-22 14:18:55,not available,unknown
EMP10107,mekhala.gade57,Mekhala Gade,human_resources,Officer,data_center,LPT-10107,dev 28894,active,,not available,NA
EMP12697,damini.dara51,Damini Dara,finance,Officer,branch_office,LPT-12697,dev34060,terminated,2020-01-27T18:57:56,10/08/2024,manager846
EMP11521,mohini.hegde96,Mohini Hegde,operations,Trainee,remote,WS-11521,DEV-83831,open,,NA,manager513
EMP12724,MAX.WALI58,Max Wali,operations_dept,Director,remote,WS-12724,dev 71257,active,19/04/2023,not available,unknown
EMP12270,ISAIAH.BHATTI12,Isaiah Bhatti,accounts,Specialist,regional_office,VDR-12270,DEV-65508,active,2023/05/12,NA,MANAGER963
EMP12111,CHATRESH.KRISH60,Chatresh Krish,sales_team,Consultant,head_office,LPT-12111,DEV47712,open,1720293921,,NA
EMP11878,qadim.puri38,Qadim Puri,information_technology,Manager,head_office,WS-11878,,on_leave,01-Mar-2021 09:27:23,not available,manager935
EMP12106,rachana.gokhale33,Rachana Gokhale,research_development,Director,head_office,LPT-12106,DEV15783,open,2026-07-17 16:29:36,,manager902
EMP12077,jai.dube97,Jai Dube,human_resources,Executive,,WS-12077,dev 62052,active,2026/03/05,NA,
EMP12322,ekavir_seshadri85,Ekavir Seshadri,information_technology,Analyst,head_office,LPT-12322,dev73418,inactive,2021-07-07T14:10:05,2022-01-27T18:03:12,manager427
EMP12412,william.swamy80,William Swamy,finance,Director,data_center,VDR-12412,,open,2025-01-31 02:10:39,not available,manager524
EMP12654,charvi.tella63,Charvi Tella,human_resources,Director,branch_office,LPT-12654,DEV48604,active,08-14-2024 03:34:47 PM,NA,MANAGER395
EMP11873,jasmit.badal96,Jasmit Badal,sales,Trainee,warehouse,WS-11873,dev60760,active,20-Feb-2023 01:00:02,NA,manager142
EMP10295,eesha.parikh47,Eesha Parikh,mktg,Engineer,regional_office,VDR-10295,,active,2021-08-30 13:07:56,,manager238
EMP10712,manya.bhatti69,Manya Bhatti,sales_dept,Director,regional_office,VDR-10712,DEV-61127,active,2021-03-26T23:09:21,NA,manager545
EMP10072,BHAVIKA.WAGLE62,Bhavika Wagle,research_development,Director,work_from_home,VDR-10072,dev87656,open,2022/02/01,,
EMP11524,VEDA.SRINIVASAN95,Veda Srinivasan,sales,Engineer,warehouse,VDR-11524,DEV67685,inactive,11-27-2020 10:09:49 PM,10/04/2022 07:47,manager591
EMP12341,vedhika.raj2,Vedhika Raj,human_resources,Engineer,work_from_home,WS-12341,,open,2020-06-27 02:58:40,,manager393
EMP12981,ekaraj.biswas85,Ekaraj Biswas,marketing,Director,warehouse,WS-12981,DEV-75563,active,04/02/2022 09:15,,manager126
EMP12971,ekansh.bhardwaj35,Ekansh Bhardwaj,finance,Analyst,regional_office,VDR-12971,DEV56741,active,,NA,manager786
EMP10481,charles.majumdar25,Charles Majumdar,marketing,Trainee,branch_office,VDR-10481,DEV19760,active,06-23-2021 11:06:14 PM,,MANAGER222
EMP12306,maanas.borde94,Maanas Borde,legal,Specialist,regional_office,WS-12306,DEV-75454,active,2023-11-10 01:45:10,not available,  manager829  
EMP11530,parth.pandey90,Parth Pandey,operations_dept,Consultant,work_from_home,WS-11530,,active,1703552211,,manager470
EMP12632,rachita.mall3,Rachita Mall,people_team,Administrator,data_center,WS-12632,dev44023,active,28-Apr-2021 00:32:29,NA,manager939
EMP11514,dakshesh.chaudhari62,Dakshesh Chaudhari,support,Administrator,regional_office,WS-11514,dev44629,terminated,2022-02-12 16:25:34,25/05/2026 15:28,manager550
EMP12567,sara.borah1,Sara Borah,information_technology,Analyst,head_office,,dev 78025,open,2022-06-25 06:02:35,,manager512
EMP11762,bhavya.khanna18,Bhavya Khanna,human_resources,Analyst,,LPT-11762,,active,09-02-2021 01:22:23 PM,not available,manager659
EMP11490,advaith.shroff57,Advaith Shroff,sales,Executive,data_center,VDR-11490,dev 94066,active,,NA,
EMP11171,SHRAVYA.KHALSA89,Shravya Khalsa,sales,Manager,branch_office,WS-11171,,open,2020-02-23T07:08:37,not available,manager585
EMP12526,max.bassi73,Max Bassi,finance,Executive,warehouse,VDR-12526,dev46466,terminated,2024-04-30 20:47:25,,NA
EMP12438,  panini.randhawa28  ,Panini Randhawa,research_development,Director,regional_office,LPT-12438,dev 76277,active,20-Dec-2020 07:47:25,NA,unknown
EMP12619,upadhriti.kannan16,Upadhriti Kannan,support,Engineer,data_center,WS-12619,dev39712,open,1690371741,not available,MANAGER208
EMP11005,xalak.gill58,Xalak Gill,call_center,Analyst,remote,LPT-11005,dev 85695,terminated,1659863141,NA,MANAGER929
EMP12284,naksh.kala17,Naksh Kala,information_technology,Executive,,VDR-12284,DEV-37244,on_leave,05-10-2022 02:29:02 PM,,unknown
EMP10296,osha.kapur39,Osha Kapur,information_technology,Director,remote,VDR-10296,dev 59792,blocked,,08-19-2024 06:56:50 PM,NA
EMP10405,nidhi.sankar58,Nidhi Sankar,finance,Executive,branch_office,LPT-10405,,open,31/08/2020 11:34,not available,
EMP10757,gaurika.bains94,Gaurika Bains,customer_support,Analyst,data_center,VDR-10757,DEV-61684,active,12-04-2025 10:15:01 AM,NA,
EMP12071,bhavna.deshpande74,Bhavna Deshpande,cs,Engineer,remote,VDR-12071,DEV-50378,active,14/01/2021 12:39,NA,manager760
EMP12252,advay.ray64,Advay Ray,human_resources,Trainee,regional_office,LPT-12252,,active,2024/09/07,NA,
EMP11999,udant.dyal3,Udant Dyal,innovation,Trainee,data_center,VDR-11999,DEV-46896,active,2020-06-29 18:21:50,not available,  manager559  
EMP10097,advik.raj99,Advik Raj,legal,Officer,,LPT-10097,DEV-96200,terminated,06/12/2023 07:27,22/09/2024,manager737
EMP11333,meera.sule49,Meera Sule,legal,Trainee,head_office,,DEV-36965,active,12-Aug-2025 07:37:34,NA,manager153
EMP12461,nachiket.ganguly96,Nachiket Ganguly,human_resources,Officer,,WS-12461,dev41006,open,1697848436,not available,NA
EMP10743,yashodhara.dugar79,Yashodhara Dugar,information_technology,Specialist,branch_office,VDR-10743,dev 75521,active,30-Sep-2020 11:20:08,NA,MANAGER901
EMP10806,daniel.nadkarni96,Daniel Nadkarni,marketing,Specialist,remote,WS-10806,DEV-31044,inactive,2026/03/13,06-19-2026 01:58:39 PM,
EMP12748,nisha.babu33,Nisha Babu,procurement,Executive,work_from_home,VDR-12748,,open,1578232125,,manager559
EMP12020,wyatt.sharaf97,Wyatt Sharaf,procurement,Analyst,warehouse,VDR-12020,,active,2022-04-14T06:06:52,not available,manager738
EMP12576,gavin.devi25,Gavin Devi,brand_team,Analyst,head_office,WS-12576,DEV-36667,active,1642039450,,manager520
EMP11535,dhriti.shere97,Dhriti Shere,human_resources,Director,work_from_home,WS-11535,dev71042,active,14/04/2026 19:06,,manager438
EMP12114,omkaar.srinivasan33,Omkaar Srinivasan,research_development,Analyst,branch_office,LPT-12114,dev83565,open,10/09/2021 03:53,NA,
EMP12172,dominic.bose12,Dominic Bose,operations,Officer,work_from_home,WS-12172,DEV79914,inactive,09/06/2025 14:27,2025/07/26,manager649
EMP12415,naveen_tara18,Naveen Tara,information_technology,Consultant,warehouse,VDR-12415,dev 30665,open,07/06/2022 01:35,NA,manager430
EMP10148,ria.ramakrishnan80,Ria Ramakrishnan,information_technology,Manager,remote,WS-10148,dev 96761,active,1740797524,,  manager379  
EMP12154,AADI.SIDHU81,Aadi Sidhu,information_technology,Officer,warehouse,VDR-12154,,terminated,12-05-2023 12:42:57 PM,07-18-2024 11:51:53 AM,manager181
EMP12117,timothy.yadav52,Timothy Yadav,legal,Director,head_office,WS-12117,dev53297,active,18/03/2020 11:10,NA,unknown
EMP12831,chatresh_nagi33,Chatresh Nagi,marketing,Manager,,LPT-12831,DEV87428,active,2023/10/06,,manager157
EMP11315,yash.choudhary70,Yash Choudhary,operations,Analyst,branch_office,WS-11315,dev42949,open,,not available,manager992
EMP10692,nitara_shukla26,Nitara Shukla,sales,Consultant,remote,VDR-10692,dev 99071,active,,NA,manager452
EMP10818,rayaan_tiwari18,Rayaan Tiwari,information_technology,Manager,regional_office,LPT-10818,dev18942,active,03-24-2020 02:32:28 AM,not available,unknown
EMP11728,rushil.bassi10,Rushil Bassi,marketing_dept,Director,regional_office,LPT-11728,DEV-48989,active,2021-01-08 01:33:15,NA,manager369
EMP11386,manthan.rajagopal79,Manthan Rajagopal,operations,Executive,warehouse,VDR-11386,DEV-12610,on_leave,2020-03-06 14:38:57,,NA
EMP12353,,Veda Sidhu,sales,Specialist,,VDR-12353,dev50470,active,15-Feb-2025 06:26:52,,manager888
EMP12120,sachi.brar91,Sachi Brar,brand_team,Specialist,head_office,WS-12120,DEV42675,active,07-Jan-2026 20:05:32,not available,manager903
EMP11599,hardik.krishnan79,Hardik Krishnan,research_development,Trainee,data_center,VDR-11599,DEV82250,on_leave,1629440593,NA,
EMP12663,zansi.master45,Zansi Master,procurement,Specialist,work_from_home,VDR-12663,dev 52604,open,1739870655,,manager719
EMP12531,  vincent.bora29  ,Vincent Bora,sales,Engineer,,WS-12531,,active,2022-02-19 01:03:12,,manager834
EMP10701,keya.apte48,Keya Apte,human_resources,Specialist,data_center,VDR-10701,DEV20494,open,2026/03/22,,  manager979  
EMP12894,yashawini.saran22,Yashawini Saran,legal,Analyst,,VDR-12894,DEV57263,active,2023-03-16 12:03:33,NA,MANAGER874
EMP12738,devika.bhargava75,Devika Bhargava,procurement,Executive,work_from_home,VDR-12738,dev 90702,active,26/10/2024,,unknown
EMP10921,arunima.dhingra17,Arunima Dhingra,support,Officer,remote,LPT-10921,dev 22166,open,,,
EMP11424,parth.maharaj81,Parth Maharaj,research_development,Trainee,branch_office,WS-11424,dev94875,active,2020/11/18,not available,  manager129  
EMP11708,rachita_nath49,Rachita Nath,cs,Analyst,regional_office,WS-11708,,active,07-Jul-2021 00:31:30,,manager956
EMP10905,,Widisha Garg,finance,Executive,branch_office,LPT-10905,dev89396,open,07-16-2023 10:02:31 AM,not available,NA
EMP10454,udyati.rastogi46,Udyati Rastogi,procurement,Analyst,work_from_home,VDR-10454,dev 27125,active,2024-02-25T13:04:21,,manager521
EMP12147,odika.mistry80,Odika Mistry,human_resources,Manager,remote,LPT-12147,DEV-38108,on_leave,16/12/2020 21:52,NA,manager874
EMP12883,anvi.khosla18,Anvi Khosla,marketing_dept,Consultant,branch_office,VDR-12883,dev45222,active,2023/01/31,not available,manager376
EMP12376,max.agate4,Max Agate,accounts,Consultant,head_office,LPT-12376,DEV25046,active,2023-12-04 17:46:01,,manager502
EMP11886,bhavya.sura34,Bhavya Sura,finance,Specialist,warehouse,LPT-11886,DEV20749,active,29-Jul-2021 04:14:02,not available,  manager682  
EMP10167,kamala.babu40,Kamala Babu,legal,Executive,warehouse,VDR-10167,DEV-21104,open,03-16-2023 07:14:41 AM,not available,manager436
EMP10730,omkaar.balakrishnan85,Omkaar Balakrishnan,sales_dept,Administrator,regional_office,WS-10730,DEV23994,active,2023-01-21 04:27:02,not available,manager747
EMP12226,UDANT.PALLA36,Udant Palla,information_technology,Analyst,head_office,WS-12226,,open,24-May-2024 08:42:07,,manager805
EMP11310,ganga.joshi21,Ganga Joshi,legal,Officer,work_from_home,LPT-11310,dev21274,active,05-08-2025 02:15:49 PM,,
EMP12370,robert.de76,Robert De,operations,Officer,data_center,LPT-12370,DEV-89356,active,1772062210,not available,
EMP10026,HEMANG.PANDYA70,Hemang Pandya,information_technology,Manager,work_from_home,LPT-10026,dev 31798,active,04/02/2024 12:41,not available,manager510
EMP12054,amara.sur40,Amara Sur,operations,Engineer,warehouse,VDR-12054,dev40420,active,,NA,manager998
EMP11652,,Omaja Gala,legal,Executive,,VDR-11652,DEV36989,active,01-22-2026 10:33:04 PM,,MANAGER299
EMP11622,abhiram.issac85,Abhiram Issac,procurement,Manager,work_from_home,VDR-11622,,open,22-Sep-2022 22:10:06,NA,NA
EMP10587,janani.padmanabhan32,Janani Padmanabhan,information_technology,Analyst,,VDR-10587,DEV72294,open,26/04/2021 13:02,,manager191
EMP11401,oviya.bahl97,Oviya Bahl,call_center,Trainee,warehouse,WS-11401,DEV51027,on_leave,2022/01/02,not available,manager825
EMP10997,vrishti_bhandari80,Vrishti Bhandari,operations,Director,data_center,WS-10997,dev66689,active,2024-03-25 19:29:58,NA,manager491
EMP11176,saanvi.dass2,Saanvi Dass,procurement,Director,branch_office,LPT-11176,DEV71573,active,05-13-2026 06:54:37 AM,NA,manager406
EMP11700,bahadurjit.ratta50,Bahadurjit Ratta,sales,Administrator,regional_office,LPT-11700,DEV57681,inactive,02/07/2020,27-May-2022 05:52:57,manager435
EMP11040,aarav.suri27,Aarav Suri,customer_support,Analyst,,LPT-11040,DEV-39156,active,2023-03-31 05:39:07,,manager287
EMP10033,ekanta.chadha10,Ekanta Chadha,information_technology,Trainee,,VDR-10033,DEV-23104,open,24/10/2021 05:56,NA,  manager235  
EMP11927,LABAN.VERMA70,Laban Verma,human_resources,Engineer,warehouse,VDR-11927,dev20953,active,2024-07-28 03:51:41,NA,MANAGER367
EMP12440,nisha.kari14,Nisha Kari,information_technology,Manager,,LPT-12440,dev97008,open,2021-05-02 07:40:44,not available,manager331
EMP11379,victor.manne39,Victor Manne,sales,Administrator,regional_office,WS-11379,dev74254,inactive,,08-24-2025 05:13:04 PM,MANAGER198
EMP10041,,Faris Randhawa,procurement,Executive,branch_office,LPT-10041,dev33206,terminated,2020-03-18T00:12:19,14-Jan-2023 01:44:55,unknown
EMP11876,yochana.sinha99,Yochana Sinha,human_resources,Specialist,,WS-11876,DEV74794,active,,not available,manager448
EMP12176,theodore.chander22,Theodore Chander,information_technology,Engineer,warehouse,,DEV39990,active,2024/01/27,NA,manager540
EMP12257,hritik.deo84,Hritik Deo,operations,Specialist,warehouse,LPT-12257,DEV-81492,open,2026/06/19,not available,unknown
EMP12686,tara.muni30,Tara Muni,operations,Consultant,,WS-12686,dev22332,open,2026-02-14 07:49:50,,unknown
EMP12229,kritika.chakraborty12,Kritika Chakraborty,people_team,Specialist,remote,LPT-12229,dev 90008,active,12/12/2023 01:03,,NA
EMP12099,OMAJA.KAPUR20,Omaja Kapur,information_technology,Executive,,LPT-12099,,active,1742723588,NA,manager336
EMP11909,kashvi.bhagat73,Kashvi Bhagat,accounts,Engineer,data_center,LPT-11909,DEV-36864,active,20/07/2024,,NA
EMP10609,bhavya.oza34,Bhavya Oza,operations,Specialist,branch_office,LPT-10609,,inactive,2020-10-12T12:56:33,2025-08-15T13:29:57,NA
EMP11132,yug.om34,Yug Om,sales_dept,Director,branch_office,WS-11132,dev 23508,active,,not available,manager293
EMP10028,siddharth.patil20,Siddharth Patil,sales_team,Administrator,branch_office,LPT-10028,dev 85914,active,08-Jul-2020 09:19:32,,manager158
EMP10441,utkarsh.dass49,Utkarsh Dass,marketing,Officer,warehouse,LPT-10441,dev 87846,on_leave,2025/08/18,,manager956
EMP10665,daksh.kalita23,Daksh Kalita,sales_dept,Consultant,,WS-10665,,open,1705209544,not available,NA
EMP12228,falguni.thaman99,Falguni Thaman,operations,Analyst,data_center,LPT-12228,dev 17722,blocked,13-Oct-2024 11:55:40,21-May-2026 09:56:54,NA
EMP10493,radha.rana10,Radha Rana,information_technology,Executive,,WS-10493,dev83149,open,2021-12-08 06:29:18,not available,NA
EMP11258,vinaya.barad66,Vinaya Barad,sales,Director,,LPT-11258,dev 46416,active,2025/11/02,NA,  manager990  
EMP11301,kabir.tandon59,Kabir Tandon,brand_team,Analyst,branch_office,WS-11301,,blocked,2024-04-12 09:43:51,07-Jul-2026 01:13:27,manager164
EMP12956,chanchal_sandal62,Chanchal Sandal,customer_support,Director,branch_office,VDR-12956,DEV-23616,terminated,15-Feb-2020 22:14:10,1729042594,manager567
EMP12437,REVA.NANDA32,Reva Nanda,sales,Executive,work_from_home,VDR-12437,dev37106,terminated,2024-04-07 10:07:50,11-27-2025 01:33:41 AM,manager308
EMP11382,  ishanvi.ravel63  ,Ishanvi Ravel,procurement,Director,regional_office,LPT-11382,dev13796,active,,,manager971
EMP11304,amruta.parsa74,Amruta Parsa,support,Officer,remote,LPT-11304,,open,1733723904,,MANAGER732
EMP10236,,Hiral Yadav,research_development,Engineer,work_from_home,WS-10236,,open,2020-07-02 19:28:55,NA,
EMP10551,azad.swamy68,Azad Swamy,compliance,Trainee,warehouse,LPT-10551,DEV-75860,active,2025-11-02 09:07:06,not available,unknown
EMP10520,diya.tandon19,Diya Tandon,information_technology,Executive,remote,LPT-10520,,on_leave,1738725608,NA,
EMP12285,fariq.koshy90,Fariq Koshy,finance,Engineer,,LPT-12285,DEV27115,active,27/03/2024 07:35,NA,manager230
EMP11232,gaurangi.mistry16,Gaurangi Mistry,sales_team,Specialist,head_office,VDR-11232,DEV13019,open,22-Jun-2026 05:21:47,,  manager987  
EMP11138,pooja.bassi47,Pooja Bassi,operations_dept,Administrator,head_office,LPT-11138,,active,,NA,unknown
EMP11905,mahika.srinivas54,Mahika Srinivas,procurement,Consultant,head_office,,dev 35351,active,,,manager882
EMP10720,victor.chaudhuri10,Victor Chaudhuri,research_development,Administrator,work_from_home,WS-10720,DEV97500,active,2022-10-01 18:45:34,NA,  manager899  
EMP10735,chatresh.murthy80,Chatresh Murthy,information_technology,Engineer,,VDR-10735,dev 27109,active,2025-05-19T14:39:26,,manager414
EMP12779,tanveer_bahri84,Tanveer Bahri,finance,Analyst,warehouse,LPT-12779,,open,2021-12-22T04:40:53,NA,manager596
EMP11750,gaurika.sachdev76,Gaurika Sachdev,procurement,Consultant,regional_office,WS-11750,DEV13581,active,2024-02-23 10:47:13,NA,NA
EMP10058,ishanvi.chakraborty35,Ishanvi Chakraborty,operations,Consultant,warehouse,LPT-10058,,active,,NA,manager823
EMP10631,wishi.handa94,Wishi Handa,legal,Officer,regional_office,VDR-10631,DEV91988,active,20/07/2023 14:37,not available,MANAGER256
EMP11181,IRA.KORPAL96,Ira Korpal,support,Specialist,work_from_home,LPT-11181,dev 71398,active,2025-07-20T20:50:08,,manager947
EMP12271,unnati.hegde31,Unnati Hegde,legal,Executive,work_from_home,LPT-12271,dev 28542,active,2023-01-03 23:30:27,not available,manager179
EMP10592,  upma.oommen45  ,Upma Oommen,operations,Trainee,remote,VDR-10592,DEV82682,active,,NA,manager402
EMP11303,vaishnavi.khanna18,Vaishnavi Khanna,brand_team,Administrator,data_center,LPT-11303,,active,2024/01/05,NA,MANAGER284
EMP11387,ETHAN.SHANKER12,Ethan Shanker,operations,Consultant,work_from_home,VDR-11387,,active,30/05/2024 09:16,NA,manager648
EMP12696,gaurang.rao47,Gaurang Rao,mktg,Engineer,work_from_home,VDR-12696,dev 51796,active,2020-09-06 00:38:53,NA,NA
EMP12712,dayita.char97,Dayita Char,information_technology,Director,work_from_home,VDR-12712,dev 37319,inactive,02-20-2025 07:42:56 PM,20/06/2026 05:52,NA
EMP11964,  priya.lad10  ,Priya Lad,human_resources,Officer,regional_office,VDR-11964,dev47596,active,26/06/2022 23:15,,  manager506  
EMP12297,bhanumati.anand88,Bhanumati Anand,marketing,Specialist,work_from_home,LPT-12297,DEV39454,active,2022/12/04,not available,manager762
EMP10939,karan.mutti81,Karan Mutti,marketing,Officer,regional_office,LPT-10939,DEV-94399,open,2021-08-20T20:22:36,,
EMP12873,anusha.sengupta42,Anusha Sengupta,operations,Consultant,data_center,WS-12873,DEV23090,on_leave,18/06/2021,NA,  manager541  
EMP11249,abhiram.date18,Abhiram Date,human_resources,Consultant,,VDR-11249,dev67105,active,2020/09/30,NA,manager931
EMP10904,TIMOTHY.SUR54,Timothy Sur,operations,Trainee,work_from_home,LPT-10904,DEV91506,active,15-Nov-2025 22:08:31,,manager783
EMP12622,bimala.kuruvilla18,Bimala Kuruvilla,sales_dept,Director,,,,open,,not available,
EMP11279,balhaar.dhar20,Balhaar Dhar,customer_support,Administrator,warehouse,VDR-11279,dev97073,active,2024/02/21,,manager918
EMP12474,yutika.borde37,Yutika Borde,operations,Consultant,branch_office,LPT-12474,DEV-31787,open,2025-01-25T11:54:50,NA,manager858
EMP12965,ijaya_narasimhan36,Ijaya Narasimhan,information_technology,Analyst,remote,LPT-12965,DEV86953,active,08-27-2025 02:00:22 PM,NA,manager481
EMP12419,  ekta.bath4  ,Ekta Bath,customer_support,Consultant,head_office,LPT-12419,,open,23/11/2021,,manager878
EMP12459,  amaira.dani33  ,Amaira Dani,operations,Officer,head_office,LPT-12459,DEV-10071,active,1722691006,,manager294
EMP12539,udarsh.kannan50,Udarsh Kannan,marketing,Specialist,data_center,LPT-12539,DEV-34029,active,1598809291,not available,NA
EMP11142,vasatika.sidhu93,Vasatika Sidhu,research_development,Engineer,warehouse,VDR-11142,DEV-30142,active,2021-08-18 14:41:23,not available,manager828
EMP12453,joshua.mohanty72,Joshua Mohanty,operations,Specialist,work_from_home,VDR-12453,dev 47254,active,21/08/2020,not available,NA
EMP10706,aditya.bail38,Aditya Bail,procurement,Analyst,remote,WS-10706,DEV-20814,active,1598469354,,NA
EMP12723,  tripti.datta67  ,Tripti Datta,mktg,Administrator,branch_office,WS-12723,dev16714,active,,NA,manager870
EMP11022,faris.mander25,Faris Mander,legal,Analyst,head_office,WS-11022,,active,28/02/2021 00:43,,manager866
EMP10745,lopa.bali80,Lopa Bali,operations,Officer,warehouse,LPT-10745,DEV70845,active,,not available,  manager154  
EMP11546,aachal.chand47,Aachal Chand,innovation,Administrator,warehouse,LPT-11546,DEV69893,active,2023-03-26T17:01:33,NA,
EMP12429,meera.bains79,Meera Bains,marketing,Officer,branch_office,LPT-12429,DEV46884,open,06-May-2024 20:52:45,,NA
EMP12110,  sai.srinivas91  ,Sai Srinivas,information_technology,Trainee,,,,active,08-Nov-2023 07:22:45,not available,manager155
EMP12013,faris.bhandari30,Faris Bhandari,call_center,Engineer,head_office,VDR-12013,DEV33228,open,1663317825,,manager446
EMP10513,ekanta.sengupta27,Ekanta Sengupta,call_center,Consultant,data_center,WS-10513,dev69591,terminated,1588548634,,
EMP10081,yamini.solanki69,Yamini Solanki,accounts,Administrator,,LPT-10081,dev 82529,active,2021/01/27,not available,MANAGER870
EMP12743,  nidra.nanda73  ,Nidra Nanda,procurement,Director,data_center,LPT-12743,,active,2020-07-16T07:36:15,NA,manager939
EMP11308,,Turvi Yohannan,procurement,Analyst,branch_office,WS-11308,dev24111,active,19/03/2023,not available,  manager752  
EMP12571,GAURIKA.THAKKAR87,Gaurika Thakkar,customer_care,Specialist,regional_office,WS-12571,dev 90973,active,,,manager850
EMP10914,ayushman.parsa54,Ayushman Parsa,operations_dept,Engineer,,VDR-10914,,inactive,04/03/2021,09/09/2024,NA
EMP11404,siya.baria68,Siya Baria,research_development,Executive,regional_office,VDR-11404,DEV-64807,active,2022/07/10,not available,manager401
EMP11647,simon.kapoor61,Simon Kapoor,supply_chain,Director,remote,VDR-11647,DEV90746,open,2026/05/13,not available,manager602
EMP12843,shivani.bhattacharyya1,Shivani Bhattacharyya,human_resources,Director,warehouse,LPT-12843,dev 39878,open,,NA,manager400
EMP11108,urvashi.palan16,Urvashi Palan,finance,Officer,,WS-11108,DEV87178,inactive,2024-03-01T04:36:33,2025-08-25T04:33:06,manager986
EMP10150,  matthew.chatterjee86  ,Matthew Chatterjee,marketing_dept,Analyst,branch_office,WS-10150,DEV-88554,active,09-27-2021 02:53:35 AM,not available,manager316
EMP12809,  saanvi.prabhu62  ,Saanvi Prabhu,marketing_dept,Consultant,regional_office,WS-12809,DEV-48832,open,09/12/2025,NA,
EMP10774,raagini.khanna7,Raagini Khanna,finance,Consultant,remote,WS-10774,dev31805,active,2021/05/14,not available,manager392
EMP10329,ucchal_dey82,Ucchal Dey,human_resources,Director,warehouse,VDR-10329,,open,20/02/2023 15:56,NA,manager599
EMP10006,ekta.kuruvilla30,Ekta Kuruvilla,mktg,Manager,work_from_home,LPT-10006,DEV23238,open,2023-11-09 16:43:21,NA,manager473
EMP10943,vasudha.mital3,Vasudha Mital,operations,Director,branch_office,WS-10943,DEV13153,inactive,13/09/2022 01:44,01/02/2023 11:24,manager201
EMP10822,jackson.kapur57,Jackson Kapur,research_development,Analyst,head_office,LPT-10822,,active,07-30-2022 12:38:27 PM,not available,
EMP10734,JASON.SANGHA69,Jason Sangha,finance,Specialist,,LPT-10734,,open,2024/02/27,,manager582
EMP10909,yahvi.gokhale89,Yahvi Gokhale,cs,Specialist,regional_office,LPT-10909,DEV16608,terminated,22/09/2023 06:43,03-12-2024 02:31:36 PM,unknown
EMP10468,  inaya.vala59  ,Inaya Vala,supply_chain,Officer,branch_office,,DEV-10568,active,,NA,manager543
EMP10181,tamanna.banik80,Tamanna Banik,research_development,Manager,head_office,WS-10181,,active,1747475912,,  manager347  
EMP10164,kiaan.sharma57,Kiaan Sharma,innovation,Officer,warehouse,VDR-10164,,open,,not available,manager893
EMP11523,urvi.d’alia26,Urvi D’Alia,sales,Administrator,remote,WS-11523,dev 13103,open,04-03-2023 02:16:59 AM,,manager673
EMP10451,ishanvi.karpe12,Ishanvi Karpe,operations_dept,Consultant,branch_office,LPT-10451,dev 62530,open,1700387971,,manager494
EMP12332,SHRAVYA.MAND51,Shravya Mand,people_team,Consultant,regional_office,,DEV-39132,terminated,30-Sep-2024 12:03:44,1770118679,unknown
EMP10490,rajata.wason25,Rajata Wason,operations,Officer,,LPT-10490,dev 31940,on_leave,2026-07-30T14:48:28,NA,manager107
EMP10813,EKARAJ.ANAND61,Ekaraj Anand,operations,Executive,head_office,VDR-10813,dev74441,open,2023/05/16,NA,manager774
EMP11143,vidhi.zacharia33,Vidhi Zacharia,cs,Consultant,remote,WS-11143,DEV92557,active,16/09/2023,,manager529
EMP11311,balvan.jani13,Balvan Jani,sales_dept,Analyst,,LPT-11311,,active,21/06/2023 16:43,,manager985
EMP12313,advay.zacharia37,Advay Zacharia,information_technology,Administrator,regional_office,VDR-12313,dev 86483,active,1620092075,,NA
EMP11111,ANAMIKA.NAGARAJAN92,Anamika Nagarajan,accounts,Executive,branch_office,WS-11111,dev 84391,active,13-Jun-2020 05:52:19,not available,unknown
EMP10746,  oviya.acharya25  ,Oviya Acharya,people_team,Executive,,WS-10746,,active,13/09/2025 01:27,NA,unknown
EMP11826,rohan.dasgupta6,Rohan Dasgupta,marketing,Analyst,,LPT-11826,dev64837,open,2023/07/21,,NA
EMP11441,qabil.kumar24,Qabil Kumar,operations,Administrator,branch_office,WS-11441,DEV81667,active,1583675262,,manager731
EMP12012,CHAKRADHAR.KOSHY22,Chakradhar Koshy,procurement,Officer,,VDR-12012,,inactive,1762192697,2026/02/02,unknown
EMP11006,raksha.khanna85,Raksha Khanna,operations,Consultant,branch_office,WS-11006,DEV-65799,active,2023-06-07 05:21:04,not available,unknown
EMP11627,anthony.chadha70,Anthony Chadha,finance,Consultant,regional_office,LPT-11627,dev 80030,active,,,manager460
EMP11632,  wridesh.thakur86  ,Wridesh Thakur,brand_team,Director,,VDR-11632,DEV-92076,open,2025-07-22 20:17:22,,manager379
EMP11074,guneet.uppal16,Guneet Uppal,finance,Officer,regional_office,VDR-11074,dev 74482,active,2025-11-19 07:11:41,not available,manager329
EMP10578,janaki.halder15,Janaki Halder,research_development,Specialist,data_center,WS-10578,dev91625,open,1663908944,,manager150
EMP12168,balendra.taneja17,Balendra Taneja,finance,Director,remote,,DEV-47904,active,05-16-2023 08:27:57 PM,NA,manager718
EMP12417,harinakshi.loyal52,Harinakshi Loyal,sales_dept,Director,branch_office,WS-12417,dev 97605,open,2021-04-23T23:41:52,NA,manager276
EMP12335,ijaya.pandey20,Ijaya Pandey,finance,Executive,regional_office,,dev 12213,active,2026-06-01 18:44:52,NA,manager359
EMP12374,indali.hari48,Indali Hari,operations,Trainee,,,DEV-27289,inactive,2021-01-25 09:57:33,2021-02-25 23:35:30,manager384
EMP10327,tanish.setty8,Tanish Setty,marketing,Executive,regional_office,LPT-10327,dev42725,active,27/09/2022,,
EMP11790,amrita.shah50,Amrita Shah,sales_dept,Officer,,LPT-11790,dev31023,active,04-19-2026 12:24:32 PM,NA,manager376
EMP10442,darpan.kapur3,Darpan Kapur,information_technology,Manager,data_center,WS-10442,dev 59840,active,24-Feb-2022 05:31:59,NA,manager256
EMP11858,robert.raj78,Robert Raj,procurement,Engineer,remote,VDR-11858,dev 39215,open,07-21-2022 10:41:10 PM,NA,unknown
EMP12238,CHATURA.SAHNI94,Chatura Sahni,operations,Trainee,remote,VDR-12238,,active,04-15-2021 08:00:15 AM,,manager161
EMP10312,urmi.bansal9,Urmi Bansal,supply_chain,Manager,work_from_home,VDR-10312,dev34505,active,2021-09-04T06:55:23,,manager368
EMP10832,irya.memon10,Irya Memon,cs,Engineer,remote,WS-10832,dev16230,active,16/11/2024,not available,manager331
EMP12446,aradhana.saha89,Aradhana Saha,human_resources,Consultant,warehouse,WS-12446,dev 85963,blocked,2025-06-21 12:18:31,08/02/2026,manager609
EMP12170,RACHANA.CHANA38,Rachana Chana,finance,Trainee,data_center,WS-12170,,open,31/05/2023 14:19,,  manager423  
EMP11414,maanav.grover86,Maanav Grover,research_development,Engineer,branch_office,LPT-11414,dev 40386,on_leave,,not available,NA
EMP11201,pooja.bava61,Pooja Bava,finance,Engineer,,VDR-11201,DEV-14105,on_leave,27/03/2023 12:05,NA,manager927
EMP12514,krisha.iyengar8,Krisha Iyengar,information_technology,Consultant,warehouse,,dev66387,active,2025-05-20T06:08:28,NA,
EMP11499,mekhala.oommen73,Mekhala Oommen,operations,Administrator,remote,VDR-11499,dev30749,active,04/08/2022 19:09,not available,manager550
EMP12010,rudra.pal95,Rudra Pal,research_development,Officer,branch_office,LPT-12010,dev 19853,active,05-16-2021 04:35:35 PM,NA,manager999
EMP10086,qarin.gulati40,Qarin Gulati,procurement,Specialist,head_office,VDR-10086,dev23006,terminated,,07/01/2024 19:14,MANAGER260
EMP11403,  raksha.saxena21  ,Raksha Saxena,customer_support,Manager,branch_office,LPT-11403,DEV67357,on_leave,19/12/2020 03:26,1722213954,MANAGER741
EMP10644,janani.rajagopalan6,Janani Rajagopalan,call_center,Director,warehouse,VDR-10644,dev16461,active,2023-09-27T15:30:44,not available,manager411
EMP12481,samaksh.dey30,Samaksh Dey,operations_dept,Engineer,remote,LPT-12481,DEV49002,open,2024/07/01,,manager973
EMP12002,ria.jain34,Ria Jain,information_technology,Director,warehouse,VDR-12002,,open,29/08/2021 16:16,NA,MANAGER564
EMP11481,ikshita.roy54,Ikshita Roy,procurement,Administrator,remote,WS-11481,dev92611,active,1762210049,NA,unknown
EMP10777,ekanta.bumb70,Ekanta Bumb,finance,Officer,remote,LPT-10777,DEV-13266,open,2024-03-31T15:13:26,,unknown
EMP10799,baljiwan.raju72,Baljiwan Raju,procurement,Officer,work_from_home,VDR-10799,DEV-82235,active,12-20-2020 01:58:32 AM,,manager178
EMP11666,jai.purohit86,Jai Purohit,sales,Consultant,remote,VDR-11666,dev20888,active,17/03/2024 03:13,not available,manager704
EMP11894,hema.grover90,Hema Grover,information_technology,Director,,WS-11894,DEV-37044,open,2021-04-01 16:11:10,,manager904
EMP10054,aradhana.bahl32,Aradhana Bahl,accounts,Analyst,work_from_home,LPT-10054,DEV-65724,open,02/12/2025,NA,manager151
EMP12483,aarna.virk59,Aarna Virk,sales_team,Administrator,remote,VDR-12483,DEV-36630,open,19-Dec-2021 20:02:56,,  manager647  
EMP11287,zansi.boase65,Zansi Boase,operations,Trainee,remote,WS-11287,dev 71151,active,28-Jun-2023 15:06:00,NA,manager672
EMP11920,  gautam.keer69  ,Gautam Keer,finance,Director,head_office,LPT-11920,DEV30648,active,22/04/2021,,  manager545  
EMP11667,inaya.nagy54,Inaya Nagy,accounts,Consultant,,WS-11667,DEV-35168,active,04-Jun-2024 22:11:35,,NA
EMP12665,urvi.dua16,Urvi Dua,legal,Engineer,remote,VDR-12665,,active,27/07/2026 18:37,,manager539
EMP12222,nidra.garde65,Nidra Garde,accounts,Analyst,work_from_home,VDR-12222,DEV28551,active,14-Feb-2023 18:05:43,NA,manager100
EMP11701,  aarav.malhotra46  ,Aarav Malhotra,procurement,Trainee,warehouse,LPT-11701,dev 45750,on_leave,14-Feb-2024 21:40:50,NA,unknown
EMP11245,vaishnavi.loyal37,Vaishnavi Loyal,information_technology,Specialist,head_office,WS-11245,,active,05/06/2023,NA,manager646
EMP10113,mitesh_rajagopalan19,Mitesh Rajagopalan,sales,Trainee,,WS-10113,dev 70236,active,1580359403,,
EMP12891,balhaar.desai85,Balhaar Desai,marketing_dept,Manager,warehouse,WS-12891,DEV-45036,on_leave,2025/11/03,NA,manager262
EMP10987,irya.raval32,Irya Raval,finance,Engineer,head_office,LPT-10987,dev44313,terminated,06/03/2020 05:24,06/05/2021,manager906
EMP10501,  dominic.mand25  ,Dominic Mand,human_resources,Executive,regional_office,VDR-10501,dev17128,inactive,09-01-2024 05:18:19 AM,2025-11-02T03:47:46,
EMP12469,quincy.bhandari48,Quincy Bhandari,finance,Administrator,head_office,WS-12469,dev 28581,inactive,2021-01-26 14:40:20,2023-12-31T23:33:42,MANAGER546
EMP11009,LEKHA.ANNE27,Lekha Anne,legal,Manager,warehouse,WS-11009,dev34685,active,2022-10-18 16:11:21,NA,manager562
EMP11198,girish.d’alia10,Girish D’Alia,sales,Director,,,dev97706,active,2023/12/18,NA,manager647
EMP11394,anamika.deshpande59,Anamika Deshpande,sales_dept,Manager,remote,VDR-11394,DEV85523,open,2022-06-23 20:19:41,,manager327
EMP10589,yochana.patil46,Yochana Patil,accounts,Officer,work_from_home,LPT-10589,dev 26492,active,,not available,unknown
EMP10768,idika.rao58,Idika Rao,procurement,Consultant,work_from_home,VDR-10768,DEV18601,active,2023-11-23T13:34:09,,MANAGER500
EMP10017,vritti.sengupta40,Vritti Sengupta,sales_team,Analyst,branch_office,VDR-10017,DEV20322,active,18-Feb-2024 22:04:30,,NA
EMP11042,chaman.memon27,Chaman Memon,finance,Manager,branch_office,,dev 81938,inactive,26/09/2021 23:10,2022-05-27 19:32:55,manager578
EMP11447,ranbir.shanker19,Ranbir Shanker,sales_team,Executive,remote,WS-11447,DEV-20534,active,1632415628,,manager841
EMP12724,MAX.WALI58,Max Wali,operations_dept,Director,remote,WS-12724,dev 71257,active,19/04/2023,not available,unknown
EMP10285,varenya.nagar50,Varenya Nagar,customer_support,Consultant,,VDR-10285,DEV-28343,inactive,11/11/2025 14:43,25/05/2026 02:26,manager454
EMP12720,  veda.balasubramanian81  ,Veda Balasubramanian,operations,Trainee,regional_office,WS-12720,DEV-32856,active,1772751275,NA,manager428
EMP10428,CHAITANYA.PINGLE61,Chaitanya Pingle,operations,Officer,remote,LPT-10428,dev 96194,terminated,16/07/2021 18:28,,manager364
EMP11328,krish.gill29,Krish Gill,innovation,Administrator,remote,VDR-11328,,terminated,2022-01-28 17:18:13,,MANAGER654
EMP12064,nathaniel.deep45,Nathaniel Deep,research_development,Trainee,remote,WS-12064,dev 57603,active,05/04/2022 06:49,NA,
EMP10669,mohini.thakkar22,Mohini Thakkar,procurement,Specialist,data_center,LPT-10669,dev88012,open,2026-05-23 22:53:59,,
EMP10031,jyoti.rau6,Jyoti Rau,procurement,Manager,data_center,VDR-10031,,active,09/09/2022 22:14,not available,unknown
EMP11341,  chaman.andra62  ,Chaman Andra,call_center,Engineer,data_center,LPT-11341,DEV-85965,on_leave,,,manager165
EMP10722,anirudh.dube34,Anirudh Dube,finance,Trainee,head_office,WS-10722,DEV36302,open,08/07/2021,,manager211
EMP10951,leena.batra60,Leena Batra,procurement,Administrator,,LPT-10951,DEV10071,active,07/02/2024 02:24,not available,manager356
EMP11914,  krishna.nayak94  ,Krishna Nayak,information_technology,Trainee,work_from_home,LPT-11914,DEV63976,terminated,2020-11-06T23:30:57,2025-10-22 22:08:24,MANAGER689
EMP12365,ranveer.mahajan73,Ranveer Mahajan,operations,Specialist,data_center,WS-12365,,active,12/09/2023,,manager438
EMP10214,kiaan.sur64,Kiaan Sur,customer_support,Trainee,data_center,WS-10214,DEV-75191,active,2023-05-06T18:15:45,not available,manager346
EMP10989,samaksh.arya80,Samaksh Arya,legal,Manager,,LPT-10989,dev27143,inactive,08-18-2021 12:47:35 PM,2024-10-24 07:17:28,manager539
EMP11164,laksh.swamy43,Laksh Swamy,people_team,Consultant,head_office,LPT-11164,dev89233,active,,not available,manager714
EMP12877,quincy.setty61,Quincy Setty,mktg,Analyst,,LPT-12877,DEV-36422,open,,not available,unknown
EMP12095,,Ira Mannan,compliance,Manager,work_from_home,VDR-12095,DEV-95872,open,28/10/2021,NA,manager682
EMP10326,  zarna.rao38  ,Zarna Rao,marketing_dept,Specialist,remote,VDR-10326,dev99037,inactive,25/02/2021 06:14,,NA
EMP11383,  nilima.goda53  ,Nilima Goda,information_technology,Officer,,WS-11383,DEV44289,open,01/07/2023,,
EMP11724,indrajit_palla27,Indrajit Palla,research_development,Director,regional_office,WS-11724,DEV-70015,on_leave,2025-02-12T18:25:41,not available,NA
EMP11086,chaman.krish7,Chaman Krish,mktg,Trainee,regional_office,LPT-11086,DEV-85649,active,12-02-2025 06:12:18 AM,,MANAGER248
EMP10341,yashawini.warrior76,Yashawini Warrior,legal,Consultant,data_center,WS-10341,dev28327,active,1750875817,,  manager666  
EMP10147,damyanti.ganguly48,Damyanti Ganguly,marketing_dept,Consultant,work_from_home,VDR-10147,dev 88148,active,2020/06/12,NA,manager872
EMP12411,  ekalinga.sanghvi99  ,Ekalinga Sanghvi,cs,Consultant,head_office,VDR-12411,DEV51054,open,,,manager363
EMP11107,warhi.grewal19,Warhi Grewal,sales,Administrator,head_office,LPT-11107,dev59434,on_leave,1637490023,,manager207
EMP10848,vrishti.vala48,Vrishti Vala,brand_team,Analyst,,VDR-10848,DEV14562,blocked,08-19-2025 10:57:29 AM,2025-09-09 16:32:28,MANAGER907
EMP10966,abhimanyu.dhar56,Abhimanyu Dhar,legal,Administrator,head_office,VDR-10966,,active,2023-01-28 01:17:38,,manager144
EMP12538,ekapad.nayar19,Ekapad Nayar,marketing_dept,Officer,,LPT-12538,,open,29/09/2024 17:03,,manager862
EMP10661,yug.lalla64,Yug Lalla,research_development,Executive,warehouse,LPT-10661,,on_leave,2020/01/05,not available,manager576
EMP11002,radha.kibe52,Radha Kibe,legal,Specialist,,VDR-11002,DEV-11558,open,11/05/2024 17:43,NA,NA
EMP12413,lopa.dhawan30,Lopa Dhawan,marketing_dept,Executive,data_center,WS-12413,DEV72149,active,2021-06-13 17:07:47,not available,
EMP12594,yahvi.ramanathan41,Yahvi Ramanathan,human_resources,Executive,work_from_home,WS-12594,,on_leave,2023-05-09 20:44:46,not available,MANAGER103
EMP12736,nimrat.parmer72,Nimrat Parmer,legal,Manager,warehouse,WS-12736,,active,2020-04-02T09:32:29,NA,manager310
EMP11879,ethan.sekhon49,Ethan Sekhon,accounts,Administrator,remote,WS-11879,dev 19751,on_leave,04/02/2023,NA,manager415
EMP12902,kalpit_salvi36,Kalpit Salvi,research_development,Trainee,warehouse,WS-12902,DEV-44011,open,10-15-2023 02:16:59 AM,NA,manager421
EMP11203,upkaar.padmanabhan11,Upkaar Padmanabhan,finance,Manager,remote,WS-11203,DEV-20709,open,01-21-2026 05:58:51 PM,NA,manager529
EMP11990,neel.bhalla45,Neel Bhalla,legal,Manager,work_from_home,,dev 11957,open,,NA,manager950
EMP10024,krishna.narang7,Krishna Narang,human_resources,Analyst,data_center,VDR-10024,,inactive,2020/12/05,07-19-2022 10:41:36 AM,manager243
EMP12895,max.kant36,Max Kant,finance,Trainee,data_center,WS-12895,,terminated,10-13-2021 06:51:00 PM,1753189452,manager102
EMP12092,VEDANT.MUNI67,Vedant Muni,people_team,Executive,work_from_home,WS-12092,DEV33086,open,,not available,manager671
EMP12989,rayaan.gulati19,Rayaan Gulati,procurement,Executive,data_center,VDR-12989,dev48867,open,13/06/2023,not available,
EMP12371,KEYA.BASAK74,Keya Basak,customer_care,Officer,warehouse,WS-12371,DEV-23075,open,17/11/2020 21:49,not available,
EMP10875,xalak.kota96,Xalak Kota,customer_care,Administrator,warehouse,VDR-10875,dev 86765,active,13/01/2020 19:38,NA,manager684
EMP12871,anya.nadkarni54,Anya Nadkarni,human_resources,Director,data_center,LPT-12871,DEV10971,open,2022-09-29 10:38:28,not available,manager426
EMP10938,alka.memon44,Alka Memon,cs,Analyst,regional_office,WS-10938,DEV46356,active,29/05/2021 13:07,,  manager685  
EMP12584,falguni.mammen71,Falguni Mammen,operations,Manager,,LPT-12584,DEV99996,active,03/08/2020,,  manager905  
EMP10612,OMYA.RAM43,Omya Ram,operations,Director,data_center,LPT-10612,DEV39716,active,14-Feb-2025 06:51:53,,
EMP10385,MAX.VARGHESE15,Max Varghese,customer_support,Consultant,,WS-10385,,active,09-Nov-2020 21:30:16,NA,manager430
EMP12585,LAKSHMI.NARULA81,Lakshmi Narula,operations,Consultant,warehouse,LPT-12585,dev 47599,active,2023/05/20,NA,manager132
EMP12563,anthony.mallick51,Anthony Mallick,supply_chain,Executive,work_from_home,LPT-12563,dev 52734,on_leave,,not available,manager622
EMP12408,laban.dewan34,Laban Dewan,supply_chain,Director,work_from_home,LPT-12408,DEV-35598,open,05/01/2020,NA,manager936
EMP10936,chatura.sengupta49,Chatura Sengupta,research_development,Specialist,branch_office,LPT-10936,dev76160,active,2026/06/24,,manager559
EMP12659,chatura.swaminathan11,Chatura Swaminathan,compliance,Engineer,data_center,LPT-12659,dev 54883,active,12/04/2020 05:03,,manager303
EMP10052,anirudh.ramanathan31,Anirudh Ramanathan,mktg,Engineer,,LPT-10052,dev 29313,active,1643561219,not available,unknown
EMP11332,shivansh.parmer5,Shivansh Parmer,mktg,Administrator,,WS-11332,dev 49375,blocked,,26/11/2025,MANAGER119
EMP11934,nicholas.varma41,Nicholas Varma,legal,Manager,work_from_home,VDR-11934,DEV-94621,open,2022-06-26T15:22:58,not available,manager187
EMP10935,OJAS.BARAD71,Ojas Barad,operations,Manager,work_from_home,,dev 64732,active,,,manager445
EMP10566,NIHARIKA.GULATI90,Niharika Gulati,human_resources,Engineer,branch_office,WS-10566,DEV23501,active,10/01/2024,NA,manager126
EMP11854,rayaan.sani65,Rayaan Sani,sales,Engineer,branch_office,WS-11854,dev99175,active,2026-04-07T08:48:37,not available,
EMP12500,shivansh.taneja60,Shivansh Taneja,information_technology,Consultant,work_from_home,VDR-12500,DEV-79352,active,27/03/2022,not available,
EMP11645,falak.chhabra48,Falak Chhabra,information_technology,Executive,head_office,VDR-11645,dev40626,active,11/01/2020 15:05,,manager933
EMP12185,ANMOL.BALI6,Anmol Bali,brand_team,Consultant,regional_office,VDR-12185,DEV-35475,open,2025/03/06,NA,unknown
EMP11792,ladli.shan29,Ladli Shan,marketing,Manager,,LPT-11792,,open,2024-12-05 20:54:35,not available,NA
EMP11430,chasmum.nadkarni1,Chasmum Nadkarni,marketing,Administrator,warehouse,WS-11430,dev 25429,active,2024/10/31,,
EMP12825,indali.goswami21,Indali Goswami,finance,Specialist,work_from_home,VDR-12825,dev 58627,active,2024-03-12 16:51:45,,MANAGER153
EMP11013,brijesh.ganesh17,Brijesh Ganesh,customer_care,Director,,VDR-11013,DEV-19012,open,03/10/2021 12:14,NA,manager310
EMP11928,riya.chadha43,Riya Chadha,customer_care,Executive,,LPT-11928,DEV15769,open,2021-09-29 20:18:18,,
EMP12319,chanchal.choudhry83,Chanchal Choudhry,information_technology,Officer,data_center,WS-12319,DEV29344,active,13/10/2023 15:56,,  manager235  
EMP10126,unnati.dass69,Unnati Dass,finance,Director,,,DEV-97881,terminated,,not available,manager860
EMP12157,vansha.chadha57,Vansha Chadha,brand_team,Officer,,VDR-12157,dev50940,open,07-Oct-2020 12:56:52,not available,manager702
EMP11347,shravya.chopra88,Shravya Chopra,legal,Manager,regional_office,WS-11347,DEV47104,open,11/10/2022 12:37,not available,manager468
EMP10355,kavya.bajwa2,Kavya Bajwa,sales,Analyst,data_center,WS-10355,DEV-60197,terminated,10-Jul-2021 00:17:38,not available,unknown
EMP10827,henry.raman55,Henry Raman,operations,Consultant,data_center,WS-10827,dev17398,active,02-08-2022 07:25:58 AM,not available,manager419
EMP11639,FARHAN.BEDI89,Farhan Bedi,human_resources,Engineer,data_center,VDR-11639,dev 58614,open,2021/03/19,not available,MANAGER887
EMP10984,GAURAV.BORDE62,Gaurav Borde,operations_dept,Director,,WS-10984,dev34149,inactive,2020-01-21 21:28:52,2020/09/06,manager668
EMP10362,libni.rau54,Libni Rau,innovation,Analyst,branch_office,VDR-10362,dev 46677,open,20-Dec-2021 03:50:44,not available,
EMP10345,samar.setty88,Samar Setty,finance,Trainee,work_from_home,LPT-10345,,open,2020-02-12T20:30:44,NA,manager140
EMP12124,azaan.dora49,Azaan Dora,human_resources,Executive,,WS-12124,DEV47572,on_leave,15/02/2024,NA,MANAGER372
EMP12620,onkar.khalsa1,Onkar Khalsa,finance,Administrator,warehouse,LPT-12620,dev98307,active,01/09/2024,not available,manager460
EMP10711,ayushman.chowdhury15,Ayushman Chowdhury,information_technology,Executive,data_center,WS-10711,DEV-72420,active,07-May-2026 05:01:00,,unknown
EMP12127,oscar.gopal34,Oscar Gopal,finance,Director,work_from_home,VDR-12127,DEV-28293,open,22/12/2023 18:03,,manager571
EMP10010,jagvi.seth52,Jagvi Seth,marketing,Manager,branch_office,VDR-10010,dev 51245,active,2024-03-31 01:22:51,,  manager758  
EMP12616,widisha.maharaj57,Widisha Maharaj,customer_care,Analyst,data_center,,DEV71339,active,06-23-2020 05:24:59 PM,,manager579
EMP11834,aryan.shankar73,Aryan Shankar,operations,Administrator,head_office,LPT-11834,dev 31292,active,21-Aug-2025 12:05:23,not available,manager421
EMP10793,widisha.chhabra74,Widisha Chhabra,information_technology,Administrator,branch_office,VDR-10793,DEV17669,open,03/12/2023,NA,NA
EMP12848,mekhala.singhal56,Mekhala Singhal,finance,Executive,data_center,WS-12848,dev 71268,active,1632531069,,NA
EMP10094,  abha.varkey61  ,Abha Varkey,call_center,Trainee,,LPT-10094,DEV-86720,active,2024/03/07,not available,unknown
EMP10129,HARSH.SHUKLA46,Harsh Shukla,information_technology,Director,remote,LPT-10129,DEV26011,terminated,13/11/2023 18:11,08-Oct-2024 06:03:45,MANAGER711
EMP12309,ira.ahuja17,Ira Ahuja,human_resources,Executive,remote,WS-12309,DEV58488,active,2025-12-07T19:21:58,NA,unknown
EMP12991,  vasatika.kapoor74  ,Vasatika Kapoor,marketing,Officer,work_from_home,VDR-12991,dev 20475,on_leave,2020-12-07T06:03:45,NA,manager523
EMP11900,chanakya.bora36,Chanakya Bora,research_development,Director,,LPT-11900,,open,18/02/2021 17:29,NA,manager340
EMP12467,chaitaly.char55,Chaitaly Char,operations_dept,Manager,head_office,LPT-12467,DEV-45570,terminated,2022-07-30T10:31:03,not available,  manager715  
EMP11932,mahika.chakraborty82,Mahika Chakraborty,procurement,Manager,head_office,VDR-11932,DEV-34958,active,2020-11-01 06:50:28,,manager651
EMP12499,naveen.borah10,Naveen Borah,finance,Administrator,warehouse,VDR-12499,dev 34580,open,1699130222,not available,NA
EMP11865,rehaan.gola27,Rehaan Gola,finance,Consultant,,WS-11865,dev50565,on_leave,18/11/2025,NA,
EMP11658,abha.baria81,Abha Baria,information_technology,Manager,work_from_home,LPT-11658,dev21239,active,2020/06/12,not available,manager192
EMP10516,wakeeta.rattan45,Wakeeta Rattan,research_development,Trainee,,LPT-10516,DEV75776,terminated,28-Sep-2023 17:13:28,01-26-2024 11:16:54 AM,  manager387  
EMP11857,YASHAWINI.BAJAJ3,Yashawini Bajaj,compliance,Specialist,regional_office,LPT-11857,DEV-72195,inactive,2023/07/20,NA,NA
EMP11277,ansh.bandi36,Ansh Bandi,marketing,Engineer,head_office,VDR-11277,,open,1742217930,,manager914
EMP10950,GIRIK.PAI19,Girik Pai,operations,Officer,branch_office,LPT-10950,dev 80455,on_leave,20/09/2024 19:09,NA,manager101
EMP11120,siya.naik32,Siya Naik,customer_care,Manager,,WS-11120,DEV73324,active,2021-10-23T23:20:54,not available,manager746
EMP10419,  upkaar.dave34  ,Upkaar Dave,human_resources,Administrator,head_office,WS-10419,DEV16507,active,11-12-2024 10:39:12 PM,not available,unknown
EMP10922,aahana.kaur82,Aahana Kaur,accounts,Analyst,head_office,VDR-10922,,open,,,manager617
EMP12880,panini.rau8,Panini Rau,finance,Analyst,work_from_home,VDR-12880,dev 53618,active,06/08/2024 10:52,NA,manager647
EMP10477,yamini.subramanian5,Yamini Subramanian,operations,Trainee,head_office,VDR-10477,DEV-98542,active,1638048855,not available,
EMP12035,omya.seshadri88,Omya Seshadri,call_center,Specialist,work_from_home,WS-12035,DEV-61299,inactive,2021-11-21T08:13:13,not available,manager686
EMP12245,HITESH.KADAKIA14,Hitesh Kadakia,sales_dept,Manager,,LPT-12245,DEV70646,active,2023-04-20T03:56:16,not available,manager803
EMP11692,qarin.rau21,Qarin Rau,research_development,Analyst,remote,LPT-11692,dev18769,on_leave,2026/01/02,not available,manager396
EMP12316,libni.boase68,Libni Boase,operations,Executive,branch_office,LPT-12316,dev 20407,active,01/09/2024,NA,manager670
EMP11471,meera.bath1,Meera Bath,legal,Engineer,head_office,WS-11471,,open,2022/04/09,not available,manager909
EMP11202,  isaiah.dave47  ,Isaiah Dave,compliance,Trainee,branch_office,LPT-11202,DEV37720,terminated,2026-06-14T22:32:16,07-11-2026 03:19:46 AM,manager280
EMP11669,hitesh.patil44,Hitesh Patil,information_technology,Administrator,,VDR-11669,dev 70042,active,10-31-2022 08:13:46 AM,,manager233
EMP12859,udant.barman2,Udant Barman,marketing,Specialist,regional_office,VDR-12859,DEV-37202,open,2023/07/19,,
EMP11970,devansh.sule3,Devansh Sule,information_technology,Engineer,work_from_home,LPT-11970,dev 78191,on_leave,,2025/08/28,  manager992  
EMP10820,,Gauri Deep,research_development,Trainee,branch_office,WS-10820,DEV-96781,active,17/04/2024 08:13,NA,manager451
EMP11997,zayan.sidhu78,Zayan Sidhu,human_resources,Consultant,,WS-11997,dev 63449,open,2025-05-09 21:41:55,,manager992
EMP12954,jagat.agate90,Jagat Agate,customer_care,Consultant,,LPT-12954,DEV17834,open,,not available,manager349
EMP11248,NOAH.KATA59,Noah Kata,research_development,Manager,work_from_home,WS-11248,DEV-90999,active,26/11/2021,,manager110
EMP12742,,Upasna Sha,people_team,Engineer,remote,WS-12742,,active,02-29-2020 09:26:55 PM,NA,manager467
EMP12694,  chaitaly.dugal25  ,Chaitaly Dugal,customer_support,Executive,work_from_home,WS-12694,,active,2024-01-24 13:17:05,NA,MANAGER907
EMP11046,falan.gandhi55,Falan Gandhi,human_resources,Administrator,warehouse,VDR-11046,dev 30027,active,2021/06/29,,
EMP11888,SAANVI.PURI1,Saanvi Puri,call_center,Administrator,warehouse,VDR-11888,,active,09/01/2022 03:58,,manager316
EMP10615,nikita.majumdar12,Nikita Majumdar,sales,Director,remote,WS-10615,DEV-29400,active,2020-09-13T11:00:35,not available,manager863
EMP11318,kritika.nori43,Kritika Nori,information_technology,Executive,,VDR-11318,dev53202,on_leave,22/08/2025 21:55,,manager605
EMP12970,,Ethan Peri,procurement,Trainee,data_center,LPT-12970,dev 32709,active,1715275439,not available,manager297
EMP12136,raksha.bhalla98,Raksha Bhalla,human_resources,Executive,warehouse,WS-12136,DEV-98387,inactive,20/04/2022,2025-11-25T20:14:07,manager616
EMP12534,anvi.soni34,Anvi Soni,human_resources,Executive,,LPT-12534,,open,27/02/2026 21:22,not available,manager561
EMP11772,mohini.munshi54,Mohini Munshi,human_resources,Officer,,VDR-11772,DEV-29079,active,2020/05/04,,MANAGER502
EMP11298,harrison.varughese13,Harrison Varughese,procurement,Trainee,remote,VDR-11298,DEV-46068,open,1765111521,,NA
EMP10131,,Arya Ratta,sales,Consultant,work_from_home,LPT-10131,DEV-88116,active,2021-03-25 12:43:03,,unknown
EMP10077,tejas.panchal85,Tejas Panchal,procurement,Consultant,data_center,VDR-10077,DEV-79588,open,06/05/2026 12:58,,manager460
EMP12052,caleb.lal55,Caleb Lal,operations,Consultant,work_from_home,VDR-12052,DEV-90432,active,1712599765,NA,manager729
EMP10724,yashica.chokshi5,Yashica Chokshi,human_resources,Manager,warehouse,VDR-10724,DEV-42846,open,,NA,unknown
EMP11314,amaira.sengupta10,Amaira Sengupta,procurement,Manager,,VDR-11314,dev49089,active,29-Mar-2024 10:40:48,NA,manager715
EMP11851,  faqid.choudhry24  ,Faqid Choudhry,information_technology,Executive,remote,WS-11851,dev22218,open,05/11/2022 10:19,,manager243
EMP12708,  pooja.kunda23  ,Pooja Kunda,sales_team,Administrator,,LPT-12708,dev 68286,blocked,1754745103,11-04-2025 03:03:59 AM,manager310
EMP12562,XITI.MURTY39,Xiti Murty,information_technology,Analyst,data_center,VDR-12562,DEV79348,terminated,2026-07-15 18:07:04,,
EMP11372,nikita.d’alia16,Nikita D’Alia,research_development,Director,,WS-11372,DEV21385,terminated,1652583511,2023-05-11 23:03:31,
EMP11855,NEEL.MAJUMDAR68,Neel Majumdar,legal,Officer,warehouse,VDR-11855,dev90245,active,2026-07-19 09:52:27,NA,
EMP11319,yuvraj.ram10,Yuvraj Ram,supply_chain,Specialist,,LPT-11319,dev55330,on_leave,1689570421,,  manager727  
EMP12960,  ekansh.bedi26  ,Ekansh Bedi,information_technology,Director,head_office,LPT-12960,dev 34207,active,2021-07-28 20:03:09,,
EMP12573,udant.mukherjee7,Udant Mukherjee,information_technology,Specialist,work_from_home,VDR-12573,,active,11-Nov-2021 18:37:43,NA,manager221
EMP10375,daniel.bhat5,Daniel Bhat,supply_chain,Specialist,,LPT-10375,dev 94840,active,2023-07-04 00:21:54,,NA
EMP11908,hitesh.keer31,Hitesh Keer,support,Consultant,,LPT-11908,,on_leave,21/02/2020 01:12,,  manager205  
EMP10333,HITESH.KHANNA59,Hitesh Khanna,information_technology,Manager,work_from_home,LPT-10333,dev67840,active,,NA,  manager805  
EMP12323,tanvi.bal60,Tanvi Bal,sales_dept,Manager,data_center,LPT-12323,dev89195,open,11-17-2024 07:30:29 AM,not available,manager226
EMP12373,mitali.goel62,Mitali Goel,operations,Administrator,work_from_home,VDR-12373,,open,05-12-2025 06:22:11 AM,,manager522
EMP11604,aashi.bajaj29,Aashi Bajaj,research_development,Administrator,warehouse,LPT-11604,DEV-70324,active,03-24-2024 12:55:09 PM,NA,manager166
EMP11118,  bimala.yohannan78  ,Bimala Yohannan,research_development,Executive,,VDR-11118,DEV-39500,active,14/02/2023 09:18,NA,
EMP12913,reyansh_cheema32,Reyansh Cheema,operations,Analyst,data_center,WS-12913,dev 52978,open,23/03/2025,not available,manager631
EMP11943,zilmil.warrior7,Zilmil Warrior,human_resources,Director,,VDR-11943,DEV26287,terminated,2024/07/02,2025-08-12 20:08:30,manager364
EMP12333,quincy.samra91,Quincy Samra,human_resources,Trainee,,VDR-12333,dev 66982,terminated,2026/06/25,07-20-2026 03:59:35 PM,unknown
EMP12599,zayan.bhagat19,Zayan Bhagat,finance,Engineer,remote,WS-12599,dev 37456,active,12/08/2022 13:22,not available,manager999
EMP11342,  devansh.hora57  ,Devansh Hora,finance,Administrator,work_from_home,WS-11342,,terminated,2021-01-30 06:23:44,07-26-2022 09:42:34 AM,manager732
EMP10320,hredhaan.tank29,Hredhaan Tank,mktg,Analyst,remote,LPT-10320,DEV-80465,open,1700598075,not available,manager891
EMP11619,ekiya_banik24,Ekiya Banik,supply_chain,Officer,branch_office,LPT-11619,dev 75228,active,,not available,NA
EMP12628,kiaan.ramesh70,Kiaan Ramesh,marketing_dept,Officer,,LPT-12628,dev13091,open,,NA,manager715
EMP12060,vrishti.chadha23,Vrishti Chadha,cs,Manager,regional_office,LPT-12060,,inactive,01-27-2021 09:16:09 AM,2022-04-17 07:58:30,NA
EMP11673,arya_dhillon11,Arya Dhillon,operations,Officer,head_office,LPT-11673,dev 26846,blocked,1606572710,2022-06-01T20:16:07,MANAGER257
EMP11942,,Hemangini Mand,information_technology,Specialist,work_from_home,VDR-11942,DEV-78920,active,07-19-2020 10:33:05 AM,NA,manager921
EMP10260,aashi.bal42,Aashi Bal,sales,Administrator,branch_office,VDR-10260,dev 78321,open,1658501910,NA,manager670
EMP12426,raksha.date82,Raksha Date,compliance,Administrator,work_from_home,WS-12426,dev 50736,open,2021-01-03 22:47:15,,  manager841  
EMP12039,arunima_sridhar65,Arunima Sridhar,human_resources,Officer,regional_office,WS-12039,dev58395,active,06-29-2025 11:53:29 AM,NA,manager369
EMP10689,sai_pathak23,Sai Pathak,marketing,Director,head_office,VDR-10689,dev 24253,active,2025-01-26 23:12:38,,NA
EMP10901,gaurika.babu9,Gaurika Babu,marketing,Director,,LPT-10901,DEV-74852,active,2025/06/30,,manager814
EMP12026,bhavna_patla52,Bhavna Patla,research_development,Director,data_center,LPT-12026,DEV-80683,active,02/08/2025 09:05,not available,manager730
EMP10138,samuel.choudhury78,Samuel Choudhury,legal,Manager,work_from_home,VDR-10138,dev24996,inactive,07-15-2025 07:51:50 AM,NA,manager986
EMP11917,naksh.sanghvi94,Naksh Sanghvi,finance,Engineer,work_from_home,LPT-11917,dev35905,active,2023-12-02T19:50:55,NA,manager560
EMP11828,maanas.madan34,Maanas Madan,research_development,Manager,,WS-11828,dev31706,on_leave,03-13-2024 04:42:09 AM,2026/02/25,NA
EMP11573,JAGRATI.DUTT21,Jagrati Dutt,sales,Director,work_from_home,,DEV-94683,active,11-Jan-2025 11:12:13,,manager954
EMP10319,hredhaan.nagi88,Hredhaan Nagi,research_development,Director,regional_office,WS-10319,dev74054,active,2024-10-22T15:06:56,not available,
EMP10653,qasim.gole57,Qasim Gole,human_resources,Specialist,warehouse,LPT-10653,DEV42075,terminated,14/05/2022 01:36,,manager251
EMP12137,logan.ramakrishnan20,Logan Ramakrishnan,innovation,Director,warehouse,VDR-12137,dev 72539,active,2020/06/04,NA,manager702
EMP12394,udarsh.kadakia17,Udarsh Kadakia,information_technology,Executive,warehouse,WS-12394,dev70090,active,12-11-2024 05:50:47 PM,not available,
EMP10558,amaira.sood39,Amaira Sood,marketing,Officer,,VDR-10558,DEV16253,active,2025/11/15,not available,manager320
EMP12187,frado.nigam40,Frado Nigam,information_technology,Analyst,work_from_home,VDR-12187,DEV-93148,active,18/05/2024 02:58,not available,manager993
EMP10112,frederick.behl88,Frederick Behl,finance,Executive,branch_office,LPT-10112,dev89887,terminated,2025-04-09 08:57:14,30-Apr-2026 22:08:37,
EMP10531,  omkaar.kalita55  ,Omkaar Kalita,supply_chain,Consultant,,WS-10531,dev 99208,active,09-24-2021 08:30:01 PM,not available,manager902
EMP10224,RONITH.SHROFF81,Ronith Shroff,information_technology,Specialist,,WS-10224,,inactive,1733119821,,MANAGER591
EMP10723,ekaraj.nath19,Ekaraj Nath,call_center,Director,,VDR-10723,dev94323,active,,NA,manager205
EMP12590,zansi_khosla29,Zansi Khosla,brand_team,Administrator,data_center,VDR-12590,DEV16029,on_leave,1659833497,not available,manager247
EMP12649,aadhya.hayer77,Aadhya Hayer,research_development,Director,remote,LPT-12649,DEV-51192,active,31/07/2025 20:37,NA,manager521
EMP11433,urvashi.kata32,Urvashi Kata,marketing_dept,Engineer,regional_office,,DEV27397,open,,,manager282
EMP12401,manya.kala33,Manya Kala,cs,Executive,branch_office,,dev 42650,open,1699000381,not available,manager178
EMP11458,agastya_wali58,Agastya Wali,call_center,Consultant,,WS-11458,DEV53917,inactive,1675778641,12/11/2023 09:41,unknown
EMP12784,urmi.vala29,Urmi Vala,human_resources,Engineer,data_center,VDR-12784,DEV91090,open,1686473754,not available,MANAGER153
EMP10846,pratyush.balay57,Pratyush Balay,legal,Administrator,,VDR-10846,,active,10/03/2023 04:01,NA,manager215
EMP10193,ekbal.bhatti8,Ekbal Bhatti,human_resources,Director,remote,VDR-10193,,active,1586196047,not available,manager722
EMP11464,lekha.luthra19,Lekha Luthra,research_development,Director,remote,WS-11464,dev 70035,open,01-28-2022 09:28:03 AM,NA,NA
EMP10946,ekbal.chandra41,Ekbal Chandra,accounts,Director,remote,WS-10946,dev 59219,terminated,2021-01-10T19:53:54,25/01/2023 07:28,unknown
EMP12021,rushil.sura78,Rushil Sura,support,Administrator,work_from_home,VDR-12021,DEV-12118,on_leave,29/01/2021,NA,NA
EMP11629,max.subramanian13,Max Subramanian,innovation,Executive,branch_office,VDR-11629,dev51983,open,24/09/2021,,manager684
EMP10117,ikshita.muni96,Ikshita Muni,information_technology,Specialist,regional_office,WS-10117,DEV-47512,active,,,MANAGER460
EMP10645,NIKITA.SANGHA37,Nikita Sangha,research_development,Executive,data_center,WS-10645,,terminated,13/11/2025 14:37,2026-01-07 20:23:25,manager761
EMP11870,zinal.palla99,Zinal Palla,people_team,Manager,branch_office,LPT-11870,DEV54839,open,12/11/2025,,manager590
EMP10003,orinder.buch21,Orinder Buch,legal,Consultant,,LPT-10003,DEV-38221,on_leave,11/11/2022 18:18,,manager489
EMP10074,URVI.SASTRY42,Urvi Sastry,finance,Trainee,branch_office,WS-10074,DEV-43862,active,1737865940,not available,manager382
EMP11755,daksh.zachariah69,Daksh Zachariah,information_technology,Administrator,warehouse,LPT-11755,DEV77729,open,2023-11-04 11:07:37,NA,MANAGER266
EMP10467,maanas_rama25,Maanas Rama,operations,Manager,,WS-10467,DEV-16094,terminated,19/09/2025 06:31,16/07/2026 03:26,
EMP10005,adweta.seth11,Adweta Seth,support,Administrator,work_from_home,VDR-10005,dev91070,terminated,01-28-2023 01:27:43 PM,01-27-2026 01:48:14 AM,  manager777  
EMP11246,logan.guha68,Logan Guha,information_technology,Consultant,,LPT-11246,,active,2023-07-13 14:31:25,not available,manager381
EMP10919,udyati_dugar83,Udyati Dugar,sales,Officer,warehouse,VDR-10919,,active,12-08-2022 03:45:05 PM,NA,NA
EMP10228,patrick.bajaj41,Patrick Bajaj,finance,Trainee,warehouse,WS-10228,DEV81601,active,2026-07-26 11:43:49,NA,unknown
EMP11063,OSHA.WARRIOR98,Osha Warrior,human_resources,Analyst,head_office,WS-11063,DEV-10947,active,,,manager634
EMP10242,upma.wadhwa62,Upma Wadhwa,operations,Engineer,head_office,WS-10242,dev 60275,open,2026-05-30 20:10:10,NA,
EMP12351,zansi.batta30,Zansi Batta,human_resources,Specialist,work_from_home,LPT-12351,,active,2023-04-24 20:01:30,,MANAGER128
EMP11160,neel.dass57,Neel Dass,finance,Administrator,,WS-11160,DEV30252,active,,not available,  manager742  
EMP12591,gavin.golla57,Gavin Golla,legal,Engineer,,VDR-12591,dev 49301,active,2020-03-19 03:33:34,not available,manager190
EMP11526,devansh.nazareth78,Devansh Nazareth,procurement,Director,head_office,LPT-11526,,open,07/05/2022 15:29,NA,manager548
EMP11605,chakrika.sharma22,Chakrika Sharma,information_technology,Officer,data_center,VDR-11605,dev 95233,open,15/12/2022,not available,MANAGER823
EMP12869,anika_parsa88,Anika Parsa,research_development,Specialist,remote,VDR-12869,DEV-60701,active,08-Oct-2025 07:31:58,not available,manager103
EMP12399,OSHA.AGGARWAL57,Osha Aggarwal,finance,Trainee,regional_office,LPT-12399,DEV-54496,open,2020-07-18 02:49:23,NA,manager424
EMP12623,  jalsa.krishna50  ,Jalsa Krishna,procurement,Director,warehouse,WS-12623,DEV69754,active,01-Sep-2025 09:01:41,NA,MANAGER498
EMP11989,jonathan.bail46,Jonathan Bail,customer_care,Executive,data_center,VDR-11989,dev44870,open,06-Sep-2024 16:45:06,,manager487
EMP12424,hamsini.chaudhry50,Hamsini Chaudhry,marketing,Administrator,,LPT-12424,dev 98305,active,2023-04-21T07:17:44,NA,manager614
EMP11975,  turvi.munshi25  ,Turvi Munshi,operations,Administrator,branch_office,WS-11975,dev97439,terminated,07-Apr-2026 17:12:36,,manager147
EMP11761,onveer.kohli9,Onveer Kohli,human_resources,Administrator,regional_office,WS-11761,,active,2022/01/25,not available,unknown
EMP11305,aahana.shanker52,Aahana Shanker,people_team,Analyst,,VDR-11305,dev30863,active,08-28-2025 09:27:12 PM,NA,manager795
EMP11541,,Anamika Nanda,sales_dept,Engineer,remote,LPT-11541,DEV65611,on_leave,24/12/2021 20:09,not available,NA
EMP10622,yashoda.sur19,Yashoda Sur,brand_team,Analyst,,,DEV-24585,open,01-03-2024 10:29:45 PM,not available,manager314
EMP12836,avi.babu51,Avi Babu,cs,Analyst,remote,VDR-12836,,open,,,NA
EMP11493,AMRITA.SHANKER92,Amrita Shanker,information_technology,Trainee,data_center,VDR-11493,dev 17836,active,,NA,
EMP10110,chaitanya.atwal30,Chaitanya Atwal,human_resources,Director,head_office,VDR-10110,DEV23173,active,2025-11-26T04:28:38,not available,MANAGER129
EMP12977,aryan.korpal35,Aryan Korpal,legal,Director,regional_office,WS-12977,dev 97414,active,09-Oct-2021 09:48:51,,  manager815  
EMP11169,,Jackson Chaudhary,operations,Executive,,VDR-11169,dev42231,active,,NA,manager646
EMP12535,,Girik Thaman,finance,Analyst,remote,WS-12535,dev 18688,open,06/01/2026,NA,manager806
EMP10232,reva.bansal99,Reva Bansal,finance,Administrator,head_office,WS-10232,dev20358,active,2023-10-06 09:57:12,,  manager865  
EMP10066,ZINAL.VENKATARAMAN17,Zinal Venkataraman,research_development,Manager,warehouse,LPT-10066,,active,2026-07-10 16:04:01,not available,MANAGER720
EMP12942,harsh.sood79,Harsh Sood,people_team,Consultant,branch_office,VDR-12942,DEV-49902,active,2023/06/07,not available,manager400
EMP12072,vrinda_sankar60,Vrinda Sankar,innovation,Engineer,,WS-12072,DEV47990,active,01-Mar-2020 18:31:21,NA,manager367
EMP12192,  raksha.narain66  ,Raksha Narain,marketing,Officer,regional_office,WS-12192,DEV-91539,active,2023-08-15T05:54:50,NA,
EMP10536,  leela.ganesh78  ,Leela Ganesh,information_technology,Director,data_center,VDR-10536,dev 96006,open,2026/01/19,not available,
EMP10125,bishakha.varkey39,Bishakha Varkey,legal,Manager,branch_office,LPT-10125,DEV14877,active,2024-03-10 12:45:14,NA,manager340
EMP12133,kashvi_badal46,Kashvi Badal,customer_support,Officer,regional_office,LPT-12133,DEV84853,on_leave,23-Apr-2024 17:19:31,NA,MANAGER111
EMP11254,siddharth.chadha92,Siddharth Chadha,human_resources,Consultant,warehouse,LPT-11254,DEV-96439,active,01/10/2021 16:21,not available,manager176
EMP12560,pooja.jani40,Pooja Jani,research_development,Administrator,,VDR-12560,DEV-40241,active,04-Aug-2025 07:30:30,,manager190
EMP11976,jacob.viswanathan28,Jacob Viswanathan,sales_team,Consultant,warehouse,VDR-11976,DEV26270,open,1756890160,,manager807
EMP12536,ojasvi.varkey76,Ojasvi Varkey,brand_team,Manager,,LPT-12536,DEV30913,active,,,unknown
EMP12398,ADVAY.KARI24,Advay Kari,marketing,Analyst,data_center,WS-12398,dev 93862,open,07-25-2024 08:25:09 PM,NA,unknown
EMP12075,balendra.sathe86,Balendra Sathe,procurement,Trainee,work_from_home,VDR-12075,dev75234,open,2021/10/27,NA,manager937
EMP10484,amol.natt81,Amol Natt,supply_chain,Administrator,data_center,VDR-10484,DEV-82110,active,07-Jan-2026 16:33:42,not available,manager325
EMP11654,rachita.nagi61,Rachita Nagi,human_resources,Officer,,WS-11654,,terminated,2025-04-21 10:41:40,2025-09-23T07:57:41,MANAGER664
EMP12758,chasmum.vig85,Chasmum Vig,finance,Administrator,,VDR-12758,dev 59012,active,27-Jan-2025 18:59:47,NA,  manager192  
EMP12337,yashica.kata81,Yashica Kata,accounts,Executive,regional_office,WS-12337,DEV-63087,active,22/07/2021,not available,NA
EMP12477,mitali.madan32,Mitali Madan,procurement,Consultant,warehouse,WS-12477,DEV98487,open,,NA,
EMP11774,oliver.gokhale61,Oliver Gokhale,customer_support,Trainee,,VDR-11774,,active,,NA,manager776
EMP10918,,Isha Vyas,operations,Consultant,head_office,WS-10918,dev79178,open,2021/04/01,NA,MANAGER556
EMP11646,fariq.bajwa50,Fariq Bajwa,procurement,Manager,work_from_home,LPT-11646,dev92350,active,2024/08/22,NA,manager764
EMP11026,  daksha.narasimhan92  ,Daksha Narasimhan,information_technology,Officer,branch_office,WS-11026,dev16259,inactive,12/06/2024 12:20,2024-11-19T04:45:26,manager415
EMP11030,saanvi.srinivasan42,Saanvi Srinivasan,customer_support,Engineer,warehouse,,DEV-81002,active,2023-08-22T09:04:03,,manager318
EMP10882,mason.varghese84,Mason Varghese,finance,Manager,remote,WS-10882,dev66670,active,1661078985,,NA
EMP11335,warda.ghose34,Warda Ghose,procurement,Engineer,work_from_home,LPT-11335,dev54688,active,15/04/2025 00:40,not available,manager537
EMP12290,qadim.bedi12,Qadim Bedi,legal,Manager,,WS-12290,DEV59560,on_leave,06/05/2020,not available,  manager867  
EMP10364,brijesh.golla51,Brijesh Golla,human_resources,Specialist,warehouse,LPT-10364,,active,10/02/2021 02:18,not available,manager367
EMP12125,hemal.deo32,Hemal Deo,sales_team,Executive,,WS-12125,DEV67264,active,,NA,manager627
EMP10027,yahvi.tank8,Yahvi Tank,finance,Director,head_office,WS-10027,DEV-44760,terminated,14/11/2023,,manager598
EMP10473,zarna.lalla38,Zarna Lalla,operations,Executive,regional_office,VDR-10473,dev 33306,active,2025-11-27T03:39:11,not available,
EMP10525,sachi.sinha77,Sachi Sinha,information_technology,Officer,,LPT-10525,dev 22214,active,2021/02/08,not available,
EMP10725,tanveer.bhavsar20,Tanveer Bhavsar,information_technology,Analyst,regional_office,WS-10725,,active,2022-10-21T17:58:18,,
EMP10055,joshua_gera72,Joshua Gera,sales,Manager,data_center,LPT-10055,dev70901,active,02/10/2024,not available,manager873
EMP10638,onkar.vohra62,Onkar Vohra,finance,Officer,,VDR-10638,dev 71441,open,2023/03/07,NA,manager496
EMP10302,harrison_ramakrishnan69,Harrison Ramakrishnan,call_center,Director,warehouse,LPT-10302,dev 57124,open,2024-07-26T02:36:43,,manager187
EMP12688,jackson.parmer60,Jackson Parmer,finance,Administrator,data_center,,dev26626,active,1776814312,NA,manager234
EMP11276,TRIPTI.CHERIAN81,Tripti Cherian,call_center,Trainee,warehouse,LPT-11276,dev44774,terminated,,,manager527
EMP12717,  amara.ratti2  ,Amara Ratti,finance,Consultant,work_from_home,WS-12717,dev80263,active,,,manager879
EMP10624,sachi.pradhan19,Sachi Pradhan,information_technology,Director,warehouse,VDR-10624,dev 79048,active,13/06/2021,not available,manager305
EMP12055,ikbal.lanka15,Ikbal Lanka,operations_dept,Consultant,,LPT-12055,,active,01/02/2024,NA,manager308
EMP11280,  forum.saran38  ,Forum Saran,information_technology,Trainee,head_office,LPT-11280,,inactive,18/01/2021,2023-08-26 15:44:30,MANAGER460
EMP11049,qushi.acharya51,Qushi Acharya,operations,Director,,WS-11049,DEV94023,on_leave,2020-08-09 07:37:06,NA,manager139
EMP10336,umang.radhakrishnan12,Umang Radhakrishnan,human_resources,Analyst,branch_office,WS-10336,,active,03/12/2021 18:00,NA,manager555
EMP10047,neel.acharya69,Neel Acharya,sales_dept,Consultant,data_center,LPT-10047,DEV97062,on_leave,20-Apr-2025 01:50:06,25/07/2025,manager407
EMP10106,charles.sharaf84,Charles Sharaf,finance,Trainee,head_office,LPT-10106,dev 75836,on_leave,2022-10-28 11:19:09,not available,
EMP11079,  teerth.andra51  ,Teerth Andra,information_technology,Officer,work_from_home,WS-11079,dev51409,open,1657514764,,
EMP12286,nachiket.tripathi90,Nachiket Tripathi,human_resources,Engineer,remote,VDR-12286,DEV35423,active,17/06/2026,NA,  manager195  
EMP12261,bhavya.borah17,Bhavya Borah,sales_team,Engineer,warehouse,WS-12261,dev50207,active,10/03/2023,not available,unknown
EMP11144,lohit.sandhu68,Lohit Sandhu,cs,Analyst,branch_office,VDR-11144,dev45933,open,04-Feb-2021 14:02:01,NA,MANAGER679
EMP12458,pavani.kara6,Pavani Kara,legal,Director,remote,VDR-12458,DEV88882,terminated,,2021/09/04,manager953
EMP12296,,Eesha Nayak,marketing_dept,Administrator,regional_office,,,on_leave,2023-05-01 09:34:01,,unknown
EMP11836,siya.om16,Siya Om,marketing,Engineer,data_center,WS-11836,DEV-61949,active,,,manager340
EMP11753,anay_sen58,Anay Sen,sales_dept,Specialist,data_center,LPT-11753,dev 11349,open,2025-01-17 17:16:41,,
EMP11101,harsh_dass6,Harsh Dass,sales,Analyst,branch_office,LPT-11101,dev49283,inactive,,not available,manager321
EMP11968,  ojasvi.keer69  ,Ojasvi Keer,legal,Analyst,work_from_home,WS-11968,DEV-92638,active,1668431568,,manager504
EMP10523,  naveen.bakshi88  ,Naveen Bakshi,operations,Trainee,warehouse,VDR-10523,dev 19023,open,,NA,
EMP12280,viraj.tripathi85,Viraj Tripathi,human_resources,Officer,branch_office,LPT-12280,,active,16-Jun-2020 16:37:07,not available,manager318
EMP11428,vidhi.gulati52,Vidhi Gulati,compliance,Analyst,head_office,LPT-11428,dev75735,open,2022-04-08 09:48:57,not available,manager554
EMP12687,garima.narasimhan13,Garima Narasimhan,supply_chain,Manager,remote,LPT-12687,,blocked,2024-05-26 13:59:00,,
EMP10603,jatin.baral71,Jatin Baral,legal,Officer,,VDR-10603,,active,06/02/2025 20:57,NA,manager460
EMP11489,anya.gandhi42,Anya Gandhi,finance,Administrator,head_office,LPT-11489,DEV37132,active,,not available,manager717
EMP12423,prisha.mahal39,Prisha Mahal,information_technology,Manager,work_from_home,VDR-12423,dev 24383,open,2022-03-25 10:51:51,not available,manager159
EMP10060,aarna.gera50,Aarna Gera,procurement,Analyst,work_from_home,VDR-10060,dev 59857,active,2022-12-28T21:02:15,NA,manager499
EMP12832,mason.raman91,Mason Raman,legal,Administrator,regional_office,,DEV57889,active,10-13-2025 05:10:35 PM,NA,unknown
EMP10671,,Harinakshi Mukhopadhyay,human_resources,Consultant,work_from_home,LPT-10671,DEV36489,on_leave,2023/10/10,2025-10-29 13:10:57,
EMP10092,DAKSHESH.RAMAKRISHNAN56,Dakshesh Ramakrishnan,operations,Specialist,remote,LPT-10092,dev21970,active,,,unknown
EMP10666,vinaya.mutti83,Vinaya Mutti,finance,Trainee,,VDR-10666,dev70374,on_leave,,NA,manager933
EMP11887,chavvi.bakshi90,Chavvi Bakshi,people_team,Analyst,data_center,LPT-11887,DEV-26601,active,2025-10-21 07:01:12,NA,manager517
EMP10280,naksh.wali11,Naksh Wali,information_technology,Manager,data_center,WS-10280,DEV-59436,active,2020-06-23T08:13:58,NA,manager819
EMP11719,jack_solanki21,Jack Solanki,sales_dept,Specialist,remote,WS-11719,DEV35660,active,19/03/2022 20:29,,  manager766  
EMP10359,vidhi.saini39,Vidhi Saini,procurement,Engineer,,WS-10359,DEV-87554,on_leave,2026-07-28 10:13:13,NA,NA
EMP10899,raagini.anne95,Raagini Anne,procurement,Specialist,regional_office,VDR-10899,dev 48112,active,26-May-2023 18:19:43,not available,  manager705  
EMP11935,pooja.sinha70,Pooja Sinha,finance,Specialist,,VDR-11935,DEV80780,open,03-05-2024 09:59:29 PM,,manager886
EMP11994,gavin_bakshi66,Gavin Bakshi,legal,Specialist,,WS-11994,,on_leave,2020-12-28 20:02:31,NA,unknown
EMP12384,pushti_choudhary19,Pushti Choudhary,procurement,Administrator,data_center,VDR-12384,dev16569,open,2025-07-24T08:14:53,not available,manager778
EMP10760,yahvi.chhabra59,Yahvi Chhabra,procurement,Specialist,head_office,WS-10760,DEV70786,active,,not available,manager908
EMP12158,TIMOTHY.SAHNI34,Timothy Sahni,operations,Analyst,head_office,LPT-12158,dev 90438,active,2025-02-04 08:44:25,not available,MANAGER159
EMP12703,  viraj.handa92  ,Viraj Handa,sales_dept,Specialist,head_office,LPT-12703,DEV-21062,active,2022-02-02 02:01:58,,manager305
EMP10042,mahika.pillay53,Mahika Pillay,sales,Administrator,,VDR-10042,DEV-24168,active,30/04/2020,not available,
EMP12173,yashica.seth2,Yashica Seth,people_team,Trainee,warehouse,VDR-12173,dev61915,active,03-16-2024 11:08:37 AM,,NA
EMP10204,zaitra_cherian56,Zaitra Cherian,customer_care,Analyst,,LPT-10204,DEV-77908,active,26/05/2021,not available,manager826
EMP11473,qushi.peri94,Qushi Peri,procurement,Trainee,,WS-11473,DEV93200,active,1723183304,NA,MANAGER671
EMP12100,abdul.narain72,Abdul Narain,research_development,Administrator,head_office,LPT-12100,dev88520,active,,,manager187
EMP10068,  bahadurjit.ganesan51  ,Bahadurjit Ganesan,sales,Manager,warehouse,VDR-10068,DEV92213,open,1764988121,,NA
EMP11875,chakrika.chacko84,Chakrika Chacko,operations,Director,regional_office,LPT-11875,DEV-51309,terminated,21/09/2020,,manager674
EMP12451,prisha.chhabra98,Prisha Chhabra,procurement,Director,data_center,VDR-12451,,active,2023/09/22,not available,MANAGER505
EMP12231,  bhavika.kala57  ,Bhavika Kala,information_technology,Specialist,branch_office,LPT-12231,,active,08/08/2020 05:12,NA,unknown
EMP10137,varsha.prabhakar82,Varsha Prabhakar,procurement,Officer,regional_office,WS-10137,DEV-59925,on_leave,2024/07/06,not available,  manager617  
EMP10796,  veer.singh70  ,Veer Singh,operations,Consultant,work_from_home,VDR-10796,,active,08/12/2025 12:13,NA,manager198
EMP12180,ANIKA.GILL48,Anika Gill,marketing,Trainee,remote,VDR-12180,,terminated,,19/04/2022 15:30,manager830
EMP12128,anthony.cheema70,Anthony Cheema,finance,Manager,head_office,WS-12128,,inactive,2025-08-14 21:32:04,1756127502,manager776
EMP10758,  vedika.sagar58  ,Vedika Sagar,research_development,Engineer,head_office,VDR-10758,,active,2023-06-17 07:38:29,not available,
EMP10541,bhanumati.walla25,Bhanumati Walla,research_development,Director,warehouse,LPT-10541,dev44223,open,21-Apr-2024 19:50:55,,manager174
EMP11019,  rudra.sood69  ,Rudra Sood,marketing,Manager,regional_office,VDR-11019,DEV-38476,terminated,2023/07/01,,manager477
EMP12360,WARINDER.KUNDA5,Warinder Kunda,information_technology,Director,branch_office,,DEV-51252,active,,not available,manager702
EMP10165,LEELA.SANKARAN44,Leela Sankaran,procurement,Analyst,work_from_home,VDR-10165,DEV94843,active,21-Oct-2022 07:31:29,not available,manager794
EMP10248,yachana.sharaf71,Yachana Sharaf,customer_care,Engineer,,VDR-10248,dev29641,active,1717514918,,manager796
EMP11331,harshil_seshadri19,Harshil Seshadri,information_technology,Engineer,regional_office,WS-11331,DEV-95184,active,20/12/2020 22:15,not available,manager956
EMP12017,abdul.anne24,Abdul Anne,sales_dept,Consultant,remote,VDR-12017,dev 30868,active,1683427702,NA,
EMP10446,arunima.ramaswamy21,Arunima Ramaswamy,information_technology,Officer,data_center,LPT-10446,,open,2020-01-09 12:09:36,NA,MANAGER191
EMP11358,lavanya.pillai59,Lavanya Pillai,information_technology,Executive,,WS-11358,dev44521,active,,not available,
EMP12145,ekanta.ganguly29,Ekanta Ganguly,brand_team,Officer,data_center,VDR-12145,dev75773,active,,not available,NA
EMP11329,udarsh.bali65,Udarsh Bali,human_resources,Analyst,remote,WS-11329,dev91509,open,31-Aug-2020 17:21:49,,MANAGER240
EMP12996,pushti.pillay28,Pushti Pillay,innovation,Director,work_from_home,WS-12996,DEV-96086,inactive,,2025-12-09T05:33:54,MANAGER945
EMP12150,ekta.pall13,Ekta Pall,legal,Consultant,work_from_home,VDR-12150,dev 12874,terminated,24-Jan-2023 11:07:19,NA,manager409
EMP10434,wyatt.narang58,Wyatt Narang,marketing_dept,Engineer,work_from_home,LPT-10434,dev85534,open,,,
EMP12122,barkha.saini77,Barkha Saini,research_development,Director,work_from_home,VDR-12122,,on_leave,07/06/2025 22:27,NA,
EMP10577,divya.lalla88,Divya Lalla,mktg,Administrator,regional_office,VDR-10577,,inactive,2023-07-06 20:20:41,21/10/2023,MANAGER396
EMP12463,daksha_dube52,Daksha Dube,human_resources,Specialist,work_from_home,VDR-12463,dev 56647,open,2020-02-23T17:02:29,,NA
EMP10291,upasna_krishnamurthy12,Upasna Krishnamurthy,finance,Director,data_center,VDR-10291,DEV82710,active,2020/11/16,not available,MANAGER462
EMP11848,dev.nath83,Dev Nath,cs,Specialist,,VDR-11848,DEV37495,terminated,2025-07-31 16:27:05,2025/11/30,manager453
EMP10762,quincy.choudhary38,Quincy Choudhary,legal,Administrator,regional_office,VDR-10762,dev 81098,active,1633442245,not available,NA
EMP10388,kamala.kar94,Kamala Kar,information_technology,Specialist,data_center,VDR-10388,dev 14244,active,,not available,unknown
EMP10235,zayan.sarin92,Zayan Sarin,innovation,Manager,regional_office,LPT-10235,dev10679,on_leave,05/05/2021 16:56,,manager999
EMP12685,eshana.pant35,Eshana Pant,operations,Executive,,LPT-12685,DEV-35041,active,2020-11-25 00:04:58,NA,MANAGER807
EMP11984,imaran.sankar8,Imaran Sankar,legal,Specialist,regional_office,LPT-11984,DEV83126,active,2023-05-21T12:34:03,,manager568
EMP10267,rohan.swaminathan95,Rohan Swaminathan,people_team,Trainee,branch_office,VDR-10267,,active,2023-05-17 07:01:46,,NA
EMP10770,ryan.goel27,Ryan Goel,support,Analyst,remote,WS-10770,DEV-99443,active,02-14-2021 04:40:26 AM,NA,MANAGER530
EMP12165,samesh.gopal34,Samesh Gopal,finance,Analyst,work_from_home,WS-12165,dev51254,open,2023-02-05 11:47:22,not available,MANAGER553
EMP10437,wazir.parikh32,Wazir Parikh,sales,Consultant,remote,LPT-10437,dev23462,active,2025-01-02 22:28:04,NA,manager166
EMP10673,robert.bandi13,Robert Bandi,support,Executive,branch_office,VDR-10673,dev14791,open,2026-01-26 07:38:35,NA,NA
EMP10249,vasatika.loke27,Vasatika Loke,procurement,Trainee,,VDR-10249,DEV-68390,inactive,,2025-08-16T02:30:49,  manager159  
EMP12201,,Jai Chander,innovation,Director,head_office,LPT-12201,DEV-81793,active,07-06-2022 11:58:02 PM,NA,manager492
EMP11574,rajata.comar45,Rajata Comar,human_resources,Engineer,remote,LPT-11574,dev 62617,active,1776386422,NA,manager788
EMP12142,onveer.bumb55,Onveer Bumb,information_technology,Administrator,,,,active,1697007762,NA,manager674
EMP12081,jeevika.bajwa97,Jeevika Bajwa,information_technology,Engineer,,WS-12081,dev 49597,active,1681949790,not available,manager934
EMP12698,amol.gole85,Amol Gole,legal,Executive,work_from_home,WS-12698,dev 68618,open,01-Jul-2023 12:29:09,not available,manager878
EMP12647,ayush.tiwari76,Ayush Tiwari,sales,Executive,head_office,VDR-12647,dev53857,inactive,2022/01/01,2024/12/13,
EMP12822,NEELIMA.VERMA76,Neelima Verma,finance,Analyst,remote,WS-12822,,on_leave,24/05/2022,,manager437
EMP10448,nikita.gala83,Nikita Gala,sales_dept,Trainee,remote,WS-10448,,open,26/06/2021 18:42,,
EMP11469,janya.ganesh32,Janya Ganesh,information_technology,Consultant,warehouse,WS-11469,dev38207,open,09-19-2023 01:01:41 PM,NA,manager805
EMP10716,orinder.pal67,Orinder Pal,operations,Executive,remote,VDR-10716,dev 11386,active,30/07/2020 02:51,not available,  manager200  
EMP12470,saanvi.manda62,Saanvi Manda,finance,Consultant,data_center,LPT-12470,dev 34148,terminated,1626369941,2021-08-09 07:34:06,manager320
EMP12985,,Champak Batra,information_technology,Trainee,work_from_home,LPT-12985,DEV-72126,active,2020-07-02 02:11:36,NA,MANAGER270
EMP12048,lopa.dewan97,Lopa Dewan,research_development,Analyst,remote,WS-12048,dev27009,active,1715881283,NA,  manager977  
EMP11901,RADHA.ACHARYA83,Radha Acharya,research_development,Director,,VDR-11901,dev76807,active,25/03/2021 13:01,NA,manager838
EMP11168,daksh.maharaj17,Daksh Maharaj,accounts,Director,,WS-11168,,active,11-24-2025 09:12:17 AM,NA,NA
EMP10082,gabriel.tailor63,Gabriel Tailor,human_resources,Analyst,warehouse,WS-10082,DEV71524,open,24-Nov-2022 12:52:33,not available,manager152
EMP12497,ethan.dave63,Ethan Dave,operations,Specialist,remote,VDR-12497,dev 26569,terminated,2026/04/23,,manager246
EMP11460,meera.ranganathan94,Meera Ranganathan,innovation,Director,head_office,WS-11460,DEV46924,active,1709268546,NA,manager151
EMP11893,damyanti.sha10,Damyanti Sha,legal,Executive,branch_office,WS-11893,,open,18/07/2025,not available,MANAGER213
EMP11668,jeremiah.salvi4,Jeremiah Salvi,research_development,Consultant,,LPT-11668,dev 95118,active,10/08/2022 16:26,not available,manager543
EMP12000,indali.korpal18,Indali Korpal,legal,Director,regional_office,,DEV-88159,open,2020/03/01,,manager194
EMP10475,nachiket.bhatia55,Nachiket Bhatia,information_technology,Officer,head_office,LPT-10475,,open,2025-09-13T09:46:26,not available,MANAGER373
EMP10517,rishi.tiwari28,Rishi Tiwari,finance,Executive,branch_office,WS-10517,,open,,not available,manager524
EMP10404,yochana.kannan92,Yochana Kannan,information_technology,Officer,warehouse,VDR-10404,,active,2025-04-11T02:54:57,,manager875
EMP10384,,Aradhana Shankar,accounts,Consultant,regional_office,LPT-10384,DEV52413,active,,not available,manager245
EMP12507,ANUSHA.DOSHI69,Anusha Doshi,information_technology,Trainee,regional_office,LPT-12507,dev 97678,open,2021-01-28 03:14:50,not available,manager120
EMP12152,suhani.sinha90,Suhani Sinha,brand_team,Administrator,head_office,VDR-12152,dev64577,active,15/07/2020 07:00,NA,manager858
EMP11633,nakul.sodhi53,Nakul Sodhi,information_technology,Director,work_from_home,WS-11633,DEV59431,active,2021/08/11,NA,unknown
EMP12944,SAI.BARAD47,Sai Barad,legal,Administrator,branch_office,WS-12944,dev 16887,open,1680843565,not available,manager869
EMP10688,keya.solanki95,Keya Solanki,procurement,Trainee,,VDR-10688,dev88128,open,2024-09-20T14:20:21,NA,manager555
EMP11240,MEKHALA.SHENOY46,Mekhala Shenoy,sales,Manager,branch_office,VDR-11240,dev58714,active,09-03-2022 11:18:27 PM,NA,manager426
EMP10062,,Samesh Mitra,operations_dept,Director,,LPT-10062,dev71261,terminated,04-17-2025 06:50:31 AM,17-Feb-2026 07:54:42,manager778
EMP10852,janani_sen81,Janani Sen,operations_dept,Director,,LPT-10852,dev 45918,terminated,07/03/2024,09/12/2025 03:30,
EMP12834,FALAN.SURI68,Falan Suri,procurement,Officer,data_center,WS-12834,dev 49366,inactive,06-11-2023 02:20:08 AM,08/04/2025,manager226
EMP12552,pooja.suresh19,Pooja Suresh,operations,Executive,branch_office,VDR-12552,dev 45373,active,2021/03/16,not available,
EMP11262,  devansh.ganguly55  ,Devansh Ganguly,sales,Administrator,branch_office,WS-11262,,active,,NA,  manager631  
EMP10223,,Zinal Hari,operations,Consultant,regional_office,LPT-10223,dev64596,active,03-03-2026 12:05:34 PM,,unknown
EMP12193,raagini.palla68,Raagini Palla,customer_support,Executive,work_from_home,VDR-12193,DEV-88492,active,1662260309,not available,manager819
EMP10373,teerth.sandal43,Teerth Sandal,people_team,Analyst,data_center,LPT-10373,,terminated,07/09/2023 18:28,2025-05-13 09:05:54,manager491
EMP11824,PRANAV.KUNDA94,Pranav Kunda,procurement,Officer,head_office,LPT-11824,,active,2026-01-28T03:55:07,not available,manager839
EMP12614,anusha.bhargava60,Anusha Bhargava,customer_care,Consultant,work_from_home,,dev 11235,open,27/08/2020 08:37,,manager548
EMP12955,eiravati.mammen11,Eiravati Mammen,marketing_dept,Engineer,warehouse,LPT-12955,DEV52542,active,2020-07-20 17:00:12,,manager543
EMP12676,urvashi.suri76,Urvashi Suri,compliance,Executive,,VDR-12676,,active,05-08-2026 04:06:07 PM,,manager760
EMP12766,aayush.sharaf53,Aayush Sharaf,brand_team,Specialist,head_office,LPT-12766,dev58867,open,27-Oct-2024 10:40:41,NA,
EMP10009,waida.tandon82,Waida Tandon,customer_care,Engineer,regional_office,WS-10009,,active,2020-04-09T17:34:02,NA,NA
EMP11944,logan.shroff83,Logan Shroff,finance,Officer,data_center,WS-11944,dev42638,open,2023-03-20 16:16:42,not available,  manager292  
EMP11838,yamini.ghose11,Yamini Ghose,human_resources,Manager,head_office,VDR-11838,dev11112,active,1692872833,NA,manager194
EMP10708,krisha.dugar95,Krisha Dugar,finance,Trainee,remote,LPT-10708,DEV-44242,inactive,2022-01-03T20:02:29,1782810015,NA
EMP10255,jonathan.sem1,Jonathan Sem,information_technology,Administrator,data_center,VDR-10255,dev 81361,active,24-Mar-2023 08:54:11,,unknown
EMP11617,RYAN.SARIN13,Ryan Sarin,finance,Specialist,remote,VDR-11617,DEV-33190,terminated,03-Jan-2026 14:34:59,2026-03-13 12:55:42,manager933
EMP10389,manbir.toor79,Manbir Toor,sales,Specialist,head_office,WS-10389,DEV-28434,open,29/08/2020 17:41,NA,MANAGER427
EMP11581,ONKAR.MITAL36,Onkar Mital,mktg,Administrator,regional_office,VDR-11581,dev 53100,active,2022/02/19,not available,unknown
EMP10924,noah.ranganathan16,Noah Ranganathan,research_development,Administrator,,VDR-10924,dev 10683,open,,NA,NA
EMP12036,inaya.arya14,Inaya Arya,operations_dept,Director,,WS-12036,DEV-20434,active,15/10/2022,not available,
EMP12475,KABIR.JOSHI32,Kabir Joshi,compliance,Executive,regional_office,LPT-12475,dev 21980,terminated,30-Jul-2020 05:39:41,not available,NA
EMP11224,chatresh.upadhyay99,Chatresh Upadhyay,supply_chain,Executive,,VDR-11224,DEV81260,terminated,2020/09/01,19/11/2020 07:27,manager233
EMP11946,laban.mani87,Laban Mani,mktg,Executive,warehouse,VDR-11946,dev94565,active,2026-03-19 17:53:18,,manager404
EMP10739,bhavna_bhalla19,Bhavna Bhalla,legal,Executive,regional_office,WS-10739,dev 82536,active,01-26-2022 11:27:30 PM,,
EMP10040,kevin.tara47,Kevin Tara,information_technology,Consultant,branch_office,VDR-10040,DEV-42706,active,03/01/2023,NA,NA
EMP10868,  raghav.kannan72  ,Raghav Kannan,information_technology,Specialist,branch_office,WS-10868,dev32264,open,,NA,NA
EMP10539,  varsha.gera12  ,Varsha Gera,marketing_dept,Director,remote,VDR-10539,,open,1631607209,NA,manager854
EMP12587,charvi.bhavsar17,Charvi Bhavsar,support,Engineer,warehouse,LPT-12587,dev 70067,active,2020-10-05 18:50:01,NA,  manager863  
EMP11371,chanakya.sharaf74,Chanakya Sharaf,legal,Trainee,warehouse,LPT-11371,DEV69486,open,2020-12-06 13:28:39,NA,manager965
EMP11145,  sathvik.krishnamurthy8  ,Sathvik Krishnamurthy,sales_team,Director,data_center,VDR-11145,,on_leave,08-20-2020 11:19:34 PM,12-20-2024 05:52:25 AM,manager898
EMP11031,samuel.hari14,Samuel Hari,operations,Consultant,branch_office,LPT-11031,DEV62709,active,2020-02-07 05:23:46,,manager569
EMP10372,MADHAV.SOOD34,Madhav Sood,people_team,Analyst,head_office,LPT-10372,DEV-94670,active,1612409018,NA,manager967
EMP10667,nathaniel.dhaliwal53,Nathaniel Dhaliwal,information_technology,Officer,remote,VDR-10667,DEV-98892,open,,not available,manager691
EMP10357,bahadurjit.hegde65,Bahadurjit Hegde,information_technology,Executive,branch_office,VDR-10357,DEV-16019,on_leave,02/08/2020 03:31,,unknown
EMP10967,ikshita.luthra93,Ikshita Luthra,sales_dept,Analyst,remote,WS-10967,dev 79784,active,17/01/2020 00:42,NA,manager442
EMP11353,anamika.morar74,Anamika Morar,marketing,Engineer,,LPT-11353,dev57443,active,2022-09-05 02:24:36,not available,  manager218  
EMP11035,umang.dugal86,Umang Dugal,research_development,Manager,remote,LPT-11035,DEV89761,terminated,26-Oct-2023 17:16:20,17/07/2026,MANAGER615
EMP10470,noah.lad77,Noah Lad,supply_chain,Consultant,,WS-10470,DEV64875,on_leave,21/11/2025 13:42,not available,unknown
EMP11396,victor.ratta94,Victor Ratta,legal,Consultant,,VDR-11396,dev 24195,open,2024-11-30 09:49:03,,
EMP12705,aarush.mani1,Aarush Mani,information_technology,Director,head_office,VDR-12705,dev28817,open,2025-08-09 16:15:23,,manager509
EMP11549,  nidhi.chada17  ,Nidhi Chada,customer_care,Executive,branch_office,VDR-11549,,active,09/07/2020 02:01,NA,manager314
EMP11256,odika.ray44,Odika Ray,sales_dept,Specialist,work_from_home,VDR-11256,,inactive,20-Jun-2026 18:05:30,NA,  manager771  
EMP12094,gautam.samra20,Gautam Samra,procurement,Administrator,data_center,LPT-12094,,inactive,11/01/2025 10:04,10-23-2025 06:21:39 AM,unknown
EMP11555,urmi.master69,Urmi Master,research_development,Executive,work_from_home,VDR-11555,dev93473,open,2024-01-19 15:17:13,NA,manager363
EMP12668,manya.chaudry96,Manya Chaudry,procurement,Consultant,head_office,WS-12668,DEV10074,open,23-Aug-2024 18:31:18,,manager935
EMP11250,triya.venkataraman48,Triya Venkataraman,customer_care,Analyst,regional_office,,dev 44037,terminated,1589399974,2022-12-15T05:30:24,MANAGER437
EMP11699,VANSHA.MANI80,Vansha Mani,operations,Manager,,WS-11699,DEV70645,active,11/03/2026 06:42,,MANAGER560
EMP11252,zayan.bhalla97,Zayan Bhalla,procurement,Director,regional_office,WS-11252,dev 97586,active,,NA,manager589
EMP12865,  frederick.sama65  ,Frederick Sama,innovation,Manager,work_from_home,VDR-12865,,active,1612402661,NA,manager638
EMP10079,reyansh.chauhan69,Reyansh Chauhan,finance,Engineer,branch_office,VDR-10079,DEV73464,active,2025-01-05 18:47:09,,NA
EMP11172,victor.khalsa18,Victor Khalsa,human_resources,Analyst,remote,WS-11172,,open,23-Mar-2021 19:52:31,NA,unknown
EMP10814,jagdish.soman87,Jagdish Soman,human_resources,Manager,branch_office,WS-10814,dev 62510,active,2020/11/12,,manager272
EMP11852,kevin.pillai31,Kevin Pillai,support,Specialist,data_center,WS-11852,dev 36510,active,22-Jul-2023 06:39:36,NA,manager109
EMP12220,adweta.rastogi43,Adweta Rastogi,call_center,Specialist,head_office,WS-12220,dev16998,blocked,2022/04/01,05-13-2025 06:00:16 PM,manager235
EMP12710,samar.modi39,Samar Modi,finance,Engineer,regional_office,LPT-12710,dev60998,active,06-12-2022 08:52:18 PM,not available,manager866
EMP12105,,Jatin Khare,operations,Administrator,,LPT-12105,DEV-42256,active,26/11/2020 15:37,NA,manager929
EMP10133,liam.kunda31,Liam Kunda,procurement,Consultant,head_office,LPT-10133,dev 44782,active,04-23-2026 10:30:25 AM,NA,manager216
EMP11140,anusha.roy27,Anusha Roy,procurement,Director,head_office,LPT-11140,DEV-27102,active,12-Feb-2025 20:04:47,,manager700
EMP10933,saksham.balay20,Saksham Balay,human_resources,Consultant,remote,WS-10933,dev 49748,active,2020-03-27 22:10:28,,NA
EMP10928,baljiwan_das61,Baljiwan Das,sales_dept,Trainee,,WS-10928,,active,01-Jan-2025 14:18:46,NA,manager897
EMP10823,kala.parikh22,Kala Parikh,research_development,Director,branch_office,WS-10823,DEV60997,active,2020-12-05T20:06:45,,manager602
EMP11531,lakshit.barad43,Lakshit Barad,sales,Administrator,,VDR-11531,,active,18/06/2025,,manager505
EMP11214,frado.toor13,Frado Toor,human_resources,Manager,head_office,VDR-11214,dev12153,active,01/07/2023,,manager867
EMP10504,harsh.kapadia89,Harsh Kapadia,procurement,Executive,warehouse,VDR-10504,DEV-57774,blocked,1692809690,2024/12/22,manager326
EMP10152,finn.vig49,Finn Vig,support,Engineer,warehouse,VDR-10152,DEV-97562,inactive,2020/08/11,,manager570
EMP12395,alexander.vohra99,Alexander Vohra,information_technology,Manager,,VDR-12395,dev 31370,on_leave,2025-08-18 12:08:17,not available,NA
EMP11996,harshil.chana4,Harshil Chana,information_technology,Manager,data_center,,DEV17338,open,17/05/2022,not available,manager744
EMP12434,radha.arya51,Radha Arya,sales,Manager,,WS-12434,,open,11-Jul-2021 13:32:23,,manager642
EMP11958,,Vanya Parekh,human_resources,Manager,work_from_home,VDR-11958,DEV76176,open,10-14-2022 07:46:31 AM,NA,
EMP11384,daniel_bains55,Daniel Bains,compliance,Administrator,head_office,WS-11384,DEV73636,active,1669062323,NA,manager146
EMP10894,balhaar.shukla89,Balhaar Shukla,compliance,Administrator,head_office,LPT-10894,dev 27709,open,1607878083,not available,NA
EMP10828,vincent.anne76,Vincent Anne,human_resources,Manager,work_from_home,WS-10828,dev25003,active,,not available,MANAGER138
EMP11411,zaid.raval52,Zaid Raval,brand_team,Officer,warehouse,VDR-11411,DEV-96424,active,2025-01-15T06:22:35,NA,MANAGER848
EMP11683,maanav.venkatesh88,Maanav Venkatesh,marketing,Administrator,work_from_home,LPT-11683,,open,03-14-2024 01:34:18 PM,NA,manager850
EMP12653,andrew.sabharwal19,Andrew Sabharwal,research_development,Manager,head_office,LPT-12653,dev70920,inactive,2025-07-16T08:37:54,NA,manager223
EMP12637,ijaya.naik56,Ijaya Naik,operations,Administrator,data_center,WS-12637,,open,17-Jan-2023 14:05:55,not available,manager204
EMP12589,pratyush.pillay84,Pratyush Pillay,mktg,Officer,regional_office,WS-12589,DEV-11511,active,08-27-2023 01:08:00 AM,NA,  manager432  
EMP10652,ayush.srinivasan64,Ayush Srinivasan,cs,Analyst,warehouse,WS-10652,dev 41179,open,10/08/2025 21:41,NA,manager519
EMP10172,chakradhar.ravi22,Chakradhar Ravi,research_development,Analyst,data_center,WS-10172,DEV98652,open,2023-10-12 01:51:22,not available,  manager870  
EMP10038,GIRIK.PALLA99,Girik Palla,finance,Administrator,branch_office,VDR-10038,DEV67912,active,08-21-2023 06:38:52 PM,NA,manager214
EMP12946,  faris.khosla82  ,Faris Khosla,operations,Consultant,warehouse,LPT-12946,dev 93802,active,1761798060,,  manager971  
EMP10713,azaan.luthra2,Azaan Luthra,mktg,Trainee,data_center,VDR-10713,DEV51377,on_leave,10-22-2025 02:56:53 PM,NA,unknown
EMP10090,yashasvi.chacko19,Yashasvi Chacko,human_resources,Analyst,branch_office,WS-10090,,active,2024/11/03,,
EMP10393,aarini.deep10,Aarini Deep,information_technology,Administrator,head_office,WS-10393,dev 44226,on_leave,18/08/2020,not available,manager484
EMP11205,,Mitali Tandon,research_development,Trainee,warehouse,VDR-11205,DEV31061,on_leave,,not available,manager809
EMP12549,neel.chad33,Neel Chad,operations,Administrator,regional_office,WS-12549,DEV24663,on_leave,1607622221,NA,manager660
EMP12664,chanchal.chandran29,Chanchal Chandran,finance,Trainee,,LPT-12664,DEV-74652,active,2020-09-27 07:41:07,,manager686
EMP11827,aditya.krishnan20,Aditya Krishnan,legal,Officer,warehouse,WS-11827,dev37605,active,2020-07-24 18:20:14,,manager138
EMP11155,  andrew.sura23  ,Andrew Sura,sales_team,Specialist,data_center,VDR-11155,DEV33646,open,2020-03-06 09:24:03,not available,manager281
EMP11324,yash.rattan31,Yash Rattan,sales,Manager,warehouse,LPT-11324,DEV-39769,active,05-27-2026 03:36:59 AM,NA,
EMP10216,nitesh.devi69,Nitesh Devi,information_technology,Manager,data_center,LPT-10216,,open,01-Jul-2026 05:17:18,not available,manager146
EMP10510,waida.naik66,Waida Naik,human_resources,Director,remote,VDR-10510,DEV11388,open,1742665826,,manager875
EMP11680,WIDISHA.PARIKH34,Widisha Parikh,accounts,Officer,warehouse,LPT-11680,DEV26254,active,2020/08/23,NA,manager968
EMP10499,UMANG.HANS19,Umang Hans,human_resources,Analyst,,VDR-10499,DEV-88204,open,28-Aug-2024 02:27:23,,NA
EMP12555,fitan.dada61,Fitan Dada,legal,Manager,regional_office,WS-12555,,inactive,02-15-2026 02:00:40 PM,04-08-2026 02:23:24 PM,manager453
EMP11856,isha.nadkarni6,Isha Nadkarni,research_development,Specialist,warehouse,WS-11856,dev80620,on_leave,1700360505,not available,manager440
EMP11388,VICTOR.DANI26,Victor Dani,finance,Officer,,VDR-11388,,active,05-16-2021 11:10:02 AM,,unknown
EMP11519,jagvi.kar22,Jagvi Kar,finance,Specialist,regional_office,,,on_leave,1705014861,NA,manager907
EMP12386,diya.vala41,Diya Vala,information_technology,Executive,branch_office,VDR-12386,dev58052,terminated,05-22-2021 01:42:53 PM,22/02/2026,
EMP12804,libni.guha87,Libni Guha,human_resources,Specialist,regional_office,VDR-12804,DEV22144,active,,NA,NA
EMP12076,saumya.puri42,Saumya Puri,finance,Specialist,warehouse,VDR-12076,DEV41854,active,28/03/2020 05:40,not available,NA
EMP11540,daksh.ravel78,Daksh Ravel,information_technology,Executive,warehouse,WS-11540,DEV19078,active,06/09/2022,NA,NA
EMP11217,harinakshi.bhatia16,Harinakshi Bhatia,operations,Trainee,data_center,VDR-11217,DEV61879,open,2023/03/09,not available,
EMP11416,ria.khare57,Ria Khare,legal,Trainee,remote,WS-11416,dev75585,open,2022/01/18,NA,manager486
EMP12217,HIRAL.BOBAL16,Hiral Bobal,research_development,Trainee,,WS-12217,DEV21824,active,04-Mar-2021 15:46:11,NA,MANAGER494
EMP12596,HAMSINI.JAYARAMAN36,Hamsini Jayaraman,human_resources,Specialist,data_center,WS-12596,DEV-81536,open,1650196930,not available,NA
EMP11676,balhaar.swaminathan14,Balhaar Swaminathan,procurement,Manager,head_office,VDR-11676,DEV-28181,active,1778106850,not available,
EMP11197,oliver.venkataraman8,Oliver Venkataraman,sales_dept,Officer,,LPT-11197,dev 23801,active,1620304847,NA,  manager974  
EMP11542,warinder.thakur28,Warinder Thakur,operations,Analyst,branch_office,WS-11542,DEV26136,inactive,11/03/2023 10:31,10/05/2026 02:42,NA
EMP10953,laban.sankar95,Laban Sankar,customer_care,Specialist,head_office,WS-10953,DEV-21759,active,2021/01/17,not available,NA
EMP10750,wazir.bobal30,Wazir Bobal,people_team,Consultant,branch_office,LPT-10750,DEV41079,active,2021-09-13 05:47:15,,  manager325  
EMP10234,  kabir.dhawan31  ,Kabir Dhawan,sales,Analyst,regional_office,VDR-10234,,active,2020-06-12 02:01:14,NA,MANAGER438
EMP10732,PETER.KHATRI9,Peter Khatri,support,Administrator,data_center,VDR-10732,DEV-68891,on_leave,1582244050,not available,manager157
EMP10794,zashil.mistry18,Zashil Mistry,operations,Executive,,WS-10794,dev 57338,open,11/01/2023,NA,manager398
EMP11156,RIA.SRIVASTAVA51,Ria Srivastava,procurement,Engineer,head_office,LPT-11156,dev 19443,open,11-14-2023 05:03:37 PM,not available,NA
EMP12652,oliver.seshadri52,Oliver Seshadri,accounts,Trainee,regional_office,LPT-12652,DEV33627,active,01/07/2021 00:15,,manager758
EMP12445,madhavi.pandya32,Madhavi Pandya,human_resources,Specialist,branch_office,WS-12445,DEV89521,open,06-27-2023 01:17:27 AM,not available,manager615
EMP11209,oscar.bumb13,Oscar Bumb,information_technology,Engineer,regional_office,LPT-11209,dev65073,open,2021/05/31,not available,manager321
EMP11065,benjamin.toor48,Benjamin Toor,operations_dept,Consultant,work_from_home,LPT-11065,dev57344,active,21/03/2023 18:12,not available,manager464
EMP12156,oscar.tak70,Oscar Tak,legal,Specialist,,VDR-12156,DEV-90924,inactive,02-12-2022 12:58:46 PM,06-26-2025 08:01:18 AM,manager662
EMP11062,vedant.halder11,Vedant Halder,legal,Manager,remote,LPT-11062,dev54846,active,1640860110,NA,manager788
EMP11167,yagnesh.goswami58,Yagnesh Goswami,research_development,Manager,head_office,VDR-11167,DEV66027,on_leave,2022-05-15 04:41:11,NA,manager430
EMP11492,vasudha.sridhar67,Vasudha Sridhar,research_development,Director,head_office,WS-11492,DEV-44082,terminated,2024-07-27 11:04:56,2026-03-22 15:53:26,MANAGER646
EMP12550,CHARAN.VORA9,Charan Vora,research_development,Analyst,,WS-12550,dev50159,active,,not available,unknown
EMP10884,ayushman.ravi61,Ayushman Ravi,marketing_dept,Specialist,warehouse,WS-10884,DEV-21825,active,,,manager544
EMP10143,rushil.chauhan74,Rushil Chauhan,customer_care,Engineer,branch_office,VDR-10143,,active,2020/12/02,not available,manager669
EMP11241,bhavani.shetty89,Bhavani Shetty,information_technology,Consultant,branch_office,WS-11241,,inactive,2021/12/23,2025/04/04,manager317
EMP10850,faqid.char88,Faqid Char,people_team,Officer,,LPT-10850,,open,2023-05-05 22:22:55,not available,
EMP10717,nisha.nagarajan68,Nisha Nagarajan,people_team,Trainee,remote,LPT-10717,dev 47132,active,2020-04-15T18:20:17,NA,
EMP12927,quincy.toor85,Quincy Toor,marketing,Executive,work_from_home,LPT-12927,dev 39706,active,08/10/2020 01:56,not available,manager854
EMP12502,bina.agate14,Bina Agate,human_resources,Executive,regional_office,LPT-12502,,open,2024-06-28T22:41:47,NA,manager870
EMP10264,laban.mangat50,Laban Mangat,sales_team,Administrator,branch_office,WS-10264,DEV94765,active,29/10/2023 10:32,not available,
EMP10075,MAANAS.CHANDA72,Maanas Chanda,information_technology,Officer,branch_office,LPT-10075,dev 41635,active,2024/02/26,not available,manager346
EMP12492,jonathan.krish81,Jonathan Krish,legal,Administrator,remote,LPT-12492,DEV-89900,active,25/12/2024 03:11,not available,NA
EMP10395,charles.saini84,Charles Saini,finance,Specialist,data_center,LPT-10395,dev17019,open,2021-09-30T14:57:14,not available,unknown
EMP12624,yahvi.oommen57,Yahvi Oommen,operations_dept,Manager,data_center,VDR-12624,dev25518,active,2023-02-07 00:17:49,NA,manager998
EMP12224,QUSHI.SHENOY44,Qushi Shenoy,legal,Administrator,head_office,WS-12224,DEV32502,active,2021-02-26T13:49:19,not available,manager985
EMP12884,panini.gaba68,Panini Gaba,information_technology,Administrator,remote,LPT-12884,DEV-70822,open,30/05/2026 01:51,,unknown
EMP10396,bhavini.bhakta53,Bhavini Bhakta,cs,Officer,remote,VDR-10396,,active,10-25-2020 12:00:35 AM,,MANAGER685
EMP11365,  osha.modi13  ,Osha Modi,sales,Administrator,,WS-11365,DEV-16329,active,19-Jun-2024 17:16:35,,manager964
EMP12577,kala.rai4,Kala Rai,research_development,Consultant,data_center,VDR-12577,dev 89588,active,30/05/2022 10:36,,manager820
EMP11903,amruta.modi14,Amruta Modi,sales,Administrator,remote,LPT-11903,DEV-97614,terminated,2025-03-21 08:53:36,06/05/2026,NA
EMP10595,chaitanya.sodhi25,Chaitanya Sodhi,cs,Trainee,work_from_home,VDR-10595,DEV-30202,active,1664434089,,manager429
EMP12109,nitesh.deol94,Nitesh Deol,operations,Trainee,head_office,LPT-12109,dev 87692,active,2026-02-14 07:37:39,,manager450
EMP11296,upma.warrior70,Upma Warrior,marketing_dept,Specialist,regional_office,,DEV-96266,active,2023/09/05,NA,manager122
EMP11821,caleb.murty72,Caleb Murty,marketing,Analyst,head_office,VDR-11821,DEV-38664,open,27/02/2023 11:37,,manager513
EMP10872,vanya.upadhyay82,Vanya Upadhyay,research_development,Analyst,branch_office,LPT-10872,,open,04-21-2020 10:04:59 AM,not available,manager267
EMP12997,  naksh.bal73  ,Naksh Bal,customer_care,Administrator,,VDR-12997,DEV18136,on_leave,10/09/2023 21:20,not available,manager321
EMP12326,JONATHAN.PRAKASH23,Jonathan Prakash,information_technology,Specialist,regional_office,LPT-12326,dev 85446,active,1707931273,not available,NA
EMP11548,suhani.kapur11,Suhani Kapur,legal,Trainee,head_office,WS-11548,DEV-94850,terminated,20-May-2020 22:59:40,03/07/2022,manager109
EMP10036,lipika.ahuja14,Lipika Ahuja,call_center,Executive,remote,WS-10036,DEV89276,active,01/12/2022 07:00,NA,manager749
EMP12924,nirja.dutt28,Nirja Dutt,research_development,Officer,,LPT-12924,DEV-25600,active,2024-03-27 21:56:09,not available,manager823
EMP12143,ubika.ranganathan44,Ubika Ranganathan,human_resources,Director,branch_office,LPT-12143,DEV-56605,active,25/01/2022 11:10,not available,unknown
EMP12635,ikbal.sharaf98,Ikbal Sharaf,procurement,Trainee,warehouse,LPT-12635,DEV-54743,active,2021-04-25 20:04:32,,manager754
EMP10977,udyati.trivedi33,Udyati Trivedi,operations_dept,Director,data_center,VDR-10977,,active,25-Jan-2022 10:45:46,not available,manager145
EMP11571,,Vidhi Bansal,research_development,Trainee,,LPT-11571,DEV49320,active,,NA,manager784
EMP11122,jacob.hayer63,Jacob Hayer,information_technology,Consultant,head_office,VDR-11122,dev70339,open,2023-01-04 12:09:21,not available,manager458
EMP12239,zilmil.minhas52,Zilmil Minhas,brand_team,Officer,data_center,LPT-12239,DEV-66264,open,2025/01/01,not available,manager834
EMP12504,jatin_das11,Jatin Das,marketing,Consultant,warehouse,LPT-12504,DEV-12970,active,,not available,MANAGER987
EMP11892,  sudiksha.patil75  ,Sudiksha Patil,human_resources,Engineer,branch_office,VDR-11892,DEV15269,active,2022-02-15 17:03:03,NA,  manager848  
EMP10675,  jackson.lad85  ,Jackson Lad,marketing_dept,Analyst,warehouse,WS-10675,dev 93735,on_leave,09-23-2022 10:34:28 PM,2023-12-13 02:34:50,manager426
EMP10728,harita.lall46,Harita Lall,operations,Administrator,data_center,LPT-10728,,on_leave,2025-07-03 09:21:55,not available,manager647
EMP10412,rohan.dada48,Rohan Dada,information_technology,Consultant,,WS-10412,,open,07/03/2024 09:47,not available,NA
EMP11516,ria.batra56,Ria Batra,mktg,Manager,,WS-11516,dev54883,active,1722413477,not available,NA
EMP11649,ekbal.dhar82,Ekbal Dhar,accounts,Director,remote,LPT-11649,DEV-58244,active,2023/09/03,NA,
EMP10825,abeer.mishra34,Abeer Mishra,innovation,Specialist,data_center,VDR-10825,DEV98668,active,06-02-2022 05:12:00 PM,,manager128
EMP10616,ISHA.BIR7,Isha Bir,cs,Director,remote,LPT-10616,dev62235,active,2025-12-08T04:59:51,not available,MANAGER238
EMP10114,CHATURA.DUBE60,Chatura Dube,mktg,Officer,branch_office,LPT-10114,dev67898,on_leave,2024/12/30,,manager567
EMP10417,falguni.borde91,Falguni Borde,sales_team,Administrator,remote,WS-10417,,open,,,MANAGER347
EMP11625,vansha.bhalla14,Vansha Bhalla,operations_dept,Officer,,VDR-11625,DEV60961,open,1784730951,,manager800
EMP12895,max.kant36,Max Kant,finance,Trainee,data_center,WS-12895,,terminated,10-13-2021 06:51:00 PM,1753189452,manager102
EMP10089,  brijesh.din81  ,Brijesh Din,procurement,Engineer,data_center,LPT-10089,DEV81376,open,2021-04-07 21:27:16,NA,
EMP12082,nikita.toor74,Nikita Toor,procurement,Consultant,head_office,WS-12082,dev 18704,open,21/05/2021,NA,NA
EMP10753,tanmayi.rai5,Tanmayi Rai,procurement,Analyst,remote,LPT-10753,DEV24563,blocked,25/11/2023,,manager402
EMP12546,  reva.nayak73  ,Reva Nayak,information_technology,Analyst,work_from_home,WS-12546,dev 38336,open,2020-10-04 23:45:27,,manager897
EMP11630,lakshmi.lalla82,Lakshmi Lalla,procurement,Analyst,head_office,WS-11630,DEV-37004,terminated,2020-12-27T10:16:10,NA,manager346
EMP10011,wriddhish.dey59,Wriddhish Dey,finance,Administrator,branch_office,LPT-10011,,active,1778361792,,manager697
EMP12444,raagini.bhakta93,Raagini Bhakta,operations,Specialist,branch_office,LPT-12444,dev93205,on_leave,30/07/2024,26/05/2026 07:39,manager372
EMP10284,nihal.kamdar76,Nihal Kamdar,finance,Director,,WS-10284,DEV31292,active,26/10/2024 15:54,NA,NA
EMP11066,ekansh.bawa43,Ekansh Bawa,people_team,Analyst,data_center,VDR-11066,,open,2021/03/07,not available,manager225
EMP11191,ekbal.shah56,Ekbal Shah,information_technology,Director,branch_office,LPT-11191,DEV90004,open,,NA,manager609
EMP11440,yutika.raju42,Yutika Raju,human_resources,Consultant,work_from_home,LPT-11440,dev 30807,active,05/11/2022,not available,manager202
EMP12886,nathaniel.banerjee74,Nathaniel Banerjee,marketing,Analyst,remote,VDR-12886,DEV-92304,open,2020-05-20 07:10:45,not available,manager542
EMP12885,EKANTA.BAVA97,Ekanta Bava,research_development,Administrator,warehouse,LPT-12885,DEV85109,active,12/06/2025 02:14,not available,manager328
EMP12793,raksha.dugal5,Raksha Dugal,procurement,Manager,warehouse,WS-12793,,active,11/12/2022 23:14,,manager180
EMP11568,oviya.shukla26,Oviya Shukla,operations,Officer,warehouse,LPT-11568,DEV-83778,inactive,,2026-01-03 15:00:39,  manager810  
EMP12427,oviya.mannan17,Oviya Mannan,sales_dept,Administrator,,LPT-12427,dev 24652,active,29/01/2026 23:45,,
EMP12656,amaira.nath55,Amaira Nath,procurement,Analyst,,VDR-12656,,active,2021/07/13,not available,manager682
EMP11687,wridesh.karpe22,Wridesh Karpe,information_technology,Consultant,,WS-11687,DEV70508,active,2023/06/06,,manager575
EMP10851,DARPAN.KAPOOR33,Darpan Kapoor,brand_team,Manager,work_from_home,LPT-10851,,active,2021-05-12 19:24:29,NA,unknown
EMP12207,yutika.dugar86,Yutika Dugar,legal,Director,remote,LPT-12207,,active,04/07/2025,NA,manager479
EMP10895,hardik.basu90,Hardik Basu,sales_dept,Analyst,branch_office,WS-10895,DEV-95016,active,21-Jan-2022 04:26:22,,manager741
EMP10496,ati_chaudhary14,Ati Chaudhary,marketing,Administrator,warehouse,LPT-10496,dev46899,active,2023-09-21T19:29:56,not available,manager941
EMP12305,viraj.chandran86,Viraj Chandran,customer_care,Trainee,data_center,LPT-12305,DEV59002,on_leave,09/04/2022 18:38,,manager578
EMP11782,qadim.amble59,Qadim Amble,customer_support,Consultant,branch_office,WS-11782,DEV-89427,active,21-Jan-2021 14:07:08,not available,
EMP10335,fariq.saxena84,Fariq Saxena,finance,Analyst,data_center,VDR-10335,DEV50043,open,2026-06-04 10:11:28,NA,manager771
EMP10515,,Anamika Bir,people_team,Officer,remote,WS-10515,dev39215,open,01-01-2023 09:58:56 AM,,NA
EMP11348,amaira.karpe43,Amaira Karpe,legal,Consultant,data_center,WS-11348,dev 91515,open,2023/02/18,,manager253
EMP11015,EIRAVATI.DYAL26,Eiravati Dyal,information_technology,Executive,data_center,LPT-11015,DEV-62328,active,1644097441,,manager682
EMP12893,ANAY.DUBEY90,Anay Dubey,support,Administrator,head_office,VDR-12893,DEV65087,open,02/07/2025,not available,
EMP10727,kabir.sampath9,Kabir Sampath,customer_care,Engineer,,WS-10727,,active,21/07/2024,not available,
EMP11781,vivaan.sur44,Vivaan Sur,finance,Trainee,remote,LPT-11781,,active,2022/04/21,,NA
EMP12569,mitali.bhardwaj73,Mitali Bhardwaj,people_team,Manager,remote,LPT-12569,dev63240,inactive,2020/03/12,,manager871
EMP11785,vidhi.banerjee77,Vidhi Banerjee,people_team,Trainee,data_center,WS-11785,dev 51044,active,2021-07-16 16:08:51,NA,  manager878  
EMP12070,,Suhani Ghose,cs,Officer,branch_office,LPT-12070,dev 31831,active,2023-02-03 22:51:46,,manager350
EMP10356,samaksh.munshi71,Samaksh Munshi,legal,Engineer,remote,LPT-10356,DEV64559,on_leave,2022/09/21,01-19-2023 11:55:59 PM,MANAGER222
EMP12937,turvi.garg83,Turvi Garg,supply_chain,Director,regional_office,LPT-12937,dev 25279,active,08-Aug-2021 23:36:10,NA,manager563
EMP11312,lekha.raman10,Lekha Raman,operations,Executive,regional_office,VDR-11312,DEV94178,open,2021-08-13T17:38:05,not available,
EMP11635,  varenya.gopal89  ,Varenya Gopal,sales,Manager,regional_office,LPT-11635,DEV-25109,open,2024-02-26T19:56:41,not available,manager649
EMP10550,harini.chakrabarti74,Harini Chakrabarti,marketing,Trainee,branch_office,VDR-10550,,active,,NA,manager155
EMP12388,edhitha.kurian21,Edhitha Kurian,sales_dept,Engineer,branch_office,VDR-12388,,active,27-Dec-2021 07:23:14,NA,manager116
EMP12479,abdul.nair65,Abdul Nair,operations_dept,Trainee,remote,VDR-12479,DEV-21014,active,2020/06/19,,manager153
EMP12521,jackson.sarma53,Jackson Sarma,brand_team,Analyst,remote,LPT-12521,DEV14911,open,06-Oct-2024 12:46:15,not available,manager238
EMP12265,charvi.saraf85,Charvi Saraf,supply_chain,Executive,branch_office,LPT-12265,DEV-50332,active,10-22-2020 10:16:24 PM,NA,manager854
EMP11227,omya.mutti75,Omya Mutti,human_resources,Manager,,VDR-11227,DEV26080,active,2022/05/27,,manager284
EMP12762,nathaniel.jhaveri55,Nathaniel Jhaveri,marketing,Officer,work_from_home,LPT-12762,DEV-79833,inactive,2023-02-14 21:39:51,22-Apr-2024 08:28:23,manager348
EMP10957,gautami.chaudhry72,Gautami Chaudhry,innovation,Director,warehouse,LPT-10957,DEV95078,open,2024/07/31,not available,manager952
EMP11773,osha.purohit36,Osha Purohit,innovation,Consultant,,,DEV89337,active,15-Aug-2022 08:43:21,,unknown
EMP12141,  darpan.keer78  ,Darpan Keer,legal,Administrator,,VDR-12141,dev 59324,open,11-Feb-2022 13:03:17,,manager726
EMP11008,jason.ravi20,Jason Ravi,operations,Specialist,regional_office,VDR-11008,DEV89670,open,29-Apr-2023 10:33:50,,
EMP11092,ati.kota16,Ati Kota,human_resources,Manager,head_office,WS-11092,DEV94070,active,02/05/2024 17:36,NA,manager700
EMP12756,karan.mohan54,Karan Mohan,sales,Administrator,remote,WS-12756,dev 38618,open,2025-01-22T04:08:02,NA,
EMP10996,oeshi.bal11,Oeshi Bal,finance,Manager,remote,,DEV-78002,active,19/12/2024,not available,manager624
EMP11679,jacob.devan87,Jacob Devan,procurement,Analyst,data_center,LPT-11679,dev76530,active,2021-06-30T08:23:38,NA,unknown
EMP10153,arunima.lanka10,Arunima Lanka,operations,Specialist,,,,open,21/07/2023 17:31,not available,manager514
EMP12867,banjeet.singh7,Banjeet Singh,legal,Manager,,LPT-12867,dev43478,active,23/02/2023,NA,
EMP10580,anay.palan12,Anay Palan,finance,Analyst,data_center,LPT-10580,DEV-54815,active,,NA,
EMP11470,vansha.lalla24,Vansha Lalla,marketing,Officer,regional_office,,DEV-89249,active,1626493521,,manager379
EMP10703,rachana_nath10,Rachana Nath,support,Specialist,remote,VDR-10703,dev 16917,terminated,20-Jul-2024 06:58:17,2025/07/19,  manager580  
EMP11212,  naksh.kalita55  ,Naksh Kalita,customer_support,Consultant,head_office,LPT-11212,,active,2021-07-03 14:15:33,NA,manager266
EMP10896,omisha.raju69,Omisha Raju,sales_team,Manager,remote,WS-10896,DEV-29420,active,08/03/2020,not available,manager256
EMP10487,aadi.hari72,Aadi Hari,information_technology,Manager,regional_office,WS-10487,DEV-68414,open,2025/06/18,not available,manager736
EMP10559,elijah.mani33,Elijah Mani,research_development,Manager,data_center,VDR-10559,dev 53864,active,2023-01-24T10:24:21,,manager929
EMP11141,champak.banerjee84,Champak Banerjee,sales_dept,Engineer,regional_office,WS-11141,dev22928,active,2024/08/25,NA,manager408
EMP11119,rajeshri.wagle66,Rajeshri Wagle,operations,Analyst,data_center,WS-11119,,active,17/12/2020 19:18,not available,manager795
EMP10512,chanchal.karan62,Chanchal Karan,operations,Analyst,branch_office,WS-10512,dev 40375,open,21-Feb-2023 19:05:02,not available,manager784
EMP10633,pahal_sidhu88,Pahal Sidhu,sales,Executive,,,DEV78656,terminated,29/08/2023 03:55,,unknown
EMP12663,zansi.master45,Zansi Master,procurement,Specialist,work_from_home,VDR-12663,dev 52604,open,1739870655,,manager719
EMP11664,qabil.vig75,Qabil Vig,procurement,Executive,data_center,LPT-11664,,terminated,26-Oct-2024 22:24:14,17-Jul-2025 20:17:58,NA
EMP11012,SHIVANSH.KORPAL9,Shivansh Korpal,research_development,Analyst,remote,VDR-11012,dev11447,open,30/06/2023,not available,manager213
EMP11931,tamanna.ravi2,Tamanna Ravi,information_technology,Analyst,work_from_home,,dev 13977,open,27-May-2021 09:37:10,NA,NA
EMP11150,nicholas.swaminathan78,Nicholas Swaminathan,operations,Consultant,head_office,VDR-11150,DEV81994,open,2021-02-19T02:48:10,NA,manager726
EMP12890,vedhika.sami86,Vedhika Sami,research_development,Trainee,remote,VDR-12890,DEV67250,active,2025-03-09 03:43:43,,MANAGER216
EMP10116,wahab.bir90,Wahab Bir,marketing,Analyst,work_from_home,VDR-10116,DEV61879,open,24/10/2024 06:43,not available,
EMP10740,devansh.raman6,Devansh Raman,finance,Manager,work_from_home,VDR-10740,,open,2021-05-05T02:57:56,not available,  manager598  
EMP12846,  waida.som50  ,Waida Som,information_technology,Trainee,remote,WS-12846,dev84500,open,2025-04-17 12:42:57,,manager664
EMP11974,wyatt.sibal38,Wyatt Sibal,information_technology,Manager,,WS-11974,,active,06-27-2024 08:21:25 PM,NA,NA
EMP11081,  vanya.om40  ,Vanya Om,customer_care,Manager,remote,VDR-11081,dev85231,active,01/11/2021,,manager821
EMP11810,isaiah.merchant78,Isaiah Merchant,information_technology,Manager,data_center,LPT-11810,,active,1719810447,NA,unknown
EMP10830,warjas.wason49,Warjas Wason,procurement,Director,remote,VDR-10830,DEV22809,inactive,06/11/2020 20:46,2022-08-08 14:24:13,manager614
EMP10119,orinder.sarraf83,Orinder Sarraf,information_technology,Administrator,,,dev 14373,active,1774428128,,MANAGER402
EMP10656,daksh.pau74,Daksh Pau,cs,Executive,data_center,VDR-10656,,open,2020-04-21 08:25:39,not available,  manager406  
EMP12815,balhaar.khosla43,Balhaar Khosla,information_technology,Director,branch_office,LPT-12815,DEV-61934,active,,not available,
EMP12774,baghyawati.kumer77,Baghyawati Kumer,people_team,Executive,,,DEV11290,active,25-Jul-2020 14:29:20,not available,manager150
EMP12738,devika.bhargava75,Devika Bhargava,procurement,Executive,work_from_home,VDR-12738,dev 90702,active,26/10/2024,,unknown
EMP10635,lopa.sehgal19,Lopa Sehgal,information_technology,Consultant,data_center,WS-10635,DEV49760,active,2025-06-01 14:47:00,not available,
EMP10369,JASMIT.BUCH51,Jasmit Buch,customer_support,Analyst,,WS-10369,,inactive,24-Jun-2021 04:31:05,01/12/2024 14:11,NA
EMP10268,yagnesh.parikh71,Yagnesh Parikh,operations,Administrator,data_center,WS-10268,dev79946,active,08-16-2022 05:37:56 AM,,
EMP10046,aadi.boase41,Aadi Boase,legal,Specialist,,LPT-10046,dev60488,terminated,,2025/04/29,  manager925  
EMP10991,anthony.vora42,Anthony Vora,sales,Analyst,regional_office,WS-10991,dev26575,inactive,19/12/2024,,  manager183  
EMP10876,AASHI.SRIDHAR24,Aashi Sridhar,legal,Manager,branch_office,WS-10876,dev 98723,active,,,manager797
EMP10773,BANJEET.TRIVEDI73,Banjeet Trivedi,accounts,Administrator,branch_office,WS-10773,DEV39724,active,14/06/2022 05:44,not available,NA
EMP11219,nilima.nanda54,Nilima Nanda,information_technology,Analyst,head_office,LPT-11219,dev59074,inactive,31-May-2024 08:42:15,,manager685
EMP11126,liam.murthy21,Liam Murthy,finance,Consultant,regional_office,WS-11126,,active,12/01/2026 11:14,not available,manager294
EMP10004,ekalinga.balan13,Ekalinga Balan,operations_dept,Consultant,warehouse,WS-10004,DEV15695,active,2024/07/24,NA,manager487
EMP11595,xalak.sathe12,Xalak Sathe,people_team,Specialist,regional_office,WS-11595,,open,22/11/2022,,manager506
EMP12311,vasatika.vig48,Vasatika Vig,procurement,Director,data_center,WS-12311,DEV-68547,active,14/01/2022 04:35,NA,manager990
EMP12958,qadim.zachariah98,Qadim Zachariah,research_development,Analyst,data_center,VDR-12958,,open,2020-01-08 03:28:13,not available,manager538
EMP12491,unni.salvi40,Unni Salvi,sales_dept,Engineer,,WS-12491,,open,23/11/2024 07:13,,manager485
EMP11077,veer.sekhon76,Veer Sekhon,sales,Manager,warehouse,WS-11077,dev26700,inactive,27/03/2023,29/03/2023 19:58,manager704
EMP10837,,Samesh Bedi,customer_support,Specialist,,WS-10837,dev 84202,active,1593911160,,manager473
EMP10681,ABDUL.MANNAN92,Abdul Mannan,support,Manager,work_from_home,WS-10681,,active,2025-12-10 11:20:50,,manager566
EMP11715,harinakshi.kohli18,Harinakshi Kohli,support,Consultant,remote,WS-11715,,active,1583005720,NA,manager396
EMP12352,ojas.shere59,Ojas Shere,operations,Specialist,warehouse,VDR-12352,dev91479,open,19/08/2024,NA,manager342
EMP12617,hemangini.sundaram15,Hemangini Sundaram,legal,Manager,,LPT-12617,,open,12-11-2020 01:50:40 AM,not available,NA
EMP12361,  ethan.jani95  ,Ethan Jani,legal,Administrator,warehouse,WS-12361,DEV-90800,active,13/12/2023,,manager212
EMP12197,qasim.rout20,Qasim Rout,people_team,Officer,data_center,LPT-12197,DEV-61366,on_leave,03/05/2021 03:26,NA,manager276
EMP11148,bhanumati.mukhopadhyay71,Bhanumati Mukhopadhyay,human_resources,Executive,branch_office,,dev79935,active,05-01-2020 10:48:43 AM,NA,  manager384  
EMP10574,forum_devi62,Forum Devi,marketing,Analyst,work_from_home,WS-10574,DEV-48393,active,23/01/2020 10:12,not available,manager293
EMP10050,  zayan.pandit56  ,Zayan Pandit,procurement,Specialist,regional_office,WS-10050,DEV-70946,active,30-Sep-2025 02:25:05,not available,manager584
EMP10853,,Nitesh Kara,legal,Manager,,LPT-10853,dev 44205,open,2022/12/29,NA,manager846
EMP11982,parth.raval73,Parth Raval,human_resources,Administrator,head_office,VDR-11982,dev50579,active,27/08/2021,NA,unknown
EMP11823,maanas.mangal75,Maanas Mangal,human_resources,Trainee,work_from_home,WS-11823,dev66807,open,2020/04/22,,manager661
EMP10833,jagdish.bhatia80,Jagdish Bhatia,human_resources,Specialist,head_office,VDR-10833,DEV-54150,active,1729886237,NA,NA
EMP11115,ISHAAN.PRABHAKAR11,Ishaan Prabhakar,marketing,Officer,data_center,LPT-11115,dev 65572,active,2026-03-20T12:12:04,not available,  manager609  
EMP11166,gauri.dass35,Gauri Dass,research_development,Consultant,remote,VDR-11166,DEV20009,inactive,,2022/07/06,
EMP12518,RUSHIL.KURUVILLA99,Rushil Kuruvilla,compliance,Director,,WS-12518,,active,07-Jun-2024 10:28:21,,manager926
EMP11906,abeer.palla55,Abeer Palla,marketing,Administrator,warehouse,LPT-11906,dev92424,active,12/02/2025,,manager465
EMP10971,chavvi.loyal80,Chavvi Loyal,research_development,Manager,regional_office,WS-10971,DEV-85882,open,,NA,NA
EMP12701,BAGHYAWATI.NORI89,Baghyawati Nori,research_development,Analyst,branch_office,WS-12701,DEV-62232,open,2022-11-30 16:54:12,,NA
EMP10399,dipta.date61,Dipta Date,human_resources,Administrator,,WS-10399,,active,2025-08-15 18:43:09,,manager757
EMP12559,tristan.agarwal66,Tristan Agarwal,legal,Executive,branch_office,WS-12559,dev59724,on_leave,,not available,manager375
EMP12368,  lohit.sarma91  ,Lohit Sarma,marketing,Administrator,,WS-12368,,open,17/04/2022 17:45,,
EMP10019,vasana_bhasin70,Vasana Bhasin,sales,Administrator,data_center,VDR-10019,,active,2024-05-27T01:15:07,NA,manager353
EMP10684,kashish_sarin22,Kashish Sarin,brand_team,Consultant,warehouse,VDR-10684,dev 26697,open,2023-06-14T10:08:20,not available,
EMP10035,tamanna.karan84,Tamanna Karan,call_center,Analyst,regional_office,VDR-10035,dev49240,terminated,,NA,manager218
EMP12914,TIMOTHY.DOSHI94,Timothy Doshi,sales_team,Engineer,remote,WS-12914,,active,21-Feb-2024 13:18:04,not available,manager857
EMP10524,zarna.bora26,Zarna Bora,call_center,Officer,regional_office,WS-10524,DEV-29603,active,1625463204,,
EMP12455,devansh.deshmukh67,Devansh Deshmukh,operations,Engineer,,VDR-12455,DEV-86221,active,14/07/2024 15:36,,manager489
EMP10920,LAKSHIT.DIVAN84,Lakshit Divan,legal,Engineer,remote,LPT-10920,DEV-14845,active,26-Apr-2023 16:01:33,not available,manager857
EMP11841,gaurav.gala79,Gaurav Gala,information_technology,Engineer,work_from_home,LPT-11841,dev 61231,blocked,2024/03/03,05-30-2025 05:08:16 AM,manager638
EMP11890,zansi.baria53,Zansi Baria,procurement,Administrator,remote,LPT-11890,DEV-90790,inactive,2021/01/22,25/03/2023 12:36,manager609
EMP10537,kiaan.hari8,Kiaan Hari,accounts,Trainee,data_center,LPT-10537,dev 36438,inactive,05-28-2024 08:18:32 PM,07-20-2024 01:21:22 AM,
EMP11705,arin.bir11,Arin Bir,operations,Trainee,work_from_home,LPT-11705,dev 68547,active,21-Sep-2024 03:30:43,,manager554
EMP10472,ARYAN.GOUR66,Aryan Gour,brand_team,Officer,work_from_home,WS-10472,dev82559,active,16/09/2021 03:22,not available,manager831
EMP10245,netra.mitter48,Netra Mitter,procurement,Engineer,,LPT-10245,dev 72676,open,05-12-2026 03:09:01 AM,,unknown
EMP10784,charles.kohli47,Charles Kohli,legal,Executive,regional_office,WS-10784,DEV-58448,open,2020-02-07 21:00:41,not available,  manager459  
EMP11409,anay.din8,Anay Din,procurement,Trainee,warehouse,LPT-11409,dev18751,open,2024-10-03T05:41:59,not available,
EMP12537,girindra.peri83,Girindra Peri,people_team,Analyst,,WS-12537,,open,24-May-2025 16:13:22,NA,
EMP10154,GAGAN.PANDEY3,Gagan Pandey,operations,Executive,work_from_home,,,inactive,2023/01/29,2023/07/12,manager703
EMP11686,ekani.bhat62,Ekani Bhat,operations,Trainee,remote,WS-11686,dev 51087,active,2026/05/03,not available,manager701
EMP10625,dominic.loyal90,Dominic Loyal,supply_chain,Administrator,head_office,WS-10625,dev95820,terminated,2020-07-25T21:53:29,15/11/2022 20:15,manager775
EMP12962,meghana.sethi13,Meghana Sethi,human_resources,Administrator,,LPT-12962,DEV-13579,active,2024-02-01 13:11:31,not available,manager422
EMP11346,anirudh.ahuja57,Anirudh Ahuja,human_resources,Officer,,LPT-11346,DEV36744,active,27-Feb-2023 18:33:39,,NA
EMP10569,wridesh.bedi4,Wridesh Bedi,information_technology,Consultant,work_from_home,WS-10569,,open,2024-08-06 12:52:35,not available,
EMP12546,  reva.nayak73  ,Reva Nayak,information_technology,Analyst,work_from_home,WS-12546,dev 38336,open,2020-10-04 23:45:27,,manager897
EMP11758,naksh.madan88,Naksh Madan,procurement,Trainee,branch_office,VDR-11758,DEV-68283,inactive,1608999349,03-04-2022 04:09:50 AM,manager719
EMP11816,alexander.dhar96,Alexander Dhar,finance,Administrator,data_center,LPT-11816,DEV28653,active,2021-12-06 11:40:37,NA,NA
EMP12065,dev.barad20,Dev Barad,procurement,Analyst,remote,LPT-12065,DEV-91082,active,11/09/2025 22:43,not available,manager491
EMP10127,,Ryan Tella,finance,Director,regional_office,LPT-10127,,open,1652928973,NA,manager479
EMP11491,zarna.mandal21,Zarna Mandal,sales,Trainee,,LPT-11491,dev 10902,open,2025-10-19 23:21:55,,manager987
EMP12006,,Ladli Dada,legal,Manager,,LPT-12006,DEV68653,open,2025-09-06T00:27:15,not available,manager414
EMP10980,imaran.dayal67,Imaran Dayal,procurement,Executive,head_office,LPT-10980,,inactive,10-04-2024 03:36:32 AM,not available,  manager300  
EMP10051,ekbal.malhotra95,Ekbal Malhotra,finance,Manager,,VDR-10051,dev97012,active,07/11/2022 09:26,not available,manager869
EMP10190,anjali.ganesan67,Anjali Ganesan,brand_team,Manager,,,dev20345,active,14/07/2021 15:48,NA,manager428
EMP11139,ranveer.rattan17,Ranveer Rattan,operations_dept,Consultant,regional_office,WS-11139,DEV87189,active,28-Feb-2023 11:55:44,NA,manager382
EMP10992,charita.kala61,Charita Kala,procurement,Manager,branch_office,VDR-10992,,open,1750996878,NA,unknown
EMP10699,yatan.randhawa50,Yatan Randhawa,operations,Engineer,branch_office,WS-10699,DEV-89242,active,03-27-2024 05:16:31 PM,not available,
EMP10606,hemani.bose33,Hemani Bose,operations,Trainee,,WS-10606,,active,,NA,manager630
EMP10180,BHAVIKA.SUBRAMANIAN78,Bhavika Subramanian,support,Director,head_office,WS-10180,dev 41147,active,05-28-2020 08:27:24 AM,not available,manager754
EMP10301,abeer.bhatnagar33,Abeer Bhatnagar,finance,Director,work_from_home,WS-10301,DEV-19694,open,01-31-2025 05:10:46 PM,not available,  manager510  
EMP12544,jason.memon54,Jason Memon,finance,Manager,warehouse,WS-12544,dev35767,active,08-16-2024 05:18:42 AM,not available,  manager110  
EMP12860,isha.mand56,Isha Mand,mktg,Engineer,branch_office,LPT-12860,,on_leave,10/03/2022 06:41,NA,NA
EMP11060,charan.dua15,Charan Dua,research_development,Specialist,work_from_home,LPT-11060,dev 34331,active,18-May-2026 21:46:12,NA,manager877
EMP10842,  mason.garg83  ,Mason Garg,information_technology,Trainee,work_from_home,LPT-10842,DEV17251,inactive,09-17-2020 06:14:25 PM,01/04/2023 13:10,
EMP12964,samarth.patla52,Samarth Patla,legal,Engineer,branch_office,VDR-12964,DEV78066,active,2021-02-25 13:17:26,not available,unknown
EMP12565,vanya.atwal53,Vanya Atwal,operations,Administrator,data_center,LPT-12565,dev 29403,active,2020-01-31 05:23:52,NA,manager270
EMP11069,vihaan.oak52,Vihaan Oak,procurement,Manager,remote,WS-11069,,on_leave,1765607329,,NA
EMP12524,dominic.talwar30,Dominic Talwar,supply_chain,Consultant,work_from_home,LPT-12524,dev 12832,open,2024-11-21 21:00:08,NA,
EMP12205,avni.sani5,Avni Sani,information_technology,Engineer,regional_office,LPT-12205,DEV-69905,inactive,1686359268,NA,manager936
EMP11243,,Hema Agate,compliance,Consultant,,WS-11243,DEV35971,open,14/03/2024 14:24,NA,manager381
EMP10016,jacob.ranganathan48,Jacob Ranganathan,finance,Officer,,VDR-10016,dev 10074,open,2024/02/27,not available,manager471
EMP11694,abhiram.badal81,Abhiram Badal,mktg,Specialist,data_center,VDR-11694,DEV25970,open,2024-07-03 12:34:35,not available,manager842
EMP10546,bhanumati.ranganathan44,Bhanumati Ranganathan,human_resources,Officer,,WS-10546,,active,17-Nov-2024 11:06:49,NA,  manager864  
EMP10658,NITESH.GARG36,Nitesh Garg,operations,Officer,data_center,VDR-10658,dev37504,active,16-Mar-2025 14:02:07,NA,
EMP12787,sachi.sane26,Sachi Sane,cs,Trainee,branch_office,LPT-12787,DEV70243,open,2022-07-15 16:37:19,NA,manager929
EMP12818,henry.nori8,Henry Nori,sales_team,Analyst,branch_office,WS-12818,DEV27728,open,2022/03/25,,manager805
EMP11504,qabil.sharma49,Qabil Sharma,information_technology,Manager,,LPT-11504,DEV-50541,active,2021-04-11 07:24:41,NA,manager896
EMP10959,  ira.bhatnagar90  ,Ira Bhatnagar,information_technology,Manager,data_center,WS-10959,dev35295,active,2021-11-19 05:47:07,,manager876
EMP12331,janani.dugar16,Janani Dugar,cs,Executive,work_from_home,LPT-12331,DEV-59955,active,13/02/2020 23:48,,manager259
EMP10797,harita.koshy69,Harita Koshy,procurement,Consultant,work_from_home,LPT-10797,DEV11690,open,2022-05-24 08:01:45,not available,manager596
EMP10225,AAHANA.RAMA22,Aahana Rama,call_center,Specialist,work_from_home,WS-10225,DEV-29369,inactive,2022-01-22 11:29:04,2022-12-29 21:53:18,manager551
EMP12074,QADIM.MALLICK75,Qadim Mallick,innovation,Analyst,,VDR-12074,dev32849,active,18/05/2021 14:16,,manager352
EMP11799,kamya.ganesan47,Kamya Ganesan,legal,Analyst,,WS-11799,,terminated,,2023-09-21T20:36:11,manager475
EMP12485,kamya.deo83,Kamya Deo,support,Specialist,branch_office,,DEV-14906,open,21/04/2024,NA,manager279
EMP11090,pahal.bajwa31,Pahal Bajwa,legal,Trainee,remote,VDR-11090,,on_leave,07-21-2025 04:04:10 AM,,  manager894  
EMP12277,luke.puri22,Luke Puri,human_resources,Director,warehouse,VDR-12277,DEV15827,open,05-20-2026 10:48:28 AM,,
EMP12085,,Samarth Kanda,sales,Analyst,,LPT-12085,dev10643,active,31/12/2023 12:56,,manager803
EMP11693,madhav.murthy19,Madhav Murthy,sales,Officer,data_center,,dev 64571,active,2022-08-14 22:43:00,not available,
EMP11045,anjali.bhalla61,Anjali Bhalla,research_development,Director,,VDR-11045,DEV-66810,open,06/02/2024 12:34,,  manager490  
EMP10469,kavya.pandit75,Kavya Pandit,research_development,Officer,work_from_home,,DEV-85832,active,2021-02-02 20:50:23,not available,manager773
EMP10954,BALENDRA.CHADA93,Balendra Chada,support,Administrator,data_center,LPT-10954,DEV90012,open,15/09/2022 22:27,,NA
EMP11270,pallavi.prashad61,Pallavi Prashad,human_resources,Analyst,work_from_home,LPT-11270,dev84352,open,22/06/2022 01:04,not available,unknown
EMP12735,irya.mall82,Irya Mall,brand_team,Specialist,branch_office,LPT-12735,dev 25459,active,2020/07/01,not available,MANAGER977
EMP10639,gabriel.dugal63,Gabriel Dugal,innovation,Executive,branch_office,LPT-10639,,active,1783066135,not available,NA
EMP12863,darsh_bera88,Darsh Bera,research_development,Director,,VDR-12863,dev31410,active,1629673983,not available,unknown
EMP11218,karan.goda65,Karan Goda,marketing,Administrator,regional_office,WS-11218,,inactive,2023-07-12 11:30:18,07-18-2023 10:30:35 PM,
EMP11158,ikshita.sampath2,Ikshita Sampath,information_technology,Executive,branch_office,LPT-11158,DEV-45082,active,1746249010,NA,  manager911  
EMP11415,nihal.varkey79,Nihal Varkey,finance,Executive,branch_office,WS-11415,dev10032,active,11/06/2020,not available,manager926
EMP12934,GAURAV.BAINS91,Gaurav Bains,procurement,Administrator,work_from_home,VDR-12934,dev36659,active,29-Oct-2023 07:40:41,,manager853
EMP11527,,Varsha Gulati,human_resources,Trainee,branch_office,VDR-11527,dev 19697,open,1774452087,NA,MANAGER255
EMP12113,akshay.dugal56,Akshay Dugal,accounts,Consultant,,VDR-12113,DEV98652,active,,NA,manager710
EMP11300,,Ekantika Venkataraman,information_technology,Specialist,data_center,LPT-11300,,on_leave,1703439657,NA,unknown
EMP12952,chakrika.ratta76,Chakrika Ratta,innovation,Officer,warehouse,WS-12952,dev 87286,inactive,10-25-2021 07:21:56 PM,1637357931,manager697
EMP11603,nicholas.tara41,Nicholas Tara,human_resources,Specialist,branch_office,VDR-11603,dev55657,active,26-Jun-2025 20:08:50,NA,unknown
EMP10160,leena.dhar76,Leena Dhar,information_technology,Consultant,warehouse,LPT-10160,,open,04-26-2020 08:11:59 PM,,manager951
EMP11704,abeer.goel2,Abeer Goel,marketing,Administrator,,,DEV48810,active,17/07/2025 13:25,not available,manager531
EMP10956,devika.contractor43,Devika Contractor,information_technology,Executive,,LPT-10956,DEV-89794,open,30/01/2020 18:13,NA,  manager523  
EMP11190,yuvraj.mistry78,Yuvraj Mistry,support,Consultant,data_center,LPT-11190,,active,21-Apr-2025 01:20:59,,
EMP10877,amara.sawhney88,Amara Sawhney,human_resources,Director,remote,VDR-10877,,inactive,22/04/2021 18:19,2025/03/22,NA
EMP11919,aachal.tara39,Aachal Tara,legal,Executive,regional_office,LPT-11919,dev30849,active,2020-01-24 16:23:48,not available,manager135
EMP11884,RANBIR.BOBAL52,Ranbir Bobal,information_technology,Administrator,data_center,LPT-11884,dev96231,active,2026-04-21T11:59:53,not available,manager170
EMP12200,  yatan.panchal49  ,Yatan Panchal,human_resources,Analyst,,VDR-12200,DEV92756,open,,not available,NA
EMP10098,maya.yadav97,Maya Yadav,innovation,Trainee,work_from_home,LPT-10098,dev36680,active,,NA,unknown
EMP12912,chaitaly.seshadri29,Chaitaly Seshadri,marketing,Officer,,WS-12912,dev 96684,open,11/11/2023 21:44,,
EMP12557,brinda.sibal86,Brinda Sibal,human_resources,Consultant,,VDR-12557,,active,1693228357,,  manager514  
EMP10253,FORUM.SHARMA83,Forum Sharma,legal,Consultant,data_center,WS-10253,dev 59479,active,2025-10-22T04:03:52,,NA
EMP10103,ira.mohanty76,Ira Mohanty,procurement,Trainee,,LPT-10103,DEV68529,open,2022-12-08 06:18:23,not available,manager881
EMP11445,urvashi_dugar39,Urvashi Dugar,procurement,Officer,branch_office,VDR-11445,,open,11-01-2022 01:14:56 AM,NA,
EMP11443,xavier.sarma77,Xavier Sarma,operations,Trainee,,WS-11443,DEV49344,active,1640732045,not available,
EMP11648,PARTH.VARMA79,Parth Varma,marketing,Consultant,regional_office,WS-11648,dev 72800,terminated,2021-04-20T18:47:26,05-13-2024 04:24:48 PM,manager393
EMP10586,nicholas.tailor28,Nicholas Tailor,human_resources,Engineer,regional_office,WS-10586,DEV-52534,active,,NA,manager505
EMP10627,  tara.devan13  ,Tara Devan,operations,Trainee,work_from_home,,,active,09-09-2021 09:12:34 PM,,  manager568  
EMP11696,amrita.saran42,Amrita Saran,sales_team,Consultant,regional_office,WS-11696,DEV-46769,active,1732783059,not available,unknown
EMP12101,agastya.sule56,Agastya Sule,legal,Specialist,head_office,WS-12101,dev 39910,active,2022-05-24T06:36:50,,manager209
EMP12199,deepa.verma2,Deepa Verma,finance,Engineer,branch_office,LPT-12199,DEV-12133,active,09-Jun-2024 20:44:54,,manager544
EMP10403,ETHAN.SETTY54,Ethan Setty,support,Trainee,,LPT-10403,DEV-72424,active,05-11-2023 02:44:49 PM,,
EMP11154,rachita.peri30,Rachita Peri,compliance,Consultant,branch_office,WS-11154,DEV22280,active,2023-11-28 06:36:34,,manager983
EMP12255,EKBAL.VAIDYA45,Ekbal Vaidya,accounts,Analyst,branch_office,WS-12255,,active,2025/12/10,,NA
EMP11682,azad.sahota28,Azad Sahota,compliance,Administrator,work_from_home,WS-11682,DEV-41558,active,2025/07/27,,
EMP12056,,Chakradev Ramaswamy,compliance,Officer,regional_office,LPT-12056,DEV-99390,active,31/07/2022 04:53,,manager632
EMP12929,triveni.prasad4,Triveni Prasad,research_development,Engineer,,WS-12929,DEV-60371,inactive,11/01/2026,21/03/2026,manager453
EMP10452,UDYATI.SANGHA89,Udyati Sangha,innovation,Director,regional_office,LPT-10452,DEV-24818,active,06/03/2026 21:08,,manager964
EMP12301,yauvani.viswanathan80,Yauvani Viswanathan,people_team,Specialist,data_center,LPT-12301,,active,24-Aug-2022 15:53:59,,unknown
EMP11327,zayyan.naidu85,Zayyan Naidu,human_resources,Manager,remote,VDR-11327,DEV-36982,active,03/04/2026 05:52,NA,unknown
EMP12049,kalpit.bahri99,Kalpit Bahri,operations,Director,branch_office,LPT-12049,,active,2023-08-23 05:18:34,,manager432
EMP10880,ADVAY.SEKHON37,Advay Sekhon,operations,Analyst,regional_office,LPT-10880,dev81716,on_leave,30/03/2023 22:34,not available,manager361
EMP12505,radhika.bath93,Radhika Bath,procurement,Executive,work_from_home,LPT-12505,DEV-68365,open,1590451676,NA,manager251
EMP10623,deepa.bahl95,Deepa Bahl,cs,Engineer,branch_office,VDR-10623,,open,01/09/2024,,manager847
EMP12393,fitan.vohra30,Fitan Vohra,procurement,Officer,work_from_home,WS-12393,dev 73915,active,,,manager833
EMP12856,bishakha.vohra41,Bishakha Vohra,procurement,Trainee,,VDR-12856,DEV37376,open,07/11/2021,NA,NA
EMP11787,LAJITA.BUCH96,Lajita Buch,compliance,Engineer,,VDR-11787,,open,2020/12/12,,manager739
EMP10262,ekaraj_bhatnagar68,Ekaraj Bhatnagar,operations,Director,data_center,LPT-10262,DEV-49306,open,06-01-2026 09:20:29 PM,NA,  manager346  
EMP11634,xavier.thaker63,Xavier Thaker,marketing,Specialist,head_office,VDR-11634,DEV61834,open,11/07/2026 09:06,not available,MANAGER778
EMP11438,joshua.patel12,Joshua Patel,support,Engineer,remote,LPT-11438,DEV71300,active,2020-12-24T05:15:20,,manager746
EMP12198,abhiram.bhatt67,Abhiram Bhatt,customer_support,Analyst,regional_office,VDR-12198,DEV83013,on_leave,1622875772,1634896875,unknown
EMP11969,theodore.pandya55,Theodore Pandya,compliance,Analyst,warehouse,VDR-11969,,active,,not available,manager966
EMP12520,anamika.hegde80,Anamika Hegde,research_development,Consultant,regional_office,LPT-12520,dev53877,active,2025/05/26,not available,
EMP11802,hemani.saxena71,Hemani Saxena,information_technology,Administrator,head_office,VDR-11802,DEV43442,open,2022/06/29,,manager546
EMP10640,raksha.chandra35,Raksha Chandra,legal,Engineer,,VDR-10640,dev 36585,active,24-Jul-2020 11:28:55,,  manager549  
EMP12385,TANVEER.KAPUR63,Tanveer Kapur,research_development,Administrator,head_office,WS-12385,,active,26/04/2020 15:10,,manager961
EMP12598,  teerth.naidu2  ,Teerth Naidu,information_technology,Director,,VDR-12598,DEV49755,open,2024/02/10,NA,
EMP12915,ria.dar13,Ria Dar,finance,Engineer,head_office,WS-12915,dev53158,active,,NA,manager886
EMP11959,nathaniel.das13,Nathaniel Das,research_development,Officer,work_from_home,WS-11959,,open,1718624237,not available,NA
EMP10488,  maanas.anand32  ,Maanas Anand,information_technology,Consultant,data_center,,dev 60577,active,,,manager629
EMP11843,sarthak.baria90,Sarthak Baria,support,Manager,data_center,VDR-11843,dev 39332,active,,NA,manager446
EMP11734,arunima.chad1,Arunima Chad,information_technology,Specialist,work_from_home,,dev 83261,on_leave,26/02/2024 19:15,not available,unknown
EMP10146,maanas.reddy9,Maanas Reddy,finance,Analyst,head_office,VDR-10146,dev 79531,active,28-Jul-2023 08:58:46,,manager261
EMP11534,xavier.bal12,Xavier Bal,customer_support,Manager,,LPT-11534,,inactive,2020/09/29,23/09/2024,manager295
EMP11986,yahvi.bhat30,Yahvi Bhat,customer_care,Specialist,branch_office,WS-11986,DEV97837,open,2023-01-29 01:53:29,not available,manager632
EMP11369,sachi.mishra30,Sachi Mishra,marketing,Executive,head_office,LPT-11369,dev 82373,inactive,2026-06-03 06:47:41,2026/07/31,unknown
EMP12450,hiral.bansal2,Hiral Bansal,research_development,Administrator,branch_office,,DEV89669,active,1649808929,NA,manager246
EMP10912,mohammed.devan20,Mohammed Devan,operations,Consultant,work_from_home,LPT-10912,dev 26119,inactive,26/09/2023,not available,NA
EMP12811,forum_kala10,Forum Kala,procurement,Specialist,remote,VDR-12811,DEV41965,open,,not available,
EMP10659,pahal.sethi94,Pahal Sethi,customer_support,Manager,data_center,VDR-10659,dev 89269,terminated,04/01/2026 23:14,29-Aug-2026 10:05:29,
EMP11794,chatura.gopal50,Chatura Gopal,procurement,Director,head_office,VDR-11794,DEV-45615,open,2025/09/22,NA,manager908
EMP12511,EKANI.SUBRAMANIAN65,Ekani Subramanian,human_resources,Analyst,,WS-12511,dev17994,terminated,19/07/2022,04-Jul-2024 04:56:11,MANAGER171
EMP10186,ISHWAR.BORA23,Ishwar Bora,research_development,Trainee,regional_office,LPT-10186,dev 27675,open,22/11/2023 23:03,not available,manager306
EMP11147,yashodhara.minhas2,Yashodhara Minhas,support,Trainee,warehouse,VDR-11147,dev78822,open,15/11/2021 13:28,NA,manager374
EMP10608,yagnesh.dutta71,Yagnesh Dutta,call_center,Officer,,VDR-10608,DEV30278,open,,not available,manager241
EMP12191,varsha.sekhon93,Varsha Sekhon,operations,Engineer,regional_office,VDR-12191,dev 26165,active,,,unknown
EMP12799,yashodhara.desai66,Yashodhara Desai,operations,Officer,warehouse,WS-12799,dev99717,terminated,06/05/2025 04:34,not available,manager775
EMP11930,  upma.mani95  ,Upma Mani,operations_dept,Trainee,,VDR-11930,DEV46216,on_leave,11-15-2022 03:21:24 AM,NA,manager883
EMP10197,fitan.om64,Fitan Om,cs,Director,warehouse,LPT-10197,dev 44311,active,27-Dec-2025 08:51:51,,MANAGER726
EMP12327,FORUM.KAUR45,Forum Kaur,accounts,Consultant,warehouse,WS-12327,dev 96412,open,2021-12-29 23:22:36,NA,manager254
EMP10293,,Hamsini Nair,call_center,Engineer,warehouse,VDR-10293,DEV32227,active,06-10-2021 02:57:59 PM,,manager408
EMP10766,vedika_kala75,Vedika Kala,sales,Engineer,,WS-10766,dev 45043,active,,NA,manager164
EMP10400,hemang.rana70,Hemang Rana,legal,Executive,remote,WS-10400,DEV-58418,active,05-18-2020 02:52:44 PM,,  manager576  
EMP10122,osha.chakraborty87,Osha Chakraborty,legal,Officer,remote,LPT-10122,dev 61717,active,2024-07-25 01:43:53,,manager477
EMP10202,adweta.bera51,Adweta Bera,research_development,Officer,data_center,WS-10202,DEV85353,active,1662938267,NA,manager560
EMP10835,samesh.amble26,Samesh Amble,legal,Director,remote,VDR-10835,,active,29/06/2026 22:22,not available,manager119
EMP12294,,Avni Bhagat,legal,Trainee,work_from_home,LPT-12294,DEV-60222,active,,,NA
EMP11439,bhavya.morar24,Bhavya Morar,research_development,Executive,data_center,VDR-11439,DEV52335,open,,not available,manager134
EMP11733,  vivaan.sagar91  ,Vivaan Sagar,marketing,Trainee,branch_office,,dev13199,active,07/08/2021 07:30,not available,MANAGER558
EMP11695,fiyaz.mishra48,Fiyaz Mishra,finance,Consultant,warehouse,WS-11695,dev18273,open,2023-02-23T13:50:05,NA,manager314
EMP12776,ABEER.BHATT30,Abeer Bhatt,information_technology,Administrator,regional_office,VDR-12776,dev 19269,active,02/01/2021,NA,manager628
EMP11707,hemal_rama76,Hemal Rama,accounts,Consultant,head_office,LPT-11707,dev 16871,terminated,09-12-2024 06:59:15 PM,31/12/2024,manager837
EMP12999,girik.upadhyay76,Girik Upadhyay,people_team,Analyst,head_office,WS-12999,DEV-96003,terminated,2021/05/16,,manager642
EMP11153,zehaan.ahluwalia27,Zehaan Ahluwalia,research_development,Engineer,remote,WS-11153,,active,2026-05-28 04:07:16,,manager556
EMP11661,  rachana.badami21  ,Rachana Badami,finance,Executive,data_center,LPT-11661,DEV-79770,terminated,,10-31-2025 07:58:25 PM,manager816
EMP12432,  bhavika.mangat15  ,Bhavika Mangat,support,Analyst,head_office,LPT-12432,,active,2020-03-06 01:09:30,,manager863
EMP11759,gautami.chaudhary73,Gautami Chaudhary,information_technology,Trainee,data_center,WS-11759,,active,19-Jun-2024 15:54:09,,unknown
EMP10854,upkaar_pathak71,Upkaar Pathak,operations,Trainee,regional_office,LPT-10854,dev16828,open,24/07/2021,,  manager910  
EMP11589,gaurangi.patel7,Gaurangi Patel,operations,Trainee,,VDR-11589,DEV44494,active,,not available,manager889
EMP12267,nandini.sabharwal70,Nandini Sabharwal,cs,Director,warehouse,WS-12267,,open,28-Dec-2020 09:55:28,not available,  manager502  
EMP10641,qadim.kari79,Qadim Kari,research_development,Consultant,work_from_home,,dev 42346,active,2020-05-09 22:47:35,not available,manager944
EMP10001,  anjali.sandal70  ,Anjali Sandal,people_team,Specialist,data_center,LPT-10001,,open,,NA,manager127
EMP12160,  ladli.chanda88  ,Ladli Chanda,information_technology,Engineer,work_from_home,VDR-12160,,active,21/09/2024,NA,NA
EMP10698,YASHVI.KORPAL54,Yashvi Korpal,research_development,Specialist,data_center,VDR-10698,dev 33566,open,10-Aug-2023 17:01:42,,manager560
EMP11636,yasti.wagle42,Yasti Wagle,finance,Administrator,regional_office,VDR-11636,dev 62193,active,08/06/2022,,MANAGER683
EMP11291,gayathri.cherian73,Gayathri Cherian,innovation,Consultant,work_from_home,LPT-11291,dev 25917,active,26/09/2025 07:52,not available,manager834
EMP12941,sarthak.aggarwal71,Sarthak Aggarwal,sales,Director,,WS-12941,,active,2020/10/18,,manager563
EMP12489,ronith.toor73,Ronith Toor,human_resources,Consultant,,VDR-12489,,open,2022/05/17,not available,unknown
EMP11520,kevin.vig54,Kevin Vig,marketing_dept,Engineer,,WS-11520,dev 49795,active,2022-08-09T10:20:30,,manager462
EMP11853,falak.konda81,Falak Konda,operations,Consultant,work_from_home,VDR-11853,dev 58892,active,20/11/2020 23:20,NA,manager944
EMP11136,chaman_ravi35,Chaman Ravi,operations,Administrator,remote,VDR-11136,dev 64797,open,,not available,manager100
EMP12984,krish.nair87,Krish Nair,customer_care,Manager,head_office,WS-12984,DEV-77537,open,28/11/2025 03:58,not available,manager129
EMP11631,  libni.ahuja85  ,Libni Ahuja,operations,Executive,data_center,LPT-11631,dev58730,terminated,02-Jun-2023 20:12:56,2024-01-08T22:02:03,MANAGER736
EMP11998,nakul.sastry75,Nakul Sastry,research_development,Director,regional_office,LPT-11998,,active,2021/11/16,not available,manager376
EMP10663,urmi.dixit82,Urmi Dixit,sales,Analyst,regional_office,LPT-10663,DEV46913,open,29/07/2020,NA,manager618
EMP10683,shaurya.saini86,Shaurya Saini,operations,Consultant,data_center,WS-10683,DEV13966,active,1608139689,,manager572
EMP11257,  kala.cheema20  ,Kala Cheema,cs,Manager,branch_office,LPT-11257,dev57663,active,11-06-2023 03:46:01 PM,NA,
EMP10317,girik.merchant23,Girik Merchant,customer_support,Executive,data_center,WS-10317,dev28388,open,02-Nov-2023 05:04:11,NA,manager986
EMP10648,  tripti.karpe21  ,Tripti Karpe,human_resources,Manager,head_office,VDR-10648,dev 68903,open,09-22-2020 12:55:01 AM,NA,manager493
EMP11434,TANMAYI.CHERIAN36,Tanmayi Cherian,finance,Specialist,remote,WS-11434,,blocked,27/04/2022 13:23,,  manager402  
EMP11479,patrick.dewan49,Patrick Dewan,support,Executive,,,DEV-26186,open,09/11/2021 06:01,NA,manager213
EMP10709,christopher.rajagopal44,Christopher Rajagopal,human_resources,Executive,,LPT-10709,dev 75004,active,06/07/2023 23:37,not available,
EMP11282,jason.doshi92,Jason Doshi,marketing,Executive,regional_office,LPT-11282,,active,07/09/2020 18:45,not available,manager132
EMP11768,anvi.mukherjee10,Anvi Mukherjee,procurement,Executive,branch_office,VDR-11768,dev64199,inactive,28/01/2023 19:59,,NA
EMP10972,zaitra.hayre49,Zaitra Hayre,operations,Manager,work_from_home,LPT-10972,DEV18126,terminated,2023-10-04 23:49:29,2026/05/10,  manager167  
EMP12675,ronith.madan37,Ronith Madan,sales,Specialist,branch_office,LPT-12675,DEV-35263,terminated,04/07/2022,07/03/2024,NA
EMP12680,RANVEER.GOKHALE2,Ranveer Gokhale,legal,Executive,,WS-12680,,active,2021/09/23,,unknown
EMP11306,,Xalak Swamy,operations,Engineer,work_from_home,VDR-11306,DEV41013,active,24-Jun-2021 14:13:41,,manager493
EMP11400,  vrishti.nadig44  ,Vrishti Nadig,accounts,Analyst,remote,VDR-11400,DEV84096,active,2020-01-18 07:27:41,,MANAGER314
EMP11408,  balendra.dixit9  ,Balendra Dixit,information_technology,Administrator,regional_office,LPT-11408,,active,1722182999,,  manager196  
EMP12237,,Guneet Zacharia,supply_chain,Director,branch_office,,DEV-34009,open,11/07/2022 00:46,NA,MANAGER902
EMP11496,veda_gala19,Veda Gala,sales,Trainee,branch_office,WS-11496,DEV-22730,active,25-Nov-2025 07:13:07,,manager826
EMP12038,jagvi.morar29,Jagvi Morar,sales,Consultant,,VDR-12038,,open,25/11/2021,,NA
EMP11529,chakradhar.basak98,Chakradhar Basak,brand_team,Officer,warehouse,WS-11529,,active,07-20-2026 12:20:36 AM,NA,manager904
EMP11663,jagrati.bava61,Jagrati Bava,legal,Trainee,,LPT-11663,DEV-86831,active,30-Jan-2023 21:19:35,NA,unknown
EMP11354,vedika.de89,Vedika De,sales,Trainee,regional_office,,dev 57432,active,2024/10/07,not available,manager470
EMP12254,harini.ram37,Harini Ram,procurement,Engineer,remote,VDR-12254,dev 11599,active,2024-12-03T19:44:41,NA,manager384
EMP11665,oni_goda48,Oni Goda,human_resources,Executive,branch_office,VDR-11665,dev49335,active,2021-04-09 10:29:03,,manager909
EMP11643,odika.varughese57,Odika Varughese,human_resources,Engineer,warehouse,VDR-11643,,open,2021-03-21 09:57:13,,manager425
EMP11051,yamini.thakur93,Yamini Thakur,operations,Officer,regional_office,WS-11051,DEV-93228,open,2025-12-03 19:28:46,not available,manager494
EMP10795,aditya.nagarajan68,Aditya Nagarajan,people_team,Officer,branch_office,VDR-10795,,active,03-Feb-2025 06:58:00,not available,NA
EMP12693,shaurya.gade38,Shaurya Gade,legal,Administrator,,VDR-12693,,active,2023-01-21T05:39:17,,manager643
EMP11597,isha.bhargava57,Isha Bhargava,information_technology,Engineer,warehouse,LPT-11597,DEV97493,on_leave,22/03/2020 21:29,NA,manager953
EMP12604,,Aachal Balan,marketing,Officer,work_from_home,VDR-12604,,open,06-29-2024 04:03:47 AM,,manager700
EMP12729,,Bhavani More,call_center,Engineer,branch_office,LPT-12729,DEV-61951,active,29-Sep-2023 03:08:07,NA,manager122
EMP12625,  caleb.loke19  ,Caleb Loke,human_resources,Consultant,head_office,VDR-12625,dev25130,inactive,2022-07-15 10:47:29,09/03/2024,manager591
EMP11819,nitara.dass84,Nitara Dass,legal,Manager,warehouse,WS-11819,dev 56500,inactive,1725907602,07-16-2026 11:11:49 AM,
EMP11722,JYOTI.GABA89,Jyoti Gaba,sales_dept,Specialist,work_from_home,WS-11722,DEV-57308,active,05/07/2025 17:42,not available,manager680
EMP11183,azaan.nigam47,Azaan Nigam,procurement,Consultant,head_office,LPT-11183,DEV46989,active,26-Nov-2020 18:34:18,,manager711
EMP12572,nathan.wali44,Nathan Wali,mktg,Officer,,LPT-12572,dev 81776,open,03-12-2022 02:51:37 PM,not available,manager141
EMP11059,wridesh.dass37,Wridesh Dass,legal,Executive,,WS-11059,dev34431,active,2021/09/07,not available,manager614
EMP10540,zinal.samra91,Zinal Samra,human_resources,Manager,warehouse,WS-10540,,terminated,17-Dec-2022 11:51:46,06/06/2026 08:27,manager720
EMP11678,alka_tata42,Alka Tata,customer_support,Engineer,data_center,LPT-11678,dev74920,open,1627783211,,manager849
EMP12796,charvi.krishnan2,Charvi Krishnan,procurement,Engineer,work_from_home,LPT-12796,dev50826,active,1661523765,,  manager382  
EMP12974,adweta.grewal52,Adweta Grewal,operations,Consultant,warehouse,LPT-12974,dev 45063,active,26/04/2023 22:58,not available,NA
EMP12532,advaith.kumar2,Advaith Kumar,supply_chain,Analyst,,LPT-12532,DEV-55758,active,2025/06/01,not available,
EMP11757,yashvi.sanghvi32,Yashvi Sanghvi,information_technology,Director,work_from_home,VDR-11757,,terminated,2026-07-27 22:59:28,11/08/2026 15:10,manager448
EMP11923,jatin.bansal55,Jatin Bansal,finance,Specialist,work_from_home,WS-11923,DEV46592,active,2025/02/26,not available,manager851
EMP10095,pranav.apte61,Pranav Apte,operations,Director,remote,WS-10095,dev 97835,open,14/05/2021,NA,manager810
EMP11020,yochana.johal10,Yochana Johal,human_resources,Officer,work_from_home,WS-11020,dev 63752,active,2022-02-24 07:38:42,,manager145
EMP10563,unnati.rau74,Unnati Rau,legal,Manager,head_office,LPT-10563,dev55039,active,11-Sep-2022 12:09:15,NA,manager827
EMP12790,chaman.acharya41,Chaman Acharya,people_team,Analyst,regional_office,WS-12790,,open,10/06/2026 02:09,NA,manager905
EMP10863,benjamin.rajan54,Benjamin Rajan,finance,Director,,LPT-10863,DEV13771,open,03-24-2022 09:10:59 AM,not available,manager561
EMP11484,,Waida Dyal,innovation,Executive,,LPT-11484,dev60246,active,22-Jul-2023 23:47:16,not available,NA
EMP12939,DHRUV.NARAIN96,Dhruv Narain,legal,Engineer,remote,LPT-12939,DEV14203,active,2021-02-01T16:48:53,,manager815
EMP11881,nidra_nagar68,Nidra Nagar,supply_chain,Specialist,,LPT-11881,,active,,,NA
EMP11038,samaksh.acharya5,Samaksh Acharya,sales,Specialist,,VDR-11038,DEV-53082,active,2022-09-13 13:23:55,not available,manager878
EMP10206,mitali.raja39,Mitali Raja,procurement,Officer,head_office,VDR-10206,DEV-94015,active,09/12/2024,not available,manager774
EMP10392,gaurav.dey45,Gaurav Dey,customer_support,Director,head_office,WS-10392,dev 85766,active,04/11/2025,,manager562
EMP12842,ISAAC.RAJ84,Isaac Raj,finance,Analyst,branch_office,LPT-12842,DEV99916,active,,,manager805
EMP10870,ucchal.pingle64,Ucchal Pingle,marketing_dept,Consultant,data_center,WS-10870,dev 44500,active,24-Jun-2026 02:19:17,not available,NA
EMP10397,kala.jani71,Kala Jani,research_development,Executive,head_office,WS-10397,dev 10500,open,,not available,
EMP12814,harini.tandon3,Harini Tandon,finance,Consultant,data_center,VDR-12814,dev68775,active,04-21-2023 06:53:02 AM,NA,manager149
EMP12968,guneet.dewan24,Guneet Dewan,support,Director,head_office,LPT-12968,DEV-30751,active,2025-01-31T00:06:18,,manager952
EMP11028,aditya.anne26,Aditya Anne,human_resources,Analyst,data_center,LPT-11028,dev11908,open,2021-08-19 23:52:40,not available,manager164
EMP12690,oviya.ganguly15,Oviya Ganguly,procurement,Executive,regional_office,LPT-12690,DEV-49650,active,09/02/2024,NA,manager541
EMP11485,harita.patel53,Harita Patel,sales,Analyst,warehouse,LPT-11485,,active,12/04/2024 21:20,,unknown
EMP12660,girik.bhat27,Girik Bhat,finance,Director,work_from_home,WS-12660,,open,05-18-2022 09:10:57 PM,not available,  manager329  
EMP10960,mason.rao36,Mason Rao,operations,Engineer,head_office,VDR-10960,dev 91951,active,08-Feb-2026 03:45:29,not available,manager605
EMP11570,xavier.hayre29,Xavier Hayre,finance,Officer,,,DEV-36502,active,2023-05-30T11:14:44,not available,manager634
EMP12773,,Arya Som,procurement,Engineer,,WS-12773,DEV-36233,open,2026/05/06,NA,manager882
EMP11895,  ayushman.dave16  ,Ayushman Dave,operations,Consultant,data_center,WS-11895,DEV-96444,open,05-04-2022 02:18:09 PM,NA,manager306
EMP12731,shivansh.mani61,Shivansh Mani,procurement,Administrator,,LPT-12731,,open,09-May-2024 10:05:08,,manager762
EMP12146,ranbir.om18,Ranbir Om,marketing,Director,data_center,,dev79102,open,2024-11-23T19:03:00,not available,MANAGER122
EMP10804,janya.sinha66,Janya Sinha,procurement,Analyst,,LPT-10804,DEV-43162,open,26/07/2022 04:20,not available,manager872
EMP11751,abhimanyu.edwin12,Abhimanyu Edwin,research_development,Administrator,warehouse,LPT-11751,,open,1769931490,NA,manager196
EMP12454,  arunima.khare25  ,Arunima Khare,procurement,Officer,work_from_home,,dev 24751,open,23/01/2022 12:29,not available,manager569
EMP10502,JAGDISH.PANCHAL9,Jagdish Panchal,marketing_dept,Manager,branch_office,VDR-10502,DEV-86099,active,24-Oct-2022 22:02:00,not available,manager787
EMP10779,  qabil.bhavsar61  ,Qabil Bhavsar,mktg,Specialist,regional_office,LPT-10779,DEV-84086,open,2023-10-05T13:46:40,not available,manager215
EMP11863,,Chandresh Chakrabarti,information_technology,Director,head_office,WS-11863,DEV94783,active,,not available,manager232
EMP10200,yashoda.lad92,Yashoda Lad,finance,Consultant,warehouse,LPT-10200,dev25907,on_leave,07-Mar-2021 11:24:36,,manager605
EMP12182,ojas.din58,Ojas Din,research_development,Director,work_from_home,LPT-12182,,active,06-27-2025 03:31:30 AM,,MANAGER860
EMP12088,timothy.chad15,Timothy Chad,procurement,Manager,head_office,LPT-12088,DEV60145,active,2021/02/06,not available,unknown
EMP12278,LIAM.GODA44,Liam Goda,sales,Trainee,,VDR-12278,DEV89150,inactive,27-Jul-2020 16:27:51,2023-10-07 03:07:43,manager258
EMP11796,  teerth.sura19  ,Teerth Sura,human_resources,Specialist,work_from_home,VDR-11796,dev 99558,active,09/06/2023 04:53,not available,manager421
EMP10378,FALGUNI.GERA65,Falguni Gera,operations_dept,Director,remote,LPT-10378,dev 13416,open,11-Nov-2021 11:19:45,,manager930
EMP12336,yatin.patla20,Yatin Patla,operations,Officer,,VDR-12336,,active,,,
EMP10418,jairaj.arora48,Jairaj Arora,research_development,Specialist,,LPT-10418,dev 72204,active,12-22-2022 03:59:18 PM,not available,MANAGER957
EMP11698,mahika.sarraf31,Mahika Sarraf,sales_dept,Trainee,warehouse,WS-11698,dev12542,active,23-Oct-2020 23:09:34,NA,manager251
EMP10391,chaman.bhakta14,Chaman Bhakta,information_technology,Analyst,data_center,WS-10391,dev65004,on_leave,07-10-2023 07:30:22 AM,,MANAGER487
EMP12640,rajeshri_trivedi41,Rajeshri Trivedi,brand_team,Engineer,warehouse,LPT-12640,dev 34341,terminated,2022/07/10,2026-02-04 22:37:47,manager966
EMP11522,gunbir.rajagopal8,Gunbir Rajagopal,legal,Consultant,,LPT-11522,dev69885,active,2020/03/01,NA,NA
EMP11162,JASMIT.KEER54,Jasmit Keer,finance,Analyst,branch_office,LPT-11162,dev39710,active,2021-04-02T21:11:21,not available,manager393
EMP11495,darpan.morar14,Darpan Morar,finance,Administrator,,VDR-11495,dev24651,open,,NA,manager447
EMP12695,sai.mann23,Sai Mann,information_technology,Officer,,WS-12695,DEV-73210,active,20/12/2024 23:33,not available,NA
EMP12027,bhavika.mall58,Bhavika Mall,marketing,Director,work_from_home,,DEV-90481,active,2025-05-04 13:34:35,not available,manager572
EMP11152,tanmayi.dara69,Tanmayi Dara,supply_chain,Manager,regional_office,VDR-11152,DEV60067,terminated,10-Mar-2022 13:02:46,NA,MANAGER664
EMP11367,unnati.sane95,Unnati Sane,sales_team,Director,warehouse,WS-11367,dev85384,terminated,03/09/2022 16:55,2023-11-20T02:42:29,manager394
EMP12568,netra_kumar59,Netra Kumar,sales,Specialist,head_office,VDR-12568,DEV-10632,active,1717716442,not available,MANAGER896
EMP10064,onveer.seshadri42,Onveer Seshadri,operations,Director,,WS-10064,DEV43065,inactive,,,MANAGER458
EMP12062,manan.bhattacharyya67,Manan Bhattacharyya,sales_dept,Director,remote,WS-12062,DEV-30991,active,13/09/2024 07:43,,manager124
EMP11180,frederick_cheema35,Frederick Cheema,human_resources,Officer,data_center,LPT-11180,,open,,NA,manager288
EMP10492,anamika.mutti95,Anamika Mutti,legal,Manager,regional_office,VDR-10492,dev30152,active,05-Feb-2026 05:34:24,NA,manager189
EMP10379,tejas.nagy36,Tejas Nagy,information_technology,Trainee,warehouse,WS-10379,DEV86544,on_leave,10/05/2021,NA,manager772
EMP12235,pahal_pingle94,Pahal Pingle,human_resources,Specialist,work_from_home,VDR-12235,dev 77458,terminated,1705111425,1746833626,unknown
EMP10763,nitesh.sekhon11,Nitesh Sekhon,procurement,Consultant,regional_office,LPT-10763,DEV77467,terminated,27/09/2025,10-17-2025 02:22:09 AM,manager474
EMP12264,yoshita.kaur51,Yoshita Kaur,finance,Administrator,,WS-12264,DEV80416,active,13/12/2024 13:29,NA,manager291
EMP10791,ishani.date54,Ishani Date,finance,Trainee,regional_office,VDR-10791,dev42079,active,2026-07-03T21:32:00,not available,manager168
EMP11076,bina.rana72,Bina Rana,compliance,Engineer,,,dev 25163,open,2020-12-12T01:16:59,,MANAGER858
EMP10878,  irya.manda85  ,Irya Manda,research_development,Trainee,regional_office,WS-10878,,open,20/10/2022 11:51,NA,
EMP10337,lucky.balakrishnan2,Lucky Balakrishnan,information_technology,Consultant,work_from_home,LPT-10337,DEV65353,active,24/01/2024 03:54,not available,manager492
EMP12767,pahal.chokshi86,Pahal Chokshi,finance,Executive,,LPT-12767,,active,2024-06-17 08:41:49,not available,manager269
EMP12343,anamika.anne36,Anamika Anne,research_development,Analyst,remote,WS-12343,DEV-42955,open,2021-06-25 11:15:02,NA,
EMP11016,neel.joshi63,Neel Joshi,innovation,Trainee,,LPT-11016,dev21941,open,2023-11-18 16:41:16,not available,manager962
EMP11275,DHRITI.HEGDE74,Dhriti Hegde,legal,Consultant,branch_office,VDR-11275,DEV-21701,active,2023-03-19 17:11:18,,manager380
EMP10455,aarnav.sanghvi57,Aarnav Sanghvi,information_technology,Manager,remote,VDR-10455,,open,10-07-2025 06:02:38 AM,,manager861
EMP10815,samesh.padmanabhan9,Samesh Padmanabhan,operations,Engineer,,LPT-10815,DEV-87982,blocked,2023-06-10 01:58:31,30/03/2025 20:05,manager385
EMP12317,zilmil.kara36,Zilmil Kara,operations,Executive,branch_office,WS-12317,dev 96237,active,,NA,MANAGER617
EMP10995,triveni.keer58,Triveni Keer,sales,Director,branch_office,,dev65708,terminated,,26/08/2026 12:31,  manager663  
EMP11981,logan.nagi59,Logan Nagi,human_resources,Officer,remote,LPT-11981,dev80158,inactive,1733335979,2026-02-19 12:41:37,manager438
EMP10201,warhi.sharma4,Warhi Sharma,operations,Officer,,WS-10201,,inactive,09-09-2024 09:46:37 PM,07-28-2026 05:19:31 PM,manager416
EMP10161,timothy.hegde37,Timothy Hegde,human_resources,Manager,warehouse,VDR-10161,,active,2024/12/08,NA,manager910
EMP11579,naksh.sekhon89,Naksh Sekhon,research_development,Administrator,branch_office,VDR-11579,DEV23506,active,2026-03-23T11:55:42,NA,manager713
EMP12777,yamini.lal74,Yamini Lal,research_development,Consultant,branch_office,VDR-12777,dev81246,active,2020/04/13,,manager653
EMP12449,azad.natarajan76,Azad Natarajan,procurement,Executive,remote,WS-12449,dev 39296,open,2025-09-16 05:30:05,,  manager751  
EMP10702,anjali.merchant97,Anjali Merchant,marketing,Trainee,,LPT-10702,dev 78597,terminated,01/10/2020 19:02,2026/02/12,manager784
EMP11500,falak.bhattacharyya87,Falak Bhattacharyya,brand_team,Executive,regional_office,VDR-11500,DEV-26849,active,27/06/2022,not available,
EMP11129,anay.barad50,Anay Barad,finance,Manager,head_office,LPT-11129,DEV26531,active,02/04/2024,,manager800
EMP12613,JAGDISH.SINHA46,Jagdish Sinha,procurement,Analyst,regional_office,VDR-12613,DEV43865,active,2025-07-06T07:26:20,,MANAGER751
EMP11021,gaurika.raman60,Gaurika Raman,information_technology,Manager,regional_office,VDR-11021,DEV98555,open,30-Mar-2023 05:01:08,,manager508
EMP11585,,Ekantika Natarajan,sales,Consultant,warehouse,VDR-11585,DEV89142,active,,NA,  manager140  
EMP11955,ronith.narayan29,Ronith Narayan,accounts,Manager,,LPT-11955,,open,,,manager906
EMP12253,hitesh.dani91,Hitesh Dani,supply_chain,Consultant,regional_office,LPT-12253,dev 40225,active,07-23-2020 07:38:03 AM,not available,  manager502  
EMP10034,lajita.varkey45,Lajita Varkey,human_resources,Engineer,remote,WS-10034,dev 30676,open,2024-08-14 17:16:00,,manager726
EMP10775,vamakshi.chacko24,Vamakshi Chacko,finance,Executive,branch_office,LPT-10775,DEV-25324,active,,NA,manager551
EMP12556,siya.baria89,Siya Baria,operations,Specialist,,,dev24673,open,,not available,manager688
EMP11478,rudra.chakrabarti73,Rudra Chakrabarti,legal,Director,work_from_home,LPT-11478,dev47209,active,03-04-2024 05:29:05 PM,NA,NA
EMP10251,aarini.memon10,Aarini Memon,information_technology,Director,remote,VDR-10251,dev 18357,active,2020-07-06 04:59:07,,unknown
EMP11390,lakshmi_madan63,Lakshmi Madan,information_technology,Executive,,WS-11390,DEV-13177,active,2026-07-27 19:11:08,NA,manager134
EMP12139,wridesh.jha71,Wridesh Jha,sales,Executive,data_center,WS-12139,dev98367,terminated,16-Nov-2025 15:30:29,2026-02-11T16:33:27,manager486
EMP11363,chatura.sankar90,Chatura Sankar,accounts,Executive,regional_office,VDR-11363,DEV76764,active,01-25-2020 04:23:52 AM,,manager478
EMP12945,  ekapad.dass17  ,Ekapad Dass,compliance,Engineer,head_office,VDR-12945,DEV86618,inactive,2023-01-13 05:47:30,07/10/2025,manager727
EMP12612,advay.dani76,Advay Dani,research_development,Officer,data_center,LPT-12612,dev23757,on_leave,11/06/2026,27/06/2026 02:32,unknown
EMP12824,dominic.borde50,Dominic Borde,operations_dept,Consultant,warehouse,LPT-12824,DEV-47144,terminated,05-29-2022 05:16:25 AM,17/10/2025,NA
EMP12041,advaith.choudhary34,Advaith Choudhary,sales,Analyst,branch_office,WS-12041,DEV-92329,active,2025/09/29,,NA
EMP10241,varenya.narain82,Varenya Narain,legal,Director,warehouse,WS-10241,,active,23/10/2020,NA,MANAGER243
EMP12061,harish.sura83,Harish Sura,information_technology,Administrator,warehouse,LPT-12061,dev17731,active,2020-01-26 05:05:13,NA,NA
EMP12363,peter.sampath76,Peter Sampath,research_development,Analyst,branch_office,WS-12363,,active,2024/07/01,,manager523
EMP10600,PALLAVI.DESHPANDE10,Pallavi Deshpande,marketing,Manager,branch_office,VDR-10600,dev22729,open,2021-12-18 17:57:02,not available,  manager294  
EMP12435,vasana.pandey31,Vasana Pandey,call_center,Analyst,remote,VDR-12435,dev31212,terminated,28-Mar-2025 16:08:49,10-Jun-2026 04:13:09,
EMP11297,zansi.sodhi24,Zansi Sodhi,finance,Engineer,branch_office,VDR-11297,,active,2024-02-01 18:10:35,NA,manager783
EMP12214,samuel.acharya59,Samuel Acharya,people_team,Specialist,data_center,WS-12214,,active,2022/01/05,not available,manager189
EMP12888,  mekhala.jani12  ,Mekhala Jani,operations,Officer,warehouse,LPT-12888,DEV-53532,active,11/03/2025,,unknown
EMP12068,fariq_dayal84,Fariq Dayal,procurement,Executive,work_from_home,LPT-12068,DEV52706,active,27/04/2021,not available,manager680
EMP10646,nirja.rau58,Nirja Rau,people_team,Officer,,LPT-10646,DEV86735,terminated,02-Dec-2025 18:01:56,04-May-2026 09:40:46,manager561
EMP11528,udyati_thaker20,Udyati Thaker,procurement,Administrator,warehouse,LPT-11528,,active,31/01/2022,,MANAGER659
EMP12879,nirja_mani53,Nirja Mani,sales,Analyst,,WS-12879,,active,10-21-2021 03:51:10 AM,NA,manager521
EMP11267,indira.tella80,Indira Tella,research_development,Administrator,work_from_home,VDR-11267,dev 41276,active,2025-10-18 04:02:04,NA,manager291
EMP11899,rayaan.srinivas61,Rayaan Srinivas,customer_support,Manager,warehouse,WS-11899,,active,2021-11-27T22:11:37,NA,manager804
EMP10562,manan.desai49,Manan Desai,procurement,Administrator,,,dev 28985,terminated,13-Jun-2025 05:09:19,,manager727
EMP12418,warda.dua80,Warda Dua,marketing_dept,Executive,head_office,WS-12418,dev59411,open,22/08/2025 15:09,NA,manager626
EMP12734,xavier.kade65,Xavier Kade,research_development,Director,head_office,VDR-12734,dev51276,inactive,04/06/2025 04:54,21/06/2025 05:17,
EMP11117,yagnesh.bhardwaj90,Yagnesh Bhardwaj,call_center,Consultant,branch_office,VDR-11117,,on_leave,,,manager143
EMP10189,kai.sastry56,Kai Sastry,legal,Trainee,data_center,WS-10189,DEV34486,active,2024/03/25,,manager916
EMP11806,shivansh.goyal35,Shivansh Goyal,finance,Officer,head_office,WS-11806,,active,02-24-2026 10:20:02 PM,NA,  manager646  
EMP10975,azad.baral80,Azad Baral,people_team,Consultant,,VDR-10975,dev13404,active,16/10/2022 15:53,not available,manager210
EMP12747,chanakya.keer83,Chanakya Keer,brand_team,Engineer,regional_office,LPT-12747,dev55054,terminated,2024-06-27 12:27:27,09-15-2024 11:53:22 PM,manager766
EMP12047,tamanna.mital68,Tamanna Mital,human_resources,Specialist,warehouse,WS-12047,,open,2026-03-25T19:17:29,not available,NA
EMP12558,nidra.vasa97,Nidra Vasa,marketing,Specialist,work_from_home,VDR-12558,DEV-64214,active,2024-09-23T10:33:31,not available,manager999
EMP11082,om_jain49,Om Jain,information_technology,Consultant,branch_office,VDR-11082,dev 37605,inactive,,05-12-2022 02:11:31 PM,NA
EMP10474,ekani.wadhwa15,Ekani Wadhwa,operations_dept,Officer,,VDR-10474,DEV-84794,terminated,01-15-2026 06:39:21 AM,2026/08/10,manager967
EMP12904,charan.narang96,Charan Narang,sales_team,Trainee,warehouse,LPT-12904,DEV56234,active,2022/09/22,NA,MANAGER159
EMP10747,yashica.patla7,Yashica Patla,operations_dept,Administrator,branch_office,WS-10747,DEV42949,open,14/06/2026,,manager206
EMP12300,jeevika.bhardwaj87,Jeevika Bhardwaj,customer_care,Officer,regional_office,LPT-12300,DEV-79966,open,2025-01-19T20:41:20,NA,NA
EMP10021,alexander.sha81,Alexander Sha,information_technology,Engineer,head_office,LPT-10021,dev 53309,active,1641725682,NA,manager597
EMP10459,advika.dey22,Advika Dey,people_team,Trainee,remote,LPT-10459,dev53371,on_leave,1591352716,NA,manager663
EMP11184,IRA.TRIPATHI2,Ira Tripathi,mktg,Engineer,,LPT-11184,DEV-93674,terminated,16/01/2022 16:41,2022/06/05,manager909
EMP12324,krishna.panchal99,Krishna Panchal,sales,Director,warehouse,VDR-12324,DEV21382,active,1621988638,NA,
EMP10955,janya.kuruvilla44,Janya Kuruvilla,marketing,Trainee,remote,LPT-10955,DEV-96805,on_leave,,NA,manager713
EMP11215,gopal.nath97,Gopal Nath,procurement,Officer,head_office,VDR-11215,dev68209,active,,NA,MANAGER972
EMP12433,osha_dora22,Osha Dora,information_technology,Analyst,head_office,WS-12433,DEV35782,active,2024/08/02,,manager657
EMP12853,ADVIKA.THAKUR47,Advika Thakur,support,Executive,,WS-12853,,open,11-03-2024 08:44:16 AM,not available,NA
EMP11515,  yashoda.kalita15  ,Yashoda Kalita,finance,Trainee,head_office,WS-11515,dev76787,active,21/05/2021,,manager878
EMP12391,pooja.iyengar59,Pooja Iyengar,operations_dept,Analyst,data_center,WS-12391,,open,2025-03-09 04:28:39,NA,manager868
EMP10769,,Aashi Joshi,brand_team,Manager,head_office,LPT-10769,DEV-46168,open,,,  manager995  
EMP11685,zaid.kata76,Zaid Kata,operations,Specialist,regional_office,LPT-11685,DEV84606,active,18-Sep-2022 07:08:04,,
EMP10130,arjun.deol3,Arjun Deol,information_technology,Consultant,branch_office,LPT-10130,dev84000,active,2026-07-05 06:16:08,not available,  manager700  
EMP12919,baghyawati.boase84,Baghyawati Boase,human_resources,Executive,branch_office,VDR-12919,,inactive,2021-09-08 13:39:41,2025-06-18 22:26:00,manager742
EMP12135,arunima.sharaf86,Arunima Sharaf,human_resources,Executive,work_from_home,LPT-12135,dev59840,active,1658248162,NA,manager193
EMP11482,simon.srinivasan98,Simon Srinivasan,operations,Officer,warehouse,VDR-11482,DEV61402,active,06-09-2023 01:53:08 AM,,manager575
EMP10330,madhavi.saraf42,Madhavi Saraf,procurement,Analyst,work_from_home,VDR-10330,dev22208,active,25/11/2023 08:27,,manager814
EMP11238,brinda.kade46,Brinda Kade,operations_dept,Manager,data_center,LPT-11238,DEV14424,on_leave,2022/02/25,NA,manager400
EMP10466,tanvi.mane92,Tanvi Mane,legal,Manager,remote,VDR-10466,DEV35679,active,2023/05/05,NA,manager944
EMP12169,banjeet.bains78,Banjeet Bains,operations,Engineer,head_office,LPT-12169,dev 98508,open,,NA,manager255
EMP11638,daniel.kala5,Daniel Kala,research_development,Trainee,head_office,LPT-11638,DEV-39968,active,04-20-2023 04:08:16 PM,NA,manager880
EMP11095,nicholas.sur69,Nicholas Sur,cs,Trainee,head_office,VDR-11095,dev 86640,active,2025-07-17T18:19:24,NA,MANAGER871
EMP11130,radhika.sampath31,Radhika Sampath,information_technology,Consultant,data_center,VDR-11130,dev11052,open,2022-06-18 08:11:46,,manager184
EMP11294,forum.gala78,Forum Gala,human_resources,Officer,head_office,LPT-11294,DEV-36777,open,17-Mar-2020 14:30:46,NA,NA
EMP10860,alexander.d’alia12,Alexander D’Alia,operations,Executive,warehouse,LPT-10860,dev 11850,open,,NA,
